{"textures":{"0":"modelengine:entity/hv_dig_fire_projectile","particle":"#0"},"elements":[{"from":[11.5,11.5,11.5],"to":[4.5,4.5,4.5],"faces":{"east":{"uv":[0.0,3.5,3.5,7.0],"tintindex":0,"rotation":0,"texture":"#0"},"south":{"uv":[3.5,0.0,7.0,3.5],"tintindex":0,"rotation":0,"texture":"#0"},"north":{"uv":[0.0,0.0,3.5,3.5],"tintindex":0,"rotation":0,"texture":"#0"},"west":{"uv":[3.5,3.5,7.0,7.0],"tintindex":0,"rotation":0,"texture":"#0"},"up":{"uv":[3.5,10.5,0.0,7.0],"tintindex":0,"rotation":0,"texture":"#0"},"down":{"uv":[10.5,0.0,7.0,3.5],"tintindex":0,"rotation":0,"texture":"#0"}}},{"from":[5.0,5.0,5.0],"to":[11.0,11.0,11.0],"faces":{"east":{"uv":[7.0,3.5,10.0,6.5],"tintindex":0,"rotation":0,"texture":"#0"},"south":{"uv":[6.5,7.0,9.5,10.0],"tintindex":0,"rotation":0,"texture":"#0"},"north":{"uv":[3.5,7.0,6.5,10.0],"tintindex":0,"rotation":0,"texture":"#0"},"west":{"uv":[9.5,6.5,12.5,9.5],"tintindex":0,"rotation":0,"texture":"#0"},"up":{"uv":[12.5,12.5,9.5,9.5],"tintindex":0,"rotation":0,"texture":"#0"},"down":{"uv":[6.5,10.0,3.5,13.0],"tintindex":0,"rotation":0,"texture":"#0"}}}],"display":{"head":{"rotation":[0.0,0.0,0.0]},"firstperson_righthand":{"rotation":[0.0,0.0,0.0]},"thirdperson_lefthand":{"rotation":[0.0,-0.0,-0.0]},"firstperson_lefthand":{"rotation":[0.0,-0.0,-0.0]},"fixed":{"rotation":[0.0,0.0,0.0]},"ground":{"rotation":[0.0,0.0,0.0]},"thirdperson_righthand":{"rotation":[0.0,0.0,0.0]},"gui":{"rotation":[-150.0,-45.0,180.0]}}}