{"textures":{"0":"modelengine:entity/hv_dig_bomb","particle":"#0"},"elements":[{"from":[4.25,8.5,4.25],"to":[11.75,10.5,11.75],"faces":{"east":{"uv":[5.3333335,4.666667,8.0,5.3333335],"tintindex":0,"rotation":0,"texture":"#0"},"south":{"uv":[6.0,0.0,8.666667,0.6666667],"tintindex":0,"rotation":0,"texture":"#0"},"north":{"uv":[4.666667,5.3333335,7.3333335,6.0],"tintindex":0,"rotation":0,"texture":"#0"},"west":{"uv":[6.0,0.6666667,8.666667,1.3333334],"tintindex":0,"rotation":0,"texture":"#0"},"up":{"uv":[5.3333335,2.6666667,2.6666667,0.0],"tintindex":0,"rotation":0,"texture":"#0"},"down":{"uv":[5.3333335,2.6666667,2.6666667,5.3333335],"tintindex":0,"rotation":0,"texture":"#0"}}},{"from":[4.25,5.5,4.25],"to":[11.75,7.5,11.75],"faces":{"east":{"uv":[5.3333335,2.6666667,8.0,3.3333335],"tintindex":0,"rotation":0,"texture":"#0"},"south":{"uv":[5.3333335,3.3333335,8.0,4.0],"tintindex":0,"rotation":0,"texture":"#0"},"north":{"uv":[2.0,5.3333335,4.666667,6.0],"tintindex":0,"rotation":0,"texture":"#0"},"west":{"uv":[5.3333335,4.0,8.0,4.666667],"tintindex":0,"rotation":0,"texture":"#0"},"up":{"uv":[2.6666667,2.6666667,0.0,0.0],"tintindex":0,"rotation":0,"texture":"#0"},"down":{"uv":[2.6666667,2.6666667,0.0,5.3333335],"tintindex":0,"rotation":0,"texture":"#0"}}}],"display":{"head":{"rotation":[0.0,0.0,0.0]},"firstperson_righthand":{"rotation":[0.0,0.0,0.0]},"thirdperson_lefthand":{"rotation":[0.0,-0.0,-0.0]},"firstperson_lefthand":{"rotation":[0.0,-0.0,-0.0]},"fixed":{"rotation":[0.0,0.0,0.0]},"ground":{"rotation":[0.0,0.0,0.0]},"thirdperson_righthand":{"rotation":[0.0,0.0,0.0]},"gui":{"rotation":[-150.0,-45.0,180.0]}}}