{"textures":{"0":"modelengine:entity/hv_dig_bomb","particle":"#0"},"elements":[{"from":[7.9,16.0,7.9],"to":[8.1,17.0,8.1],"faces":{"east":{"uv":[10.0,6.3333335,10.333334,6.666667],"tintindex":0,"rotation":0,"texture":"#0"},"south":{"uv":[10.0,6.666667,10.333334,7.0],"tintindex":0,"rotation":0,"texture":"#0"},"north":{"uv":[10.0,6.0,10.333334,6.3333335],"tintindex":0,"rotation":0,"texture":"#0"},"west":{"uv":[10.0,7.0,10.333334,7.3333335],"tintindex":0,"rotation":0,"texture":"#0"},"up":{"uv":[10.333334,7.666667,10.0,7.3333335],"tintindex":0,"rotation":0,"texture":"#0"},"down":{"uv":[10.333334,7.666667,10.0,8.0],"tintindex":0,"rotation":0,"texture":"#0"}}},{"from":[7.0,8.0,7.0],"to":[9.0,16.0,9.0],"faces":{"east":{"uv":[5.3333335,0.0,6.0,2.6666667],"tintindex":0,"rotation":0,"texture":"#0"},"south":{"uv":[0.6666667,5.3333335,1.3333334,8.0],"tintindex":0,"rotation":0,"texture":"#0"},"north":{"uv":[0.0,5.3333335,0.6666667,8.0],"tintindex":0,"rotation":0,"texture":"#0"},"west":{"uv":[1.3333334,5.3333335,2.0,8.0],"tintindex":0,"rotation":0,"texture":"#0"},"up":{"uv":[6.666667,2.0,6.0,1.3333334],"tintindex":0,"rotation":0,"texture":"#0"},"down":{"uv":[6.666667,2.0,6.0,2.6666667],"tintindex":0,"rotation":0,"texture":"#0"}}}],"display":{"head":{"rotation":[0.0,0.0,0.0]},"firstperson_righthand":{"rotation":[0.0,0.0,0.0]},"thirdperson_lefthand":{"rotation":[0.0,-0.0,-0.0]},"firstperson_lefthand":{"rotation":[0.0,-0.0,-0.0]},"fixed":{"rotation":[0.0,0.0,0.0]},"ground":{"rotation":[0.0,0.0,0.0]},"thirdperson_righthand":{"rotation":[0.0,0.0,0.0]},"gui":{"rotation":[-150.0,-45.0,180.0]}}}