{"textures":{"0":"modelengine:entity/dark_imp","particle":"#0"},"elements":[{"from":[5.4999995,0.13574696,6.0439835],"to":[10.5,9.135747,12.043983],"faces":{"east":{"uv":[8.625,7.5,9.375,8.625],"tintindex":0,"rotation":0,"texture":"#0"},"south":{"uv":[9.375,5.375,10.0,6.5],"tintindex":0,"rotation":0,"texture":"#0"},"north":{"uv":[4.75,9.375,5.375,10.5],"tintindex":0,"rotation":0,"texture":"#0"},"west":{"uv":[8.625,8.75,9.375,9.875],"tintindex":0,"rotation":0,"texture":"#0"},"up":{"uv":[3.625,4.875,3.0,4.125],"tintindex":0,"rotation":0,"texture":"#0"},"down":{"uv":[7.5,10.125,6.875,10.875],"tintindex":0,"rotation":0,"texture":"#0"}},"rotation":{"origin":[8.0,4.635747,9.043983],"angle":-22.5,"axis":"x"}}],"display":{"head":{"rotation":[0.0,0.0,0.0]},"firstperson_righthand":{"rotation":[0.0,0.0,0.0]},"thirdperson_lefthand":{"rotation":[0.0,-0.0,-0.0]},"firstperson_lefthand":{"rotation":[0.0,-0.0,-0.0]},"fixed":{"rotation":[0.0,0.0,0.0]},"ground":{"rotation":[0.0,0.0,0.0]},"thirdperson_righthand":{"rotation":[0.0,0.0,0.0]},"gui":{"rotation":[-150.0,-45.0,180.0]}}}