{"textures":{"0":"modelengine:entity/dark_imp","particle":"#0"},"elements":[{"from":[2.9200006,-4.153695,-0.44928837],"to":[11.870001,3.846305,6.550712],"faces":{"east":{"uv":[9.375,0.0,8.5,1.0],"tintindex":0,"rotation":0,"texture":"#0"},"south":{"uv":[9.125,2.375,8.0,3.375],"tintindex":0,"rotation":0,"texture":"#0"},"north":{"uv":[8.5,7.875,7.375,8.875],"tintindex":0,"rotation":0,"texture":"#0"},"west":{"uv":[5.125,1.375,4.25,2.375],"tintindex":0,"rotation":0,"texture":"#0"},"up":{"uv":[8.125,2.0,9.25,1.125],"tintindex":0,"rotation":0,"texture":"#0"},"down":{"uv":[4.75,8.375,5.875,9.25],"tintindex":0,"rotation":0,"texture":"#0"}},"rotation":{"origin":[7.3950005,-0.1536951,3.050712],"angle":-22.5,"axis":"x"}},{"from":[2.8950005,-1.4256058,2.2612839],"to":[11.895,9.574393,10.261284],"faces":{"east":{"uv":[7.25,6.875,6.25,8.25],"tintindex":0,"rotation":0,"texture":"#0"},"south":{"uv":[6.875,4.25,5.75,5.625],"tintindex":0,"rotation":0,"texture":"#0"},"north":{"uv":[1.125,5.75,0.0,7.125],"tintindex":0,"rotation":0,"texture":"#0"},"west":{"uv":[6.25,6.875,7.25,8.25],"tintindex":0,"rotation":0,"texture":"#0"},"up":{"uv":[7.25,1.0,8.375,0.0],"tintindex":0,"rotation":0,"texture":"#0"},"down":{"uv":[3.5,7.75,4.625,8.75],"tintindex":0,"rotation":0,"texture":"#0"}},"rotation":{"origin":[7.3950005,4.0743933,6.261284],"angle":22.5,"axis":"x"}}],"display":{"head":{"rotation":[0.0,0.0,0.0]},"firstperson_righthand":{"rotation":[0.0,0.0,0.0]},"thirdperson_lefthand":{"rotation":[0.0,-0.0,-0.0]},"firstperson_lefthand":{"rotation":[0.0,-0.0,-0.0]},"fixed":{"rotation":[0.0,0.0,0.0]},"ground":{"rotation":[0.0,0.0,0.0]},"thirdperson_righthand":{"rotation":[0.0,0.0,0.0]},"gui":{"rotation":[-150.0,-45.0,180.0]}}}