{"textures":{"0":"modelengine:entity/dark_imp","particle":"#0"},"elements":[{"from":[6.025,6.7680655,6.880234],"to":[9.975,11.768065,15.880235],"faces":{"east":{"uv":[9.5,7.375,10.625,8.0],"tintindex":0,"rotation":0,"texture":"#0"},"south":{"uv":[10.75,8.125,11.25,8.75],"tintindex":0,"rotation":0,"texture":"#0"},"north":{"uv":[10.75,7.375,11.25,8.0],"tintindex":0,"rotation":0,"texture":"#0"},"west":{"uv":[9.5,8.125,10.625,8.75],"tintindex":0,"rotation":0,"texture":"#0"},"up":{"uv":[3.125,10.875,2.625,9.75],"tintindex":0,"rotation":0,"texture":"#0"},"down":{"uv":[3.75,9.75,3.25,10.875],"tintindex":0,"rotation":0,"texture":"#0"}},"rotation":{"origin":[8.0,9.268065,11.380235],"angle":-22.5,"axis":"x"}}],"display":{"head":{"rotation":[0.0,0.0,0.0]},"firstperson_righthand":{"rotation":[0.0,0.0,0.0]},"thirdperson_lefthand":{"rotation":[0.0,-0.0,-0.0]},"firstperson_lefthand":{"rotation":[0.0,-0.0,-0.0]},"fixed":{"rotation":[0.0,0.0,0.0]},"ground":{"rotation":[0.0,0.0,0.0]},"thirdperson_righthand":{"rotation":[0.0,0.0,0.0]},"gui":{"rotation":[-150.0,-45.0,180.0]}}}