{"textures":{"0":"modelengine:entity/dark_imp","particle":"#0"},"elements":[{"from":[6.0,4.1591425,7.283183],"to":[10.0,9.1591425,16.283184],"faces":{"east":{"uv":[9.375,6.625,10.5,7.25],"tintindex":0,"rotation":0,"texture":"#0"},"south":{"uv":[10.75,0.0,11.25,0.625],"tintindex":0,"rotation":0,"texture":"#0"},"north":{"uv":[10.625,10.625,11.125,11.25],"tintindex":0,"rotation":0,"texture":"#0"},"west":{"uv":[9.5,0.0,10.625,0.625],"tintindex":0,"rotation":0,"texture":"#0"},"up":{"uv":[10.0,10.0,9.5,8.875],"tintindex":0,"rotation":0,"texture":"#0"},"down":{"uv":[2.5,9.75,2.0,10.875],"tintindex":0,"rotation":0,"texture":"#0"}},"rotation":{"origin":[8.0,6.6591425,11.783183],"angle":22.5,"axis":"x"}}],"display":{"head":{"rotation":[0.0,0.0,0.0]},"firstperson_righthand":{"rotation":[0.0,0.0,0.0]},"thirdperson_lefthand":{"rotation":[0.0,-0.0,-0.0]},"firstperson_lefthand":{"rotation":[0.0,-0.0,-0.0]},"fixed":{"rotation":[0.0,0.0,0.0]},"ground":{"rotation":[0.0,0.0,0.0]},"thirdperson_righthand":{"rotation":[0.0,0.0,0.0]},"gui":{"rotation":[-150.0,-45.0,180.0]}}}