{"textures":{"0":"modelengine:entity/abyssal_knight","particle":"#0"},"elements":[{"from":[3.0,-1.0,8.0],"to":[13.0,9.0,8.0],"faces":{"south":{"uv":[1.5,3.75,2.75,5.0],"tintindex":0,"rotation":0,"texture":"#0"},"north":{"uv":[2.75,3.75,1.5,5.0],"tintindex":0,"rotation":0,"texture":"#0"}}}],"display":{"head":{"rotation":[0.0,0.0,0.0]},"firstperson_righthand":{"rotation":[0.0,0.0,0.0]},"thirdperson_lefthand":{"rotation":[0.0,-0.0,-0.0]},"firstperson_lefthand":{"rotation":[0.0,-0.0,-0.0]},"fixed":{"rotation":[0.0,0.0,0.0]},"ground":{"rotation":[0.0,0.0,0.0]},"thirdperson_righthand":{"rotation":[0.0,0.0,0.0]},"gui":{"rotation":[-150.0,-45.0,180.0]}}}