{"textures":{"0":"modelengine:entity/abyssal_knight","particle":"#0"},"elements":[{"from":[2.0,1.0,7.0],"to":[14.0,10.0,9.0],"faces":{"east":{"uv":[2.5,6.5,2.75,7.625],"tintindex":0,"rotation":0,"texture":"#0"},"south":{"uv":[2.75,1.25,4.25,2.375],"tintindex":0,"rotation":0,"texture":"#0"},"north":{"uv":[0.0,2.75,1.5,3.875],"tintindex":0,"rotation":0,"texture":"#0"},"west":{"uv":[1.0,6.875,1.25,8.0],"tintindex":0,"rotation":0,"texture":"#0"},"up":{"uv":[10.875,0.875,9.375,0.625],"tintindex":0,"rotation":0,"texture":"#0"},"down":{"uv":[11.125,8.25,9.625,8.5],"tintindex":0,"rotation":0,"texture":"#0"}}}],"display":{"head":{"rotation":[0.0,0.0,0.0]},"firstperson_righthand":{"rotation":[0.0,0.0,0.0]},"thirdperson_lefthand":{"rotation":[0.0,-0.0,-0.0]},"firstperson_lefthand":{"rotation":[0.0,-0.0,-0.0]},"fixed":{"rotation":[0.0,0.0,0.0]},"ground":{"rotation":[0.0,0.0,0.0]},"thirdperson_righthand":{"rotation":[0.0,0.0,0.0]},"gui":{"rotation":[-150.0,-45.0,180.0]}}}