{"textures":{"0":"modelengine:entity/abyssal_knight","particle":"#0"},"elements":[{"from":[4.0,4.0,4.0],"to":[12.0,12.0,12.0],"faces":{"east":{"uv":[5.0,14.0,6.0,13.0],"tintindex":0,"rotation":0,"texture":"#0"},"south":{"uv":[4.0,13.0,5.0,12.0],"tintindex":0,"rotation":0,"texture":"#0"},"north":{"uv":[4.0,14.0,5.0,13.0],"tintindex":0,"rotation":0,"texture":"#0"},"west":{"uv":[5.0,13.0,6.0,12.0],"tintindex":0,"rotation":0,"texture":"#0"},"up":{"uv":[5.0,14.0,6.0,15.0],"tintindex":0,"rotation":0,"texture":"#0"},"down":{"uv":[4.0,15.0,5.0,14.0],"tintindex":0,"rotation":0,"texture":"#0"}}}],"display":{"head":{"rotation":[0.0,0.0,0.0]},"firstperson_righthand":{"rotation":[0.0,0.0,0.0]},"thirdperson_lefthand":{"rotation":[0.0,-0.0,-0.0]},"firstperson_lefthand":{"rotation":[0.0,-0.0,-0.0]},"fixed":{"rotation":[0.0,0.0,0.0]},"ground":{"rotation":[0.0,0.0,0.0]},"thirdperson_righthand":{"rotation":[0.0,0.0,0.0]},"gui":{"rotation":[-150.0,-45.0,180.0]}}}