{"textures":{"0":"modelengine:entity/abyssal_knight","particle":"#0"},"elements":[{"from":[3.75,3.75,3.75],"to":[12.25,12.25,12.25],"faces":{"east":{"uv":[12.625,11.25,13.5,12.125],"tintindex":0,"rotation":0,"texture":"#0"},"south":{"uv":[11.75,11.25,12.625,12.125],"tintindex":0,"rotation":0,"texture":"#0"},"north":{"uv":[12.625,10.375,13.5,11.25],"tintindex":0,"rotation":0,"texture":"#0"},"west":{"uv":[11.75,10.375,12.625,11.25],"tintindex":0,"rotation":0,"texture":"#0"},"up":{"uv":[13.5,11.25,14.375,12.125],"tintindex":0,"rotation":0,"texture":"#0"},"down":{"uv":[13.5,10.375,14.375,11.25],"tintindex":0,"rotation":0,"texture":"#0"}}}],"display":{"head":{"rotation":[0.0,0.0,0.0]},"firstperson_righthand":{"rotation":[0.0,0.0,0.0]},"thirdperson_lefthand":{"rotation":[0.0,-0.0,-0.0]},"firstperson_lefthand":{"rotation":[0.0,-0.0,-0.0]},"fixed":{"rotation":[0.0,0.0,0.0]},"ground":{"rotation":[0.0,0.0,0.0]},"thirdperson_righthand":{"rotation":[0.0,0.0,0.0]},"gui":{"rotation":[-150.0,-45.0,180.0]}}}