{"textures":{"0":"modelengine:entity/abyssal_knight","particle":"#0"},"elements":[{"from":[4.0,8.0,4.0],"to":[12.0,16.0,12.0],"faces":{"east":{"uv":[2.75,5.375,3.75,6.375],"tintindex":0,"rotation":0,"texture":"#0"},"south":{"uv":[5.375,5.125,6.375,6.125],"tintindex":0,"rotation":0,"texture":"#0"},"north":{"uv":[4.375,5.125,5.375,6.125],"tintindex":0,"rotation":0,"texture":"#0"},"west":{"uv":[5.5,0.875,6.5,1.875],"tintindex":0,"rotation":0,"texture":"#0"},"up":{"uv":[6.625,4.0,5.625,3.0],"tintindex":0,"rotation":0,"texture":"#0"},"down":{"uv":[7.0,1.875,6.0,2.875],"tintindex":0,"rotation":0,"texture":"#0"}}},{"from":[12.0,16.0,12.0],"to":[4.0,8.0,4.0],"faces":{"east":{"uv":[5.5,1.875,6.5,0.875],"tintindex":0,"rotation":0,"texture":"#0"},"south":{"uv":[4.375,6.125,5.375,5.125],"tintindex":0,"rotation":0,"texture":"#0"},"north":{"uv":[5.375,6.125,6.375,5.125],"tintindex":0,"rotation":0,"texture":"#0"},"west":{"uv":[2.75,6.375,3.75,5.375],"tintindex":0,"rotation":0,"texture":"#0"},"up":{"uv":[6.0,1.875,7.0,2.875],"tintindex":0,"rotation":0,"texture":"#0"},"down":{"uv":[5.625,4.0,6.625,3.0],"tintindex":0,"rotation":0,"texture":"#0"}}},{"from":[4.5,8.5,4.5],"to":[11.5,15.5,11.5],"faces":{"east":{"uv":[7.75,0.0,8.625,0.875],"tintindex":0,"rotation":0,"texture":"#0"},"south":{"uv":[7.75,6.0,8.625,6.875],"tintindex":0,"rotation":0,"texture":"#0"},"north":{"uv":[0.0,7.75,0.875,8.625],"tintindex":0,"rotation":0,"texture":"#0"},"west":{"uv":[7.75,6.875,8.625,7.75],"tintindex":0,"rotation":0,"texture":"#0"},"up":{"uv":[8.625,8.625,7.75,7.75],"tintindex":0,"rotation":0,"texture":"#0"},"down":{"uv":[2.75,7.875,1.875,8.75],"tintindex":0,"rotation":0,"texture":"#0"}}}],"display":{"head":{"rotation":[0.0,0.0,0.0]},"firstperson_righthand":{"rotation":[0.0,0.0,0.0]},"thirdperson_lefthand":{"rotation":[0.0,-0.0,-0.0]},"firstperson_lefthand":{"rotation":[0.0,-0.0,-0.0]},"fixed":{"rotation":[0.0,0.0,0.0]},"ground":{"rotation":[0.0,0.0,0.0]},"thirdperson_righthand":{"rotation":[0.0,0.0,0.0]},"gui":{"rotation":[-150.0,-45.0,180.0]}}}