{"textures":{"0":"modelengine:entity/abyssal_knight","particle":"#0"},"elements":[{"from":[12.75,6.0,1.5],"to":[12.75,10.0,15.5],"faces":{"east":{"uv":[6.375,5.0,8.125,5.5],"tintindex":0,"rotation":0,"texture":"#0"},"west":{"uv":[8.125,5.0,6.375,5.5],"tintindex":0,"rotation":0,"texture":"#0"}},"rotation":{"origin":[12.75,8.0,8.0],"angle":-45.0,"axis":"x"}},{"from":[3.5,6.0,3.5],"to":[12.5,10.0,12.5],"faces":{"east":{"uv":[9.125,6.75,10.25,7.25],"tintindex":0,"rotation":0,"texture":"#0"},"south":{"uv":[9.125,7.25,10.25,7.75],"tintindex":0,"rotation":0,"texture":"#0"},"north":{"uv":[7.0,4.5,8.125,5.0],"tintindex":0,"rotation":0,"texture":"#0"},"west":{"uv":[9.125,8.625,10.25,9.125],"tintindex":0,"rotation":0,"texture":"#0"},"up":{"uv":[1.125,5.0,0.0,3.875],"tintindex":0,"rotation":0,"texture":"#0"},"down":{"uv":[5.125,0.0,4.0,1.125],"tintindex":0,"rotation":0,"texture":"#0"}}},{"from":[3.25,6.0,1.5],"to":[3.25,10.0,15.5],"faces":{"east":{"uv":[6.375,5.0,8.125,5.5],"tintindex":0,"rotation":0,"texture":"#0"},"west":{"uv":[8.125,5.0,6.375,5.5],"tintindex":0,"rotation":0,"texture":"#0"}},"rotation":{"origin":[3.25,8.0,8.0],"angle":-45.0,"axis":"x"}},{"from":[8.0,4.0062714,-3.4958096],"to":[8.0,8.006271,1.5041904],"faces":{"east":{"uv":[10.5,9.125,9.875,9.625],"tintindex":0,"rotation":0,"texture":"#0"},"west":{"uv":[9.875,9.125,10.5,9.625],"tintindex":0,"rotation":0,"texture":"#0"}},"rotation":{"origin":[8.000999,8.006271,0.50419044],"angle":-45.0,"axis":"x"}},{"from":[6.5,6.0,1.5],"to":[9.5,10.0,15.5],"faces":{"east":{"uv":[6.625,2.875,8.375,3.375],"tintindex":0,"rotation":0,"texture":"#0"},"south":{"uv":[10.25,1.375,10.625,1.875],"tintindex":0,"rotation":0,"texture":"#0"},"north":{"uv":[4.375,7.125,4.75,7.625],"tintindex":0,"rotation":0,"texture":"#0"},"west":{"uv":[6.625,3.375,8.375,3.875],"tintindex":0,"rotation":0,"texture":"#0"},"up":{"uv":[6.75,10.125,6.375,8.375],"tintindex":0,"rotation":0,"texture":"#0"},"down":{"uv":[7.125,8.375,6.75,10.125],"tintindex":0,"rotation":0,"texture":"#0"}},"rotation":{"origin":[10.5,6.0,3.5],"angle":-22.5,"axis":"x"}},{"from":[8.0,7.460884,3.8170252],"to":[8.0,11.460884,13.817025],"faces":{"east":{"uv":[9.875,6.25,8.625,6.75],"tintindex":0,"rotation":0,"texture":"#0"},"west":{"uv":[8.625,6.25,9.875,6.75],"tintindex":0,"rotation":0,"texture":"#0"}},"rotation":{"origin":[8.0,10.460884,3.8170252],"angle":-45.0,"axis":"x"}},{"from":[7.0,3.0576134,17.471825],"to":[9.0,5.0576134,21.471825],"faces":{"east":{"uv":[4.25,2.125,4.75,2.375],"tintindex":0,"rotation":0,"texture":"#0"},"south":{"uv":[5.125,0.875,5.375,1.125],"tintindex":0,"rotation":0,"texture":"#0"},"north":{"uv":[1.125,4.75,1.375,5.0],"tintindex":0,"rotation":0,"texture":"#0"},"west":{"uv":[5.5,1.875,6.0,2.125],"tintindex":0,"rotation":0,"texture":"#0"},"up":{"uv":[10.25,10.75,10.0,10.25],"tintindex":0,"rotation":0,"texture":"#0"},"down":{"uv":[10.5,10.25,10.25,10.75],"tintindex":0,"rotation":0,"texture":"#0"}},"rotation":{"origin":[10.5,3.0576134,5.4718256],"angle":-45.0,"axis":"x"}}],"display":{"head":{"rotation":[0.0,0.0,0.0]},"firstperson_righthand":{"rotation":[0.0,0.0,0.0]},"thirdperson_lefthand":{"rotation":[0.0,-0.0,-0.0]},"firstperson_lefthand":{"rotation":[0.0,-0.0,-0.0]},"fixed":{"rotation":[0.0,0.0,0.0]},"ground":{"rotation":[0.0,0.0,0.0]},"thirdperson_righthand":{"rotation":[0.0,0.0,0.0]},"gui":{"rotation":[-150.0,-45.0,180.0]}}}