{"textures":{"0":"modelengine:entity/abyssal_knight","particle":"#0"},"elements":[{"from":[5.25,3.25,4.25],"to":[10.75,9.75,6.75],"faces":{"east":{"uv":[1.75,10.25,2.0,11.0],"tintindex":0,"rotation":0,"texture":"#0"},"south":{"uv":[9.375,3.125,10.0,3.875],"tintindex":0,"rotation":0,"texture":"#0"},"north":{"uv":[3.75,5.375,4.375,6.125],"tintindex":0,"rotation":0,"texture":"#0"},"west":{"uv":[2.0,10.25,2.25,11.0],"tintindex":0,"rotation":0,"texture":"#0"},"up":{"uv":[5.375,3.25,4.75,3.0],"tintindex":0,"rotation":0,"texture":"#0"},"down":{"uv":[9.375,2.5,8.75,2.75],"tintindex":0,"rotation":0,"texture":"#0"}},"rotation":{"origin":[8.0,6.5,6.0],"angle":-22.5,"axis":"x"}},{"from":[6.0,-6.0,6.0],"to":[10.0,9.0,11.0],"faces":{"east":{"uv":[0.0,5.0,0.625,6.875],"tintindex":0,"rotation":0,"texture":"#0"},"south":{"uv":[3.25,6.375,3.75,8.25],"tintindex":0,"rotation":0,"texture":"#0"},"north":{"uv":[2.75,6.375,3.25,8.25],"tintindex":0,"rotation":0,"texture":"#0"},"west":{"uv":[0.625,5.0,1.25,6.875],"tintindex":0,"rotation":0,"texture":"#0"},"up":{"uv":[10.5,3.75,10.0,3.125],"tintindex":0,"rotation":0,"texture":"#0"},"down":{"uv":[10.5,3.75,10.0,4.375],"tintindex":0,"rotation":0,"texture":"#0"}}}],"display":{"head":{"rotation":[0.0,0.0,0.0]},"firstperson_righthand":{"rotation":[0.0,0.0,0.0]},"thirdperson_lefthand":{"rotation":[0.0,-0.0,-0.0]},"firstperson_lefthand":{"rotation":[0.0,-0.0,-0.0]},"fixed":{"rotation":[0.0,0.0,0.0]},"ground":{"rotation":[0.0,0.0,0.0]},"thirdperson_righthand":{"rotation":[0.0,0.0,0.0]},"gui":{"rotation":[-150.0,-45.0,180.0]}}}