{"textures":{"0":"modelengine:entity/abyssal_knight","particle":"#0"},"elements":[{"from":[5.5,-3.0,5.0],"to":[10.5,9.0,11.0],"faces":{"east":{"uv":[1.25,5.0,2.0,6.5],"tintindex":0,"rotation":0,"texture":"#0"},"south":{"uv":[1.25,6.5,1.875,8.0],"tintindex":0,"rotation":0,"texture":"#0"},"north":{"uv":[6.5,0.0,7.125,1.5],"tintindex":0,"rotation":0,"texture":"#0"},"west":{"uv":[2.0,5.0,2.75,6.5],"tintindex":0,"rotation":0,"texture":"#0"},"up":{"uv":[0.625,10.25,0.0,9.5],"tintindex":0,"rotation":0,"texture":"#0"},"down":{"uv":[1.25,9.5,0.625,10.25],"tintindex":0,"rotation":0,"texture":"#0"}}}],"display":{"head":{"rotation":[0.0,0.0,0.0]},"firstperson_righthand":{"rotation":[0.0,0.0,0.0]},"thirdperson_lefthand":{"rotation":[0.0,-0.0,-0.0]},"firstperson_lefthand":{"rotation":[0.0,-0.0,-0.0]},"fixed":{"rotation":[0.0,0.0,0.0]},"ground":{"rotation":[0.0,0.0,0.0]},"thirdperson_righthand":{"rotation":[0.0,0.0,0.0]},"gui":{"rotation":[-150.0,-45.0,180.0]}}}