{"textures":{"0":"modelengine:entity/abyssal_knight","particle":"#0"},"elements":[{"from":[3.5,-2.0,5.5],"to":[8.5,9.0,10.5],"faces":{"east":{"uv":[4.375,7.125,3.75,8.5],"tintindex":0,"rotation":0,"texture":"#0"},"south":{"uv":[7.75,0.0,7.125,1.375],"tintindex":0,"rotation":0,"texture":"#0"},"north":{"uv":[2.5,6.5,1.875,7.875],"tintindex":0,"rotation":0,"texture":"#0"},"west":{"uv":[7.625,1.5,7.0,2.875],"tintindex":0,"rotation":0,"texture":"#0"},"up":{"uv":[2.625,10.375,3.25,9.75],"tintindex":0,"rotation":0,"texture":"#0"},"down":{"uv":[4.625,9.75,5.25,10.375],"tintindex":0,"rotation":0,"texture":"#0"}}}],"display":{"head":{"rotation":[0.0,0.0,0.0]},"firstperson_righthand":{"rotation":[0.0,0.0,0.0]},"thirdperson_lefthand":{"rotation":[0.0,-0.0,-0.0]},"firstperson_lefthand":{"rotation":[0.0,-0.0,-0.0]},"fixed":{"rotation":[0.0,0.0,0.0]},"ground":{"rotation":[0.0,0.0,0.0]},"thirdperson_righthand":{"rotation":[0.0,0.0,0.0]},"gui":{"rotation":[-150.0,-45.0,180.0]}}}