{"textures":{"0":"modelengine:entity/abyssal_knight","particle":"#0"},"elements":[{"from":[8.0,3.0,4.5],"to":[8.0,9.0,11.5],"faces":{"east":{"uv":[8.625,4.25,9.5,5.0],"tintindex":0,"rotation":0,"texture":"#0"},"west":{"uv":[9.5,4.25,8.625,5.0],"tintindex":0,"rotation":0,"texture":"#0"}}}],"display":{"head":{"rotation":[0.0,0.0,0.0]},"firstperson_righthand":{"rotation":[0.0,0.0,0.0]},"thirdperson_lefthand":{"rotation":[0.0,-0.0,-0.0]},"firstperson_lefthand":{"rotation":[0.0,-0.0,-0.0]},"fixed":{"rotation":[0.0,0.0,0.0]},"ground":{"rotation":[0.0,0.0,0.0]},"thirdperson_righthand":{"rotation":[0.0,0.0,0.0]},"gui":{"rotation":[-150.0,-45.0,180.0]}}}