{"textures":{"0":"modelengine:entity/lost_soul","particle":"#0"},"elements":[{"from":[4.0,2.0,8.0],"to":[12.0,8.0,8.0],"faces":{"south":{"uv":[6.25,4.0,4.25,5.5],"tintindex":0,"rotation":0,"texture":"#0"},"north":{"uv":[4.25,4.0,6.25,5.5],"tintindex":0,"rotation":0,"texture":"#0"}}}],"display":{"head":{"rotation":[0.0,0.0,0.0]},"firstperson_righthand":{"rotation":[0.0,0.0,0.0]},"thirdperson_lefthand":{"rotation":[0.0,-0.0,-0.0]},"firstperson_lefthand":{"rotation":[0.0,-0.0,-0.0]},"fixed":{"rotation":[0.0,0.0,0.0]},"ground":{"rotation":[0.0,0.0,0.0]},"thirdperson_righthand":{"rotation":[0.0,0.0,0.0]},"gui":{"rotation":[-150.0,-45.0,180.0]}}}