{"textures":{"0":"modelengine:entity/lost_soul","particle":"#0"},"elements":[{"from":[8.0,2.0,4.5],"to":[8.0,8.0,11.5],"faces":{"east":{"uv":[6.5,1.75,8.25,3.25],"tintindex":0,"rotation":0,"texture":"#0"},"west":{"uv":[8.25,1.75,6.5,3.25],"tintindex":0,"rotation":0,"texture":"#0"}}}],"display":{"head":{"rotation":[0.0,0.0,0.0]},"firstperson_righthand":{"rotation":[0.0,0.0,0.0]},"thirdperson_lefthand":{"rotation":[0.0,-0.0,-0.0]},"firstperson_lefthand":{"rotation":[0.0,-0.0,-0.0]},"fixed":{"rotation":[0.0,0.0,0.0]},"ground":{"rotation":[0.0,0.0,0.0]},"thirdperson_righthand":{"rotation":[0.0,0.0,0.0]},"gui":{"rotation":[-150.0,-45.0,180.0]}}}