{
    "custom.metal_impact1": {
        "sounds": [
            "custom/metal_impact1"
        ]
    },
    "custom.metal_impact2": {
        "sounds": [
            "custom/metal_impact2"
        ]
    },
    "custom.metal_impact3": {
        "sounds": [
            "custom/metal_impact3"
        ]
    },
    "custom.monster_scream1": {
        "sounds": [
            "custom/monster_scream1"
        ]
    },
    "custom.monster_scream2": {
        "sounds": [
            "custom/monster_scream2"
        ]
    },
    "custom.rock_impact": {
        "sounds": [
            "custom/rock_impact"
        ]
    },
    "custom.slash1": {
        "sounds": [
            "custom/slash1"
        ]
    },
    "custom.slash2": {
        "sounds": [
            "custom/slash2"
        ]
    }
}