{"textures":{"0":"modelengine:entity/lava_piranha","particle":"#0"},"elements":[{"from":[5.0,5.3113127,5.2582393],"to":[11.0,11.311313,11.25824],"faces":{"east":{"uv":[2.25,1.75,3.75,3.25],"tintindex":0,"rotation":0,"texture":"#0"},"south":{"uv":[2.25,3.5,3.75,5.0],"tintindex":0,"rotation":0,"texture":"#0"},"north":{"uv":[2.25,0.0,3.75,1.5],"tintindex":0,"rotation":0,"texture":"#0"},"west":{"uv":[4.0,0.0,5.5,1.5],"tintindex":0,"rotation":0,"texture":"#0"},"up":{"uv":[5.5,3.25,4.0,1.75],"tintindex":0,"rotation":0,"texture":"#0"},"down":{"uv":[5.5,3.5,4.0,5.0],"tintindex":0,"rotation":0,"texture":"#0"}}},{"from":[8.0,11.311313,5.2582393],"to":[8.0,15.311313,11.25824],"faces":{"east":{"uv":[3.25,5.25,1.75,6.25],"tintindex":0,"rotation":0,"texture":"#0"},"west":{"uv":[1.75,5.25,3.25,6.25],"tintindex":0,"rotation":0,"texture":"#0"}}}],"display":{"head":{"rotation":[0.0,0.0,0.0]},"firstperson_righthand":{"rotation":[0.0,0.0,0.0]},"thirdperson_lefthand":{"rotation":[0.0,-0.0,-0.0]},"firstperson_lefthand":{"rotation":[0.0,-0.0,-0.0]},"fixed":{"rotation":[0.0,0.0,0.0]},"ground":{"rotation":[0.0,0.0,0.0]},"thirdperson_righthand":{"rotation":[0.0,0.0,0.0]},"gui":{"rotation":[-150.0,-45.0,180.0]}}}