{"textures":{"0":"modelengine:entity/lava_piranha","particle":"#0"},"elements":[{"from":[11.0,8.0,5.05],"to":[11.0,10.0,8.05],"faces":{"east":{"uv":[8.0,0.0,7.25,0.5],"tintindex":0,"rotation":0,"texture":"#0"},"west":{"uv":[7.25,0.0,8.0,0.5],"tintindex":0,"rotation":0,"texture":"#0"}}},{"from":[4.9875,6.0,5.05],"to":[11.0125,8.0,8.05],"faces":{"east":{"uv":[0.0,7.0,0.75,7.5],"tintindex":0,"rotation":0,"texture":"#0"},"south":{"uv":[5.75,6.5,7.25,7.0],"tintindex":0,"rotation":0,"texture":"#0"},"north":{"uv":[6.5,5.25,8.0,5.75],"tintindex":0,"rotation":0,"texture":"#0"},"west":{"uv":[7.0,2.75,7.75,3.25],"tintindex":0,"rotation":0,"texture":"#0"},"up":{"uv":[7.25,5.0,5.75,4.25],"tintindex":0,"rotation":0,"texture":"#0"},"down":{"uv":[3.0,6.5,1.5,7.25],"tintindex":0,"rotation":0,"texture":"#0"}}},{"from":[5.0,8.0,5.05],"to":[11.0,10.0,5.05],"faces":{"south":{"uv":[8.5,1.25,7.0,1.75],"tintindex":0,"rotation":0,"texture":"#0"},"north":{"uv":[7.0,1.25,8.5,1.75],"tintindex":0,"rotation":0,"texture":"#0"}}},{"from":[5.0,8.0,5.05],"to":[5.0,10.0,8.05],"faces":{"east":{"uv":[8.0,0.0,7.25,0.5],"tintindex":0,"rotation":0,"texture":"#0"},"west":{"uv":[7.25,0.0,8.0,0.5],"tintindex":0,"rotation":0,"texture":"#0"}}}],"display":{"head":{"rotation":[0.0,0.0,0.0]},"firstperson_righthand":{"rotation":[0.0,0.0,0.0]},"thirdperson_lefthand":{"rotation":[0.0,-0.0,-0.0]},"firstperson_lefthand":{"rotation":[0.0,-0.0,-0.0]},"fixed":{"rotation":[0.0,0.0,0.0]},"ground":{"rotation":[0.0,0.0,0.0]},"thirdperson_righthand":{"rotation":[0.0,0.0,0.0]},"gui":{"rotation":[-150.0,-45.0,180.0]}}}