{"textures":{"0":"modelengine:entity/lava_piranha","particle":"#0"},"elements":[{"from":[4.0,8.0,5.5],"to":[8.0,8.0,10.5],"faces":{"up":{"uv":[6.75,2.5,5.75,1.25],"tintindex":0,"rotation":0,"texture":"#0"},"down":{"uv":[6.75,1.25,5.75,2.5],"tintindex":0,"rotation":0,"texture":"#0"}}}],"display":{"head":{"rotation":[0.0,0.0,0.0]},"firstperson_righthand":{"rotation":[0.0,0.0,0.0]},"thirdperson_lefthand":{"rotation":[0.0,-0.0,-0.0]},"firstperson_lefthand":{"rotation":[0.0,-0.0,-0.0]},"fixed":{"rotation":[0.0,0.0,0.0]},"ground":{"rotation":[0.0,0.0,0.0]},"thirdperson_righthand":{"rotation":[0.0,0.0,0.0]},"gui":{"rotation":[-150.0,-45.0,180.0]}}}