{"textures":{"0":"modelengine:entity/lava_piranha","particle":"#0"},"elements":[{"from":[8.0,4.0,8.0],"to":[8.0,12.0,16.0],"faces":{"east":{"uv":[2.0,2.25,0.0,4.25],"tintindex":0,"rotation":0,"texture":"#0"},"west":{"uv":[0.0,2.25,2.0,4.25],"tintindex":0,"rotation":0,"texture":"#0"}}}],"display":{"head":{"rotation":[0.0,0.0,0.0]},"firstperson_righthand":{"rotation":[0.0,0.0,0.0]},"thirdperson_lefthand":{"rotation":[0.0,-0.0,-0.0]},"firstperson_lefthand":{"rotation":[0.0,-0.0,-0.0]},"fixed":{"rotation":[0.0,0.0,0.0]},"ground":{"rotation":[0.0,0.0,0.0]},"thirdperson_righthand":{"rotation":[0.0,0.0,0.0]},"gui":{"rotation":[-150.0,-45.0,180.0]}}}