{"textures":{"0":"modelengine:entity/lava_piranha","particle":"#0"},"elements":[{"from":[5.5,7.838337,3.9228392],"to":[10.5,11.838337,7.922839],"faces":{"east":{"uv":[3.25,6.5,4.25,7.5],"tintindex":0,"rotation":0,"texture":"#0"},"south":{"uv":[5.0,5.25,6.25,6.25],"tintindex":0,"rotation":0,"texture":"#0"},"north":{"uv":[3.5,5.25,4.75,6.25],"tintindex":0,"rotation":0,"texture":"#0"},"west":{"uv":[4.5,6.5,5.5,7.5],"tintindex":0,"rotation":0,"texture":"#0"},"up":{"uv":[1.25,6.75,0.0,5.75],"tintindex":0,"rotation":0,"texture":"#0"},"down":{"uv":[7.0,0.0,5.75,1.0],"tintindex":0,"rotation":0,"texture":"#0"}},"rotation":{"origin":[8.0,9.113126,10.582392],"angle":-22.5,"axis":"x"}}],"display":{"head":{"rotation":[0.0,0.0,0.0]},"firstperson_righthand":{"rotation":[0.0,0.0,0.0]},"thirdperson_lefthand":{"rotation":[0.0,-0.0,-0.0]},"firstperson_lefthand":{"rotation":[0.0,-0.0,-0.0]},"fixed":{"rotation":[0.0,0.0,0.0]},"ground":{"rotation":[0.0,0.0,0.0]},"thirdperson_righthand":{"rotation":[0.0,0.0,0.0]},"gui":{"rotation":[-150.0,-45.0,180.0]}}}