{"textures":{"0":"modelengine:entity/abyssal_knight"},"elements":[{"from":[3.5,3.5,3.0],"to":[12.5,12.5,12.0],"faces":{"east":{"uv":[12.625,7.5,13.5,8.375],"tintindex":0,"rotation":0,"texture":"#0"},"south":{"uv":[11.75,7.5,12.625,8.375],"tintindex":0,"rotation":0,"texture":"#0"},"north":{"uv":[12.625,6.625,13.5,7.5],"tintindex":0,"rotation":0,"texture":"#0"},"west":{"uv":[11.75,6.625,12.625,7.5],"tintindex":0,"rotation":0,"texture":"#0"},"up":{"uv":[13.5,7.5,14.375,8.375],"tintindex":0,"rotation":0,"texture":"#0"},"down":{"uv":[13.5,6.625,14.375,7.5],"tintindex":0,"rotation":0,"texture":"#0"}}}],"display":{"gui":{"rotation":[30,225,0]}}}