{"textures":{"0":"modelengine:entity/abyssal_knight"},"elements":[{"from":[4.5,4.5,4.5],"to":[11.5,11.5,11.5],"faces":{"east":{"uv":[12.625,9.375,13.5,10.25],"tintindex":0,"rotation":0,"texture":"#0"},"south":{"uv":[11.75,9.375,12.625,10.25],"tintindex":0,"rotation":0,"texture":"#0"},"north":{"uv":[12.625,8.5,13.5,9.375],"tintindex":0,"rotation":0,"texture":"#0"},"west":{"uv":[11.75,8.5,12.625,9.375],"tintindex":0,"rotation":0,"texture":"#0"},"up":{"uv":[13.5,9.375,14.375,10.25],"tintindex":0,"rotation":0,"texture":"#0"},"down":{"uv":[13.5,8.5,14.375,9.375],"tintindex":0,"rotation":0,"texture":"#0"}}}],"display":{"gui":{"rotation":[30,225,0]}}}