{"textures":{"0":"modelengine:entity/abyssal_knight"},"elements":[{"from":[6.0,-2.0,8.0],"to":[10.0,10.0,12.0],"faces":{"east":{"uv":[1.375,8.0,1.875,9.5],"tintindex":0,"rotation":0,"texture":"#0"},"south":{"uv":[8.125,4.5,8.625,6.0],"tintindex":0,"rotation":0,"texture":"#0"},"north":{"uv":[0.875,8.0,1.375,9.5],"tintindex":0,"rotation":0,"texture":"#0"},"west":{"uv":[2.75,8.25,3.25,9.75],"tintindex":0,"rotation":0,"texture":"#0"},"up":{"uv":[8.375,10.5,7.875,10.0],"tintindex":0,"rotation":0,"texture":"#0"},"down":{"uv":[8.875,10.0,8.375,10.5],"tintindex":0,"rotation":0,"texture":"#0"}}}],"display":{"gui":{"rotation":[30,225,0]}}}