{"textures":{"0":"modelengine:entity/abyssal_knight"},"elements":[{"from":[0.5,10.0,6.0],"to":[8.5,15.0,12.0],"faces":{"east":{"uv":[9.375,0.0,10.125,0.625],"tintindex":0,"rotation":0,"texture":"#0"},"south":{"uv":[8.125,8.625,9.125,9.25],"tintindex":0,"rotation":0,"texture":"#0"},"north":{"uv":[8.625,8.0,9.625,8.625],"tintindex":0,"rotation":0,"texture":"#0"},"west":{"uv":[9.375,2.5,10.125,3.125],"tintindex":0,"rotation":0,"texture":"#0"},"up":{"uv":[5.375,9.125,4.375,8.375],"tintindex":0,"rotation":0,"texture":"#0"},"down":{"uv":[6.375,8.375,5.375,9.125],"tintindex":0,"rotation":0,"texture":"#0"}},"rotation":{"origin":[5.5,13.0,8.0],"angle":22.5,"axis":"z"}},{"from":[3.0,6.0,4.5],"to":[11.0,13.0,12.5],"faces":{"east":{"uv":[5.75,6.75,6.75,7.625],"tintindex":0,"rotation":0,"texture":"#0"},"south":{"uv":[6.75,6.75,7.75,7.625],"tintindex":0,"rotation":0,"texture":"#0"},"north":{"uv":[4.75,6.75,5.75,7.625],"tintindex":0,"rotation":0,"texture":"#0"},"west":{"uv":[0.0,6.875,1.0,7.75],"tintindex":0,"rotation":0,"texture":"#0"},"up":{"uv":[7.0,5.0,6.0,4.0],"tintindex":0,"rotation":0,"texture":"#0"},"down":{"uv":[4.75,6.125,3.75,7.125],"tintindex":0,"rotation":0,"texture":"#0"}},"rotation":{"origin":[7.0,9.5,8.0],"angle":-22.5,"axis":"y"}}],"display":{"gui":{"rotation":[30,225,0]}}}