{"textures":{"0":"modelengine:entity/abyssal_knight"},"elements":[{"from":[5.75,4.75,7.75],"to":[10.25,10.25,10.25],"faces":{"east":{"uv":[2.25,10.25,2.5,10.875],"tintindex":0,"rotation":0,"texture":"#0"},"south":{"uv":[10.0,1.875,10.5,2.5],"tintindex":0,"rotation":0,"texture":"#0"},"north":{"uv":[9.875,9.625,10.375,10.25],"tintindex":0,"rotation":0,"texture":"#0"},"west":{"uv":[3.75,10.25,4.0,10.875],"tintindex":0,"rotation":0,"texture":"#0"},"up":{"uv":[7.0,1.75,6.5,1.5],"tintindex":0,"rotation":0,"texture":"#0"},"down":{"uv":[9.625,7.75,9.125,8.0],"tintindex":0,"rotation":0,"texture":"#0"}},"rotation":{"origin":[8.0,6.5,9.0],"angle":22.5,"axis":"x"}},{"from":[6.0,-2.0,5.0],"to":[10.0,8.0,9.0],"faces":{"east":{"uv":[3.75,8.5,4.25,9.75],"tintindex":0,"rotation":0,"texture":"#0"},"south":{"uv":[8.625,6.75,9.125,8.0],"tintindex":0,"rotation":0,"texture":"#0"},"north":{"uv":[7.125,8.375,7.625,9.625],"tintindex":0,"rotation":0,"texture":"#0"},"west":{"uv":[7.625,8.625,8.125,9.875],"tintindex":0,"rotation":0,"texture":"#0"},"up":{"uv":[10.625,0.5,10.125,0.0],"tintindex":0,"rotation":0,"texture":"#0"},"down":{"uv":[10.625,2.5,10.125,3.0],"tintindex":0,"rotation":0,"texture":"#0"}}}],"display":{"gui":{"rotation":[30,225,0]}}}