{"textures":{"0":"modelengine:entity/abyssal_knight"},"elements":[{"from":[4.0,4.0,4.0],"to":[12.0,12.0,12.0],"faces":{"east":{"uv":[0.0,13.125,1.0,14.125],"tintindex":0,"rotation":0,"texture":"#0"},"south":{"uv":[1.0,12.125,2.0,13.125],"tintindex":0,"rotation":0,"texture":"#0"},"north":{"uv":[0.0,12.125,1.0,13.125],"tintindex":0,"rotation":0,"texture":"#0"},"west":{"uv":[1.0,13.125,2.0,14.125],"tintindex":0,"rotation":0,"texture":"#0"},"up":{"uv":[2.0,12.125,3.0,13.125],"tintindex":0,"rotation":0,"texture":"#0"},"down":{"uv":[2.0,13.125,3.0,14.125],"tintindex":0,"rotation":0,"texture":"#0"}}}],"display":{"gui":{"rotation":[30,225,0]}}}