{"textures":{"0":"modelengine:entity/abyssal_knight"},"elements":[{"from":[2.5,19.0,2.5],"to":[13.5,24.0,14.5],"faces":{"east":{"uv":[4.75,6.125,6.25,6.75],"tintindex":0,"rotation":0,"texture":"#0"},"south":{"uv":[7.625,1.375,9.0,2.0],"tintindex":0,"rotation":0,"texture":"#0"},"north":{"uv":[7.0,3.875,8.375,4.5],"tintindex":0,"rotation":0,"texture":"#0"},"west":{"uv":[6.25,6.125,7.75,6.75],"tintindex":0,"rotation":0,"texture":"#0"},"up":{"uv":[1.375,2.75,0.0,1.25],"tintindex":0,"rotation":0,"texture":"#0"},"down":{"uv":[2.75,1.25,1.375,2.75],"tintindex":0,"rotation":0,"texture":"#0"}},"rotation":{"origin":[8.0,20.0,10.5],"angle":-22.5,"axis":"x"}},{"from":[1.5,14.0,4.0],"to":[14.5,20.0,12.0],"faces":{"east":{"uv":[8.375,2.75,9.375,3.5],"tintindex":0,"rotation":0,"texture":"#0"},"south":{"uv":[2.75,4.625,4.375,5.375],"tintindex":0,"rotation":0,"texture":"#0"},"north":{"uv":[4.375,4.375,6.0,5.125],"tintindex":0,"rotation":0,"texture":"#0"},"west":{"uv":[8.375,3.5,9.375,4.25],"tintindex":0,"rotation":0,"texture":"#0"},"up":{"uv":[3.125,3.75,1.5,2.75],"tintindex":0,"rotation":0,"texture":"#0"},"down":{"uv":[4.75,2.375,3.125,3.375],"tintindex":0,"rotation":0,"texture":"#0"}}},{"from":[3.5,8.0,5.0],"to":[12.5,14.0,11.0],"faces":{"east":{"uv":[9.125,9.125,9.875,9.875],"tintindex":0,"rotation":0,"texture":"#0"},"south":{"uv":[4.375,7.625,5.5,8.375],"tintindex":0,"rotation":0,"texture":"#0"},"north":{"uv":[7.625,2.0,8.75,2.75],"tintindex":0,"rotation":0,"texture":"#0"},"west":{"uv":[8.125,9.25,8.875,10.0],"tintindex":0,"rotation":0,"texture":"#0"},"up":{"uv":[6.625,8.375,5.5,7.625],"tintindex":0,"rotation":0,"texture":"#0"},"down":{"uv":[7.75,7.625,6.625,8.375],"tintindex":0,"rotation":0,"texture":"#0"}}}],"display":{"gui":{"rotation":[30,225,0]}}}