{"textures":{"0":"modelengine:entity/hv_dig_projectile_end","particle":"#0"},"elements":[{"from":[-1.0,8.0,4.272078],"to":[-1.0,11.0,11.727922],"faces":{"east":{"uv":[0.0,6.0,3.5,7.5],"tintindex":0,"rotation":0,"texture":"#0"},"west":{"uv":[3.5,6.0,7.0,7.5],"tintindex":0,"rotation":0,"texture":"#0"}},"rotation":{"origin":[8.0,9.0,8.0],"angle":45.0,"axis":"y"}},{"from":[17.0,8.0,4.272078],"to":[17.0,11.0,11.727922],"faces":{"east":{"uv":[7.0,6.0,10.5,7.5],"tintindex":0,"rotation":0,"texture":"#0"},"west":{"uv":[0.0,7.5,3.5,9.0],"tintindex":0,"rotation":0,"texture":"#0"}}},{"from":[17.0,8.0,4.272078],"to":[17.0,11.0,11.727922],"faces":{"east":{"uv":[7.0,3.0,10.5,4.5],"tintindex":0,"rotation":0,"texture":"#0"},"west":{"uv":[7.0,4.5,10.5,6.0],"tintindex":0,"rotation":0,"texture":"#0"}},"rotation":{"origin":[8.0,9.0,8.0],"angle":45.0,"axis":"y"}},{"from":[4.272078,8.0,-1.0],"to":[11.727922,11.0,-1.0],"faces":{"south":{"uv":[3.5,0.0,7.0,1.5],"tintindex":0,"rotation":0,"texture":"#0"},"north":{"uv":[0.0,3.0,3.5,4.5],"tintindex":0,"rotation":0,"texture":"#0"}},"rotation":{"origin":[8.0,9.0,8.0],"angle":45.0,"axis":"y"}},{"from":[4.272078,8.0,17.0],"to":[11.727922,11.0,17.0],"faces":{"south":{"uv":[3.5,4.5,7.0,6.0],"tintindex":0,"rotation":0,"texture":"#0"},"north":{"uv":[0.0,4.5,3.5,6.0],"tintindex":0,"rotation":0,"texture":"#0"}}},{"from":[4.272078,8.0,17.0],"to":[11.727922,11.0,17.0],"faces":{"south":{"uv":[3.5,3.0,7.0,4.5],"tintindex":0,"rotation":0,"texture":"#0"},"north":{"uv":[3.5,1.5,7.0,3.0],"tintindex":0,"rotation":0,"texture":"#0"}},"rotation":{"origin":[8.0,9.0,8.0],"angle":45.0,"axis":"y"}},{"from":[4.272078,8.0,-1.0],"to":[11.727922,11.0,-1.0],"faces":{"south":{"uv":[0.0,1.5,3.5,3.0],"tintindex":0,"rotation":0,"texture":"#0"},"north":{"uv":[0.0,0.0,3.5,1.5],"tintindex":0,"rotation":0,"texture":"#0"}}},{"from":[-1.0,8.0,4.272078],"to":[-1.0,11.0,11.727922],"faces":{"east":{"uv":[7.0,0.0,10.5,1.5],"tintindex":0,"rotation":0,"texture":"#0"},"west":{"uv":[7.0,1.5,10.5,3.0],"tintindex":0,"rotation":0,"texture":"#0"}}}],"display":{"head":{"rotation":[0.0,0.0,0.0]},"firstperson_righthand":{"rotation":[0.0,0.0,0.0]},"thirdperson_lefthand":{"rotation":[0.0,-0.0,-0.0]},"firstperson_lefthand":{"rotation":[0.0,-0.0,-0.0]},"fixed":{"rotation":[0.0,0.0,0.0]},"ground":{"rotation":[0.0,0.0,0.0]},"thirdperson_righthand":{"rotation":[0.0,0.0,0.0]},"gui":{"rotation":[-150.0,-45.0,180.0]}}}