{"textures":{"0":"modelengine:entity/blaze_king","particle":"#0"},"elements":[{"from":[1.0,-2.5,7.0],"to":[15.0,18.5,9.0],"faces":{"east":{"uv":[5.8125,0.9375,5.9375,2.25],"tintindex":0,"rotation":0,"texture":"#0"},"south":{"uv":[0.0,0.0,0.875,1.3125],"tintindex":0,"rotation":0,"texture":"#0"},"north":{"uv":[0.0,0.0,0.875,1.3125],"tintindex":0,"rotation":0,"texture":"#0"},"west":{"uv":[5.8125,2.3125,5.9375,3.625],"tintindex":0,"rotation":0,"texture":"#0"},"up":{"uv":[6.8125,4.4375,5.9375,4.3125],"tintindex":0,"rotation":0,"texture":"#0"},"down":{"uv":[6.875,2.4375,6.0,2.5625],"tintindex":0,"rotation":0,"texture":"#0"}},"rotation":{"origin":[8.0,8.0,8.0],"angle":22.5,"axis":"x"}}],"display":{"head":{"rotation":[0.0,0.0,0.0]},"firstperson_righthand":{"rotation":[0.0,0.0,0.0]},"thirdperson_lefthand":{"rotation":[0.0,-0.0,-0.0]},"firstperson_lefthand":{"rotation":[0.0,-0.0,-0.0]},"fixed":{"rotation":[0.0,0.0,0.0]},"ground":{"rotation":[0.0,0.0,0.0]},"thirdperson_righthand":{"rotation":[0.0,0.0,0.0]},"gui":{"rotation":[-150.0,-45.0,180.0]}}}