{"textures":{"0":"modelengine:entity/blaze_king","particle":"#0"},"elements":[{"from":[6.5,1.0,6.5],"to":[9.5,15.0,9.5],"faces":{"east":{"uv":[2.375,5.25,2.1875,6.125],"tintindex":0,"rotation":0,"texture":"#0"},"south":{"uv":[2.625,5.25,2.4375,6.125],"tintindex":0,"rotation":0,"texture":"#0"},"north":{"uv":[2.625,5.25,2.4375,6.125],"tintindex":0,"rotation":0,"texture":"#0"},"west":{"uv":[2.375,5.25,2.1875,6.125],"tintindex":0,"rotation":0,"texture":"#0"},"up":{"uv":[6.3125,6.75,6.5,6.5625],"tintindex":0,"rotation":90,"texture":"#0"},"down":{"uv":[6.5625,6.5625,6.75,6.75],"tintindex":0,"rotation":270,"texture":"#0"}}}],"display":{"head":{"rotation":[0.0,0.0,0.0]},"firstperson_righthand":{"rotation":[0.0,0.0,0.0]},"thirdperson_lefthand":{"rotation":[0.0,-0.0,-0.0]},"firstperson_lefthand":{"rotation":[0.0,-0.0,-0.0]},"fixed":{"rotation":[0.0,0.0,0.0]},"ground":{"rotation":[0.0,0.0,0.0]},"thirdperson_righthand":{"rotation":[0.0,0.0,0.0]},"gui":{"rotation":[-150.0,-45.0,180.0]}}}