{"textures":{"0":"modelengine:entity/blaze_king","1":"modelengine:entity/head_fire_a","particle":"#0"},"elements":[{"from":[1.5,4.332142,2.3982143],"to":[2.5,6.332142,6.3982143],"faces":{"east":{"uv":[0.75,4.25,1.0,4.375],"tintindex":0,"rotation":0,"texture":"#0"},"south":{"uv":[1.75,7.125,1.8125,7.25],"tintindex":0,"rotation":0,"texture":"#0"},"north":{"uv":[1.625,7.125,1.6875,7.25],"tintindex":0,"rotation":0,"texture":"#0"},"west":{"uv":[6.6875,6.0,6.9375,6.125],"tintindex":0,"rotation":0,"texture":"#0"},"up":{"uv":[7.0,0.25,6.9375,0.0],"tintindex":0,"rotation":0,"texture":"#0"},"down":{"uv":[7.0,0.3125,6.9375,0.5625],"tintindex":0,"rotation":0,"texture":"#0"}}},{"from":[-0.75,2.2071419,3.3232145],"to":[7.075,9.157143,3.3232145],"faces":{"south":{"uv":[1.4375,7.625,1.0625,7.9375],"tintindex":0,"rotation":0,"texture":"#0"},"north":{"uv":[1.0625,7.625,1.4375,7.9375],"tintindex":0,"rotation":0,"texture":"#0"}}},{"from":[6.5,11.332142,2.3982143],"to":[9.5,16.332142,3.3982143],"faces":{"east":{"uv":[3.6875,6.875,3.75,7.1875],"tintindex":0,"rotation":0,"texture":"#0"},"south":{"uv":[6.4375,1.25,6.625,1.5625],"tintindex":0,"rotation":0,"texture":"#0"},"north":{"uv":[5.5625,3.5625,5.75,3.875],"tintindex":0,"rotation":0,"texture":"#0"},"west":{"uv":[6.875,4.3125,6.9375,4.625],"tintindex":0,"rotation":0,"texture":"#0"},"up":{"uv":[1.25,5.125,1.0625,5.0625],"tintindex":0,"rotation":0,"texture":"#0"},"down":{"uv":[6.5,3.5625,6.3125,3.625],"tintindex":0,"rotation":0,"texture":"#0"}}},{"from":[11.5,11.332142,14.398214],"to":[14.5,14.332142,15.398214],"faces":{"east":{"uv":[7.0625,1.125,7.125,1.3125],"tintindex":0,"rotation":0,"texture":"#0"},"south":{"uv":[6.6875,5.75,6.875,5.9375],"tintindex":0,"rotation":0,"texture":"#0"},"north":{"uv":[6.6875,2.0,6.875,2.1875],"tintindex":0,"rotation":0,"texture":"#0"},"west":{"uv":[7.0625,1.375,7.125,1.5625],"tintindex":0,"rotation":0,"texture":"#0"},"up":{"uv":[7.25,1.6875,7.0625,1.625],"tintindex":0,"rotation":0,"texture":"#0"},"down":{"uv":[7.25,1.75,7.0625,1.8125],"tintindex":0,"rotation":0,"texture":"#0"}}},{"from":[6.5,2.3321419,2.3982143],"to":[9.5,6.332142,6.3982143],"faces":{"east":{"uv":[6.3125,3.25,6.5625,3.5],"tintindex":0,"rotation":0,"texture":"#0"},"south":{"uv":[3.9375,6.5,4.125,6.75],"tintindex":0,"rotation":0,"texture":"#0"},"north":{"uv":[1.25,6.5,1.4375,6.75],"tintindex":0,"rotation":0,"texture":"#0"},"west":{"uv":[6.3125,4.5,6.5625,4.75],"tintindex":0,"rotation":0,"texture":"#0"},"up":{"uv":[4.375,6.75,4.1875,6.5],"tintindex":0,"rotation":0,"texture":"#0"},"down":{"uv":[4.625,6.5,4.4375,6.75],"tintindex":0,"rotation":0,"texture":"#0"}}},{"from":[1.5,11.332142,3.3982143],"to":[2.5,14.332142,5.3982143],"faces":{"east":{"uv":[1.375,6.875,1.5,7.0625],"tintindex":0,"rotation":0,"texture":"#0"},"south":{"uv":[0.375,7.0625,0.4375,7.25],"tintindex":0,"rotation":0,"texture":"#0"},"north":{"uv":[7.0625,0.125,7.125,0.3125],"tintindex":0,"rotation":0,"texture":"#0"},"west":{"uv":[1.5625,6.875,1.6875,7.0625],"tintindex":0,"rotation":0,"texture":"#0"},"up":{"uv":[2.1875,7.25,2.125,7.125],"tintindex":0,"rotation":0,"texture":"#0"},"down":{"uv":[2.3125,7.125,2.25,7.25],"tintindex":0,"rotation":0,"texture":"#0"}}},{"from":[13.5,11.332142,3.3982143],"to":[14.5,14.332142,5.3982143],"faces":{"east":{"uv":[1.75,6.875,1.875,7.0625],"tintindex":0,"rotation":0,"texture":"#0"},"south":{"uv":[0.5,7.0625,0.5625,7.25],"tintindex":0,"rotation":0,"texture":"#0"},"north":{"uv":[7.0625,0.375,7.125,0.5625],"tintindex":0,"rotation":0,"texture":"#0"},"west":{"uv":[1.9375,6.875,2.0625,7.0625],"tintindex":0,"rotation":0,"texture":"#0"},"up":{"uv":[2.4375,7.25,2.375,7.125],"tintindex":0,"rotation":0,"texture":"#0"},"down":{"uv":[2.5625,7.125,2.5,7.25],"tintindex":0,"rotation":0,"texture":"#0"}}},{"from":[13.5,-1.6678581,3.3982143],"to":[14.5,4.332142,6.3982143],"faces":{"east":{"uv":[1.8125,6.1875,2.0,6.5625],"tintindex":0,"rotation":0,"texture":"#0"},"south":{"uv":[3.125,6.875,3.1875,7.25],"tintindex":0,"rotation":0,"texture":"#0"},"north":{"uv":[6.875,3.0,6.9375,3.375],"tintindex":0,"rotation":0,"texture":"#0"},"west":{"uv":[2.0625,6.1875,2.25,6.5625],"tintindex":0,"rotation":0,"texture":"#0"},"up":{"uv":[5.5,7.25,5.4375,7.0625],"tintindex":0,"rotation":0,"texture":"#0"},"down":{"uv":[7.125,5.6875,7.0625,5.875],"tintindex":0,"rotation":0,"texture":"#0"}}},{"from":[13.5,11.332142,12.398214],"to":[14.5,14.332142,14.398214],"faces":{"east":{"uv":[2.5,6.875,2.625,7.0625],"tintindex":0,"rotation":0,"texture":"#0"},"south":{"uv":[4.9375,7.0625,5.0,7.25],"tintindex":0,"rotation":0,"texture":"#0"},"north":{"uv":[7.0625,3.4375,7.125,3.625],"tintindex":0,"rotation":0,"texture":"#0"},"west":{"uv":[2.6875,6.875,2.8125,7.0625],"tintindex":0,"rotation":0,"texture":"#0"},"up":{"uv":[7.1875,2.875,7.125,2.75],"tintindex":0,"rotation":0,"texture":"#0"},"down":{"uv":[7.1875,2.9375,7.125,3.0625],"tintindex":0,"rotation":0,"texture":"#0"}}},{"from":[1.5,-1.6678581,11.398214],"to":[2.5,2.3321419,15.398214],"faces":{"east":{"uv":[6.3125,4.8125,6.5625,5.0625],"tintindex":0,"rotation":0,"texture":"#0"},"south":{"uv":[6.9375,2.1875,7.0,2.4375],"tintindex":0,"rotation":0,"texture":"#0"},"north":{"uv":[6.9375,1.875,7.0,2.125],"tintindex":0,"rotation":0,"texture":"#0"},"west":{"uv":[6.3125,6.25,6.5625,6.5],"tintindex":0,"rotation":0,"texture":"#0"},"up":{"uv":[7.0,2.75,6.9375,2.5],"tintindex":0,"rotation":0,"texture":"#0"},"down":{"uv":[7.0,5.0,6.9375,5.25],"tintindex":0,"rotation":0,"texture":"#0"}}},{"from":[13.5,4.332142,2.3982143],"to":[14.5,6.332142,6.3982143],"faces":{"east":{"uv":[4.4375,6.8125,4.6875,6.9375],"tintindex":0,"rotation":0,"texture":"#0"},"south":{"uv":[2.0,7.125,2.0625,7.25],"tintindex":0,"rotation":0,"texture":"#0"},"north":{"uv":[1.875,7.125,1.9375,7.25],"tintindex":0,"rotation":0,"texture":"#0"},"west":{"uv":[6.8125,5.5,7.0625,5.625],"tintindex":0,"rotation":0,"texture":"#0"},"up":{"uv":[7.0,0.875,6.9375,0.625],"tintindex":0,"rotation":0,"texture":"#0"},"down":{"uv":[7.0,0.9375,6.9375,1.1875],"tintindex":0,"rotation":0,"texture":"#0"}}},{"from":[6.5,11.332142,14.398214],"to":[9.5,15.332142,15.398214],"faces":{"east":{"uv":[6.9375,1.25,7.0,1.5],"tintindex":0,"rotation":0,"texture":"#0"},"south":{"uv":[0.0,6.5625,0.1875,6.8125],"tintindex":0,"rotation":0,"texture":"#0"},"north":{"uv":[4.6875,6.5,4.875,6.75],"tintindex":0,"rotation":0,"texture":"#0"},"west":{"uv":[6.9375,1.5625,7.0,1.8125],"tintindex":0,"rotation":0,"texture":"#0"},"up":{"uv":[7.25,1.9375,7.0625,1.875],"tintindex":0,"rotation":0,"texture":"#0"},"down":{"uv":[7.25,2.0,7.0625,2.0625],"tintindex":0,"rotation":0,"texture":"#0"}}},{"from":[1.5,-1.6678581,3.3982143],"to":[2.5,4.332142,6.3982143],"faces":{"east":{"uv":[0.25,6.125,0.4375,6.5],"tintindex":0,"rotation":0,"texture":"#0"},"south":{"uv":[3.0,6.875,3.0625,7.25],"tintindex":0,"rotation":0,"texture":"#0"},"north":{"uv":[2.875,6.875,2.9375,7.25],"tintindex":0,"rotation":0,"texture":"#0"},"west":{"uv":[1.5625,6.125,1.75,6.5],"tintindex":0,"rotation":0,"texture":"#0"},"up":{"uv":[7.125,5.1875,7.0625,5.0],"tintindex":0,"rotation":0,"texture":"#0"},"down":{"uv":[5.125,7.0625,5.0625,7.25],"tintindex":0,"rotation":0,"texture":"#0"}}},{"from":[-0.5,11.332142,9.398214],"to":[16.5,29.332142,9.398214],"faces":{"south":{"uv":[4.25,4.0,0.0,8.5],"tintindex":0,"rotation":0,"texture":"#1"},"north":{"uv":[0.0,4.0,4.25,8.5],"tintindex":0,"rotation":0,"texture":"#1"}}},{"from":[1.5,2.3321419,6.3982143],"to":[14.5,11.332142,15.398214],"faces":{"east":{"uv":[4.4375,4.0,5.0,4.5625],"tintindex":0,"rotation":0,"texture":"#0"},"south":{"uv":[4.3125,1.5,5.125,2.0625],"tintindex":0,"rotation":0,"texture":"#0"},"north":{"uv":[3.5625,3.9375,4.375,4.5],"tintindex":0,"rotation":0,"texture":"#0"},"west":{"uv":[4.5,0.0,5.0625,0.5625],"tintindex":0,"rotation":0,"texture":"#0"},"up":{"uv":[5.125,2.6875,4.3125,2.125],"tintindex":0,"rotation":0,"texture":"#0"},"down":{"uv":[5.125,2.75,4.3125,3.3125],"tintindex":0,"rotation":0,"texture":"#0"}}},{"from":[8.0,11.332142,0.89821434],"to":[8.0,29.332142,17.898214],"faces":{"east":{"uv":[0.0,4.0,4.25,8.5],"tintindex":0,"rotation":0,"texture":"#1"},"west":{"uv":[4.25,4.0,0.0,8.5],"tintindex":0,"rotation":0,"texture":"#1"}}},{"from":[1.5,11.332142,2.3982143],"to":[4.5,14.332142,3.3982143],"faces":{"east":{"uv":[5.8125,3.6875,5.875,3.875],"tintindex":0,"rotation":0,"texture":"#0"},"south":{"uv":[6.625,4.75,6.8125,4.9375],"tintindex":0,"rotation":0,"texture":"#0"},"north":{"uv":[6.625,4.5,6.8125,4.6875],"tintindex":0,"rotation":0,"texture":"#0"},"west":{"uv":[7.0,6.1875,7.0625,6.375],"tintindex":0,"rotation":0,"texture":"#0"},"up":{"uv":[6.6875,7.0625,6.5,7.0],"tintindex":0,"rotation":0,"texture":"#0"},"down":{"uv":[7.1875,6.875,7.0,6.9375],"tintindex":0,"rotation":0,"texture":"#0"}}},{"from":[1.5,11.332142,14.398214],"to":[4.5,14.332142,15.398214],"faces":{"east":{"uv":[0.625,7.0625,0.6875,7.25],"tintindex":0,"rotation":0,"texture":"#0"},"south":{"uv":[6.6875,1.75,6.875,1.9375],"tintindex":0,"rotation":0,"texture":"#0"},"north":{"uv":[6.6875,1.5,6.875,1.6875],"tintindex":0,"rotation":0,"texture":"#0"},"west":{"uv":[7.0625,0.625,7.125,0.8125],"tintindex":0,"rotation":0,"texture":"#0"},"up":{"uv":[7.25,0.9375,7.0625,0.875],"tintindex":0,"rotation":0,"texture":"#0"},"down":{"uv":[7.25,1.0,7.0625,1.0625],"tintindex":0,"rotation":0,"texture":"#0"}}},{"from":[8.925,2.2071419,3.3232145],"to":[16.75,9.157143,3.3232145],"faces":{"south":{"uv":[1.0625,7.625,1.4375,7.9375],"tintindex":0,"rotation":0,"texture":"#0"},"north":{"uv":[1.4375,7.625,1.0625,7.9375],"tintindex":0,"rotation":0,"texture":"#0"}}},{"from":[2.5,-0.6678581,3.3982143],"to":[13.5,10.332142,14.398214],"faces":{"east":{"uv":[3.5625,2.4375,4.25,3.125],"tintindex":0,"rotation":0,"texture":"#0"},"south":{"uv":[3.5625,3.1875,4.25,3.875],"tintindex":0,"rotation":0,"texture":"#0"},"north":{"uv":[3.5625,1.6875,4.25,2.375],"tintindex":0,"rotation":0,"texture":"#0"},"west":{"uv":[3.75,0.0,4.4375,0.6875],"tintindex":0,"rotation":0,"texture":"#0"},"up":{"uv":[4.4375,1.4375,3.75,0.75],"tintindex":0,"rotation":0,"texture":"#0"},"down":{"uv":[0.6875,3.875,0.0,4.5625],"tintindex":0,"rotation":0,"texture":"#0"}}},{"from":[11.5,11.332142,2.3982143],"to":[14.5,14.332142,3.3982143],"faces":{"east":{"uv":[7.0,7.0,7.0625,7.1875],"tintindex":0,"rotation":0,"texture":"#0"},"south":{"uv":[6.6875,1.25,6.875,1.4375],"tintindex":0,"rotation":0,"texture":"#0"},"north":{"uv":[6.625,6.25,6.8125,6.4375],"tintindex":0,"rotation":0,"texture":"#0"},"west":{"uv":[0.0,7.0625,0.0625,7.25],"tintindex":0,"rotation":0,"texture":"#0"},"up":{"uv":[7.25,0.0625,7.0625,0.0],"tintindex":0,"rotation":0,"texture":"#0"},"down":{"uv":[0.3125,7.0625,0.125,7.125],"tintindex":0,"rotation":0,"texture":"#0"}}},{"from":[2.5,-1.6678581,14.398214],"to":[5.5,2.3321419,15.398214],"faces":{"east":{"uv":[6.9375,5.6875,7.0,5.9375],"tintindex":0,"rotation":0,"texture":"#0"},"south":{"uv":[0.5,6.5625,0.6875,6.8125],"tintindex":0,"rotation":0,"texture":"#0"},"north":{"uv":[0.25,6.5625,0.4375,6.8125],"tintindex":0,"rotation":0,"texture":"#0"},"west":{"uv":[7.0,2.8125,7.0625,3.0625],"tintindex":0,"rotation":0,"texture":"#0"},"up":{"uv":[7.25,2.6875,7.0625,2.625],"tintindex":0,"rotation":0,"texture":"#0"},"down":{"uv":[5.375,7.0625,5.1875,7.125],"tintindex":0,"rotation":0,"texture":"#0"}}},{"from":[13.5,-1.6678581,11.398214],"to":[14.5,2.3321419,15.398214],"faces":{"east":{"uv":[6.375,5.9375,6.625,6.1875],"tintindex":0,"rotation":0,"texture":"#0"},"south":{"uv":[7.0,3.6875,7.0625,3.9375],"tintindex":0,"rotation":0,"texture":"#0"},"north":{"uv":[7.0,3.125,7.0625,3.375],"tintindex":0,"rotation":0,"texture":"#0"},"west":{"uv":[6.4375,0.9375,6.6875,1.1875],"tintindex":0,"rotation":0,"texture":"#0"},"up":{"uv":[7.0625,4.25,7.0,4.0],"tintindex":0,"rotation":0,"texture":"#0"},"down":{"uv":[7.0625,4.3125,7.0,4.5625],"tintindex":0,"rotation":0,"texture":"#0"}}},{"from":[1.5,6.332142,2.3982143],"to":[14.5,11.332142,6.3982143],"faces":{"east":{"uv":[5.1875,3.0,5.4375,3.3125],"tintindex":0,"rotation":0,"texture":"#0"},"south":{"uv":[4.875,4.625,5.6875,4.9375],"tintindex":0,"rotation":0,"texture":"#0"},"north":{"uv":[4.0,4.625,4.8125,4.9375],"tintindex":0,"rotation":0,"texture":"#0"},"west":{"uv":[6.0,4.9375,6.25,5.25],"tintindex":0,"rotation":0,"texture":"#0"},"up":{"uv":[5.875,4.1875,5.0625,3.9375],"tintindex":0,"rotation":0,"texture":"#0"},"down":{"uv":[5.875,4.25,5.0625,4.5],"tintindex":0,"rotation":0,"texture":"#0"}}},{"from":[1.5,-1.6678581,2.3982143],"to":[4.5,4.332142,3.3982143],"faces":{"east":{"uv":[4.3125,3.375,4.375,3.75],"tintindex":0,"rotation":0,"texture":"#0"},"south":{"uv":[0.0,6.125,0.1875,6.5],"tintindex":0,"rotation":0,"texture":"#0"},"north":{"uv":[6.0,5.3125,6.1875,5.6875],"tintindex":0,"rotation":0,"texture":"#0"},"west":{"uv":[1.5625,5.5625,1.625,5.9375],"tintindex":0,"rotation":0,"texture":"#0"},"up":{"uv":[1.5625,4.5,1.375,4.4375],"tintindex":0,"rotation":0,"texture":"#0"},"down":{"uv":[1.8125,4.4375,1.625,4.5],"tintindex":0,"rotation":0,"texture":"#0"}}},{"from":[10.5,-1.6678581,14.398214],"to":[13.5,2.3321419,15.398214],"faces":{"east":{"uv":[4.4375,7.0,4.5,7.25],"tintindex":0,"rotation":0,"texture":"#0"},"south":{"uv":[1.5,6.5625,1.6875,6.8125],"tintindex":0,"rotation":0,"texture":"#0"},"north":{"uv":[0.75,6.5625,0.9375,6.8125],"tintindex":0,"rotation":0,"texture":"#0"},"west":{"uv":[4.5625,7.0,4.625,7.25],"tintindex":0,"rotation":0,"texture":"#0"},"up":{"uv":[7.25,5.3125,7.0625,5.25],"tintindex":0,"rotation":0,"texture":"#0"},"down":{"uv":[7.25,5.375,7.0625,5.4375],"tintindex":0,"rotation":0,"texture":"#0"}}},{"from":[11.5,-1.6678581,2.3982143],"to":[14.5,4.332142,3.3982143],"faces":{"east":{"uv":[3.25,6.875,3.3125,7.25],"tintindex":0,"rotation":0,"texture":"#0"},"south":{"uv":[2.5625,6.1875,2.75,6.5625],"tintindex":0,"rotation":0,"texture":"#0"},"north":{"uv":[2.3125,6.1875,2.5,6.5625],"tintindex":0,"rotation":0,"texture":"#0"},"west":{"uv":[3.375,6.875,3.4375,7.25],"tintindex":0,"rotation":0,"texture":"#0"},"up":{"uv":[7.25,6.5,7.0625,6.4375],"tintindex":0,"rotation":0,"texture":"#0"},"down":{"uv":[7.25,6.5625,7.0625,6.625],"tintindex":0,"rotation":0,"texture":"#0"}}},{"from":[1.5,11.332142,12.398214],"to":[2.5,14.332142,14.398214],"faces":{"east":{"uv":[2.125,6.875,2.25,7.0625],"tintindex":0,"rotation":0,"texture":"#0"},"south":{"uv":[7.0625,2.375,7.125,2.5625],"tintindex":0,"rotation":0,"texture":"#0"},"north":{"uv":[7.0625,2.125,7.125,2.3125],"tintindex":0,"rotation":0,"texture":"#0"},"west":{"uv":[2.3125,6.875,2.4375,7.0625],"tintindex":0,"rotation":0,"texture":"#0"},"up":{"uv":[2.6875,7.25,2.625,7.125],"tintindex":0,"rotation":0,"texture":"#0"},"down":{"uv":[2.8125,7.125,2.75,7.25],"tintindex":0,"rotation":0,"texture":"#0"}}}],"display":{"head":{"rotation":[0.0,0.0,0.0]},"firstperson_righthand":{"rotation":[0.0,0.0,0.0]},"thirdperson_lefthand":{"rotation":[0.0,-0.0,-0.0]},"firstperson_lefthand":{"rotation":[0.0,-0.0,-0.0]},"fixed":{"rotation":[0.0,0.0,0.0]},"ground":{"rotation":[0.0,0.0,0.0]},"thirdperson_righthand":{"rotation":[0.0,0.0,0.0]},"gui":{"rotation":[-150.0,-45.0,180.0]}}}