{"textures":{"0":"modelengine:entity/blaze_king","particle":"#0"},"elements":[{"from":[4.0,-1.0,4.0],"to":[12.0,17.0,12.0],"faces":{"east":{"uv":[3.0,1.6875,3.5,2.8125],"tintindex":0,"rotation":0,"texture":"#0"},"south":{"uv":[3.0,1.6875,3.5,2.8125],"tintindex":0,"rotation":0,"texture":"#0"},"north":{"uv":[3.0,1.6875,3.5,2.8125],"tintindex":0,"rotation":0,"texture":"#0"},"west":{"uv":[3.0,1.6875,3.5,2.8125],"tintindex":0,"rotation":0,"texture":"#0"},"up":{"uv":[0.5,5.125,0.0,4.625],"tintindex":0,"rotation":0,"texture":"#0"},"down":{"uv":[0.5,5.125,0.0,4.625],"tintindex":0,"rotation":0,"texture":"#0"}}}],"display":{"head":{"rotation":[0.0,0.0,0.0]},"firstperson_righthand":{"rotation":[0.0,0.0,0.0]},"thirdperson_lefthand":{"rotation":[0.0,-0.0,-0.0]},"firstperson_lefthand":{"rotation":[0.0,-0.0,-0.0]},"fixed":{"rotation":[0.0,0.0,0.0]},"ground":{"rotation":[0.0,0.0,0.0]},"thirdperson_righthand":{"rotation":[0.0,0.0,0.0]},"gui":{"rotation":[-150.0,-45.0,180.0]}}}