{
  "textures": {
    "0": "modelengine:entity/lava_piranha"
  },
  "elements": [
    {
      "from": [
        11,
        8,
        5.05
      ],
      "to": [
        11,
        10,
        8.05
      ],
      "faces": {
        "east": {
          "uv": [
            8,
            0,
            7.25,
            0.5
          ],
          "tintindex": 0,
          "rotation": 0,
          "texture": "#0"
        },
        "west": {
          "uv": [
            7.25,
            0,
            8,
            0.5
          ],
          "tintindex": 0,
          "rotation": 0,
          "texture": "#0"
        }
      }
    },
    {
      "from": [
        4.9875,
        6,
        5.05
      ],
      "to": [
        11.0125,
        8,
        8.05
      ],
      "faces": {
        "east": {
          "uv": [
            0,
            7,
            0.75,
            7.5
          ],
          "tintindex": 0,
          "rotation": 0,
          "texture": "#0"
        },
        "south": {
          "uv": [
            5.75,
            6.5,
            7.25,
            7
          ],
          "tintindex": 0,
          "rotation": 0,
          "texture": "#0"
        },
        "north": {
          "uv": [
            6.5,
            5.25,
            8,
            5.75
          ],
          "tintindex": 0,
          "rotation": 0,
          "texture": "#0"
        },
        "west": {
          "uv": [
            7,
            2.75,
            7.75,
            3.25
          ],
          "tintindex": 0,
          "rotation": 0,
          "texture": "#0"
        },
        "up": {
          "uv": [
            7.25,
            5,
            5.75,
            4.25
          ],
          "tintindex": 0,
          "rotation": 0,
          "texture": "#0"
        },
        "down": {
          "uv": [
            3,
            6.5,
            1.5,
            7.25
          ],
          "tintindex": 0,
          "rotation": 0,
          "texture": "#0"
        }
      }
    },
    {
      "from": [
        5,
        8,
        5.05
      ],
      "to": [
        11,
        10,
        5.05
      ],
      "faces": {
        "south": {
          "uv": [
            8.5,
            1.25,
            7,
            1.75
          ],
          "tintindex": 0,
          "rotation": 0,
          "texture": "#0"
        },
        "north": {
          "uv": [
            7,
            1.25,
            8.5,
            1.75
          ],
          "tintindex": 0,
          "rotation": 0,
          "texture": "#0"
        }
      }
    },
    {
      "from": [
        5,
        8,
        5.05
      ],
      "to": [
        5,
        10,
        8.05
      ],
      "faces": {
        "east": {
          "uv": [
            8,
            0,
            7.25,
            0.5
          ],
          "tintindex": 0,
          "rotation": 0,
          "texture": "#0"
        },
        "west": {
          "uv": [
            7.25,
            0,
            8,
            0.5
          ],
          "tintindex": 0,
          "rotation": 0,
          "texture": "#0"
        }
      }
    }
  ],
  "display": {
    "gui": {
      "rotation": [
        30,
        225,
        0
      ]
    }
  }
}