{
  "textures": {
    "0": "modelengine:entity/lava_piranha"
  },
  "elements": [
    {
      "from": [
        4,
        8,
        5.5
      ],
      "to": [
        8,
        8,
        10.5
      ],
      "faces": {
        "up": {
          "uv": [
            6.75,
            2.5,
            5.75,
            1.25
          ],
          "tintindex": 0,
          "rotation": 0,
          "texture": "#0"
        },
        "down": {
          "uv": [
            6.75,
            1.25,
            5.75,
            2.5
          ],
          "tintindex": 0,
          "rotation": 0,
          "texture": "#0"
        }
      }
    }
  ],
  "display": {
    "gui": {
      "rotation": [
        30,
        225,
        0
      ]
    }
  }
}