{
  "textures": {
    "0": "modelengine:entity/lava_piranha"
  },
  "elements": [
    {
      "from": [
        8,
        4,
        8
      ],
      "to": [
        8,
        12,
        16
      ],
      "faces": {
        "east": {
          "uv": [
            2,
            2.25,
            0,
            4.25
          ],
          "tintindex": 0,
          "rotation": 0,
          "texture": "#0"
        },
        "west": {
          "uv": [
            0,
            2.25,
            2,
            4.25
          ],
          "tintindex": 0,
          "rotation": 0,
          "texture": "#0"
        }
      }
    }
  ],
  "display": {
    "gui": {
      "rotation": [
        30,
        225,
        0
      ]
    }
  }
}