{
  "textures": {
    "0": "modelengine:entity/hell_hound"
  },
  "elements": [
    {
      "from": [
        8,
        4.5,
        5.75
      ],
      "to": [
        8,
        8.5,
        8.75
      ],
      "faces": {
        "east": {
          "uv": [
            4.25,
            10.25,
            3.875,
            10.75
          ],
          "tintindex": 0,
          "rotation": 0,
          "texture": "#0"
        },
        "west": {
          "uv": [
            3.875,
            10.25,
            4.25,
            10.75
          ],
          "tintindex": 0,
          "rotation": 0,
          "texture": "#0"
        }
      },
      "rotation": {
        "origin": [
          8,
          6.5,
          7.25
        ],
        "angle": 22.5,
        "axis": "x"
      }
    }
  ],
  "display": {
    "gui": {
      "rotation": [
        30,
        225,
        0
      ]
    }
  }
}