{
  "textures": {
    "0": "modelengine:entity/hell_hound"
  },
  "elements": [
    {
      "from": [
        8,
        4.25,
        6.5
      ],
      "to": [
        8,
        8.25,
        9.5
      ],
      "faces": {
        "east": {
          "uv": [
            4.25,
            10.25,
            3.875,
            10.75
          ],
          "tintindex": 0,
          "rotation": 0,
          "texture": "#0"
        },
        "west": {
          "uv": [
            3.875,
            10.25,
            4.25,
            10.75
          ],
          "tintindex": 0,
          "rotation": 0,
          "texture": "#0"
        }
      }
    }
  ],
  "display": {
    "gui": {
      "rotation": [
        30,
        225,
        0
      ]
    }
  }
}