{
  "textures": {
    "0": "modelengine:entity/hell_hound"
  },
  "elements": [
    {
      "from": [
        6,
        5.5,
        2.25
      ],
      "to": [
        10,
        7.5,
        9.25
      ],
      "faces": {
        "east": {
          "uv": [
            10,
            9.5,
            10.875,
            9.75
          ],
          "tintindex": 0,
          "rotation": 0,
          "texture": "#0"
        },
        "south": {
          "uv": [
            5.375,
            10.875,
            5.875,
            11.125
          ],
          "tintindex": 0,
          "rotation": 0,
          "texture": "#0"
        },
        "north": {
          "uv": [
            5,
            2.125,
            5.5,
            2.375
          ],
          "tintindex": 0,
          "rotation": 0,
          "texture": "#0"
        },
        "west": {
          "uv": [
            10,
            9.875,
            10.875,
            10.125
          ],
          "tintindex": 0,
          "rotation": 0,
          "texture": "#0"
        },
        "up": {
          "uv": [
            8.25,
            9.125,
            7.75,
            8.25
          ],
          "tintindex": 0,
          "rotation": 0,
          "texture": "#0"
        },
        "down": {
          "uv": [
            8.875,
            1.125,
            8.375,
            2
          ],
          "tintindex": 0,
          "rotation": 0,
          "texture": "#0"
        }
      },
      "rotation": {
        "origin": [
          8,
          6.5,
          5.75
        ],
        "angle": -22.5,
        "axis": "x"
      }
    }
  ],
  "display": {
    "gui": {
      "rotation": [
        30,
        225,
        0
      ]
    }
  }
}