{
  "textures": {
    "0": "modelengine:entity/hell_hound"
  },
  "elements": [
    {
      "from": [
        6.5,
        5.042351,
        6.175825
      ],
      "to": [
        9.5,
        8.042351,
        13.175825
      ],
      "faces": {
        "east": {
          "uv": [
            8.875,
            4,
            9.75,
            4.375
          ],
          "tintindex": 0,
          "rotation": 0,
          "texture": "#0"
        },
        "south": {
          "uv": [
            1.5,
            10.625,
            1.875,
            11
          ],
          "tintindex": 0,
          "rotation": 0,
          "texture": "#0"
        },
        "north": {
          "uv": [
            3.375,
            5.25,
            3.75,
            5.625
          ],
          "tintindex": 0,
          "rotation": 0,
          "texture": "#0"
        },
        "west": {
          "uv": [
            5.625,
            9,
            6.5,
            9.375
          ],
          "tintindex": 0,
          "rotation": 0,
          "texture": "#0"
        },
        "up": {
          "uv": [
            7,
            9.875,
            6.625,
            9
          ],
          "tintindex": 0,
          "rotation": 0,
          "texture": "#0"
        },
        "down": {
          "uv": [
            9.375,
            8,
            9,
            8.875
          ],
          "tintindex": 0,
          "rotation": 0,
          "texture": "#0"
        }
      },
      "rotation": {
        "origin": [
          8,
          6.542351,
          9.675825
        ],
        "angle": 45,
        "axis": "x"
      }
    },
    {
      "from": [
        8,
        7.1636705,
        8.297145
      ],
      "to": [
        8,
        10.163671,
        15.297146
      ],
      "faces": {
        "east": {
          "uv": [
            10.125,
            4.5,
            9.25,
            4.875
          ],
          "tintindex": 0,
          "rotation": 0,
          "texture": "#0"
        },
        "west": {
          "uv": [
            9.25,
            4.5,
            10.125,
            4.875
          ],
          "tintindex": 0,
          "rotation": 0,
          "texture": "#0"
        }
      },
      "rotation": {
        "origin": [
          8,
          8.663671,
          11.797145
        ],
        "angle": 45,
        "axis": "x"
      }
    }
  ],
  "display": {
    "gui": {
      "rotation": [
        30,
        225,
        0
      ]
    }
  }
}