{
  "textures": {
    "0": "modelengine:entity/hell_hound"
  },
  "elements": [
    {
      "from": [
        8,
        12.750001,
        -1
      ],
      "to": [
        8,
        17.75,
        9
      ],
      "faces": {
        "east": {
          "uv": [
            4.25,
            6.875,
            3,
            7.5
          ],
          "tintindex": 0,
          "rotation": 0,
          "texture": "#0"
        },
        "west": {
          "uv": [
            3,
            6.875,
            4.25,
            7.5
          ],
          "tintindex": 0,
          "rotation": 0,
          "texture": "#0"
        }
      }
    },
    {
      "from": [
        4.5,
        4.75,
        -1
      ],
      "to": [
        11.5,
        12.750001,
        9
      ],
      "faces": {
        "east": {
          "uv": [
            4,
            3.75,
            5.25,
            4.75
          ],
          "tintindex": 0,
          "rotation": 0,
          "texture": "#0"
        },
        "south": {
          "uv": [
            4.375,
            5.75,
            5.25,
            6.75
          ],
          "tintindex": 0,
          "rotation": 0,
          "texture": "#0"
        },
        "north": {
          "uv": [
            3.375,
            5.75,
            4.25,
            6.75
          ],
          "tintindex": 0,
          "rotation": 0,
          "texture": "#0"
        },
        "west": {
          "uv": [
            4.25,
            2.5,
            5.5,
            3.5
          ],
          "tintindex": 0,
          "rotation": 0,
          "texture": "#0"
        },
        "up": {
          "uv": [
            3.25,
            6.5,
            2.375,
            5.25
          ],
          "tintindex": 0,
          "rotation": 0,
          "texture": "#0"
        },
        "down": {
          "uv": [
            0.875,
            5.5,
            0,
            6.75
          ],
          "tintindex": 0,
          "rotation": 0,
          "texture": "#0"
        }
      }
    }
  ],
  "display": {
    "gui": {
      "rotation": [
        30,
        225,
        0
      ]
    }
  }
}