{
  "textures": {
    "0": "modelengine:entity/lava_mite"
  },
  "elements": [
    {
      "from": [
        4,
        4.916667,
        3.0139694
      ],
      "to": [
        12,
        10.916666,
        8.013969
      ],
      "faces": {
        "east": {
          "uv": [
            7.25,
            7,
            8.5,
            8.5
          ],
          "tintindex": 0,
          "rotation": 0,
          "texture": "#0"
        },
        "south": {
          "uv": [
            5.5,
            1.75,
            7.5,
            3.25
          ],
          "tintindex": 0,
          "rotation": 0,
          "texture": "#0"
        },
        "north": {
          "uv": [
            5.5,
            0,
            7.5,
            1.5
          ],
          "tintindex": 0,
          "rotation": 0,
          "texture": "#0"
        },
        "west": {
          "uv": [
            0,
            7.75,
            1.25,
            9.25
          ],
          "tintindex": 0,
          "rotation": 0,
          "texture": "#0"
        },
        "up": {
          "uv": [
            4.75,
            8,
            2.75,
            6.75
          ],
          "tintindex": 0,
          "rotation": 0,
          "texture": "#0"
        },
        "down": {
          "uv": [
            7,
            7,
            5,
            8.25
          ],
          "tintindex": 0,
          "rotation": 0,
          "texture": "#0"
        }
      }
    }
  ],
  "display": {
    "gui": {
      "rotation": [
        30,
        225,
        0
      ]
    }
  }
}