{"textures":{"0":"modelengine:entity/abyssal_puddle"},"elements":[{"from":[5.5,5.5,5.5],"to":[10.5,10.5,10.5],"faces":{"east":{"uv":[8.0,1.25,9.25,2.5],"tintindex":0,"rotation":0,"texture":"#0"},"south":{"uv":[8.0,2.5,9.25,3.75],"tintindex":0,"rotation":0,"texture":"#0"},"north":{"uv":[8.0,0.0,9.25,1.25],"tintindex":0,"rotation":0,"texture":"#0"},"west":{"uv":[8.0,3.75,9.25,5.0],"tintindex":0,"rotation":0,"texture":"#0"},"up":{"uv":[9.25,6.25,8.0,5.0],"tintindex":0,"rotation":0,"texture":"#0"},"down":{"uv":[9.25,6.25,8.0,7.5],"tintindex":0,"rotation":0,"texture":"#0"}}}],"display":{"gui":{"rotation":[30,225,0]}}}