{"textures":{"0":"modelengine:entity/abyssal_puddle"},"elements":[{"from":[6.0,6.0,6.0],"to":[10.0,10.0,10.0],"faces":{"east":{"uv":[9.25,3.0,10.25,4.0],"tintindex":0,"rotation":0,"texture":"#0"},"south":{"uv":[9.25,4.0,10.25,5.0],"tintindex":0,"rotation":0,"texture":"#0"},"north":{"uv":[9.25,2.0,10.25,3.0],"tintindex":0,"rotation":0,"texture":"#0"},"west":{"uv":[9.25,5.0,10.25,6.0],"tintindex":0,"rotation":0,"texture":"#0"},"up":{"uv":[10.25,7.0,9.25,6.0],"tintindex":0,"rotation":0,"texture":"#0"},"down":{"uv":[9.0,9.5,8.0,10.5],"tintindex":0,"rotation":0,"texture":"#0"}}}],"display":{"gui":{"rotation":[30,225,0]}}}