{"textures":{"0":"modelengine:entity/abyssal_puddle"},"elements":[{"from":[6.5,6.5,6.5],"to":[9.5,9.5,9.5],"faces":{"east":{"uv":[9.75,9.5,10.5,10.25],"tintindex":0,"rotation":0,"texture":"#0"},"south":{"uv":[10.0,7.0,10.75,7.75],"tintindex":0,"rotation":0,"texture":"#0"},"north":{"uv":[9.0,9.5,9.75,10.25],"tintindex":0,"rotation":0,"texture":"#0"},"west":{"uv":[10.0,7.75,10.75,8.5],"tintindex":0,"rotation":0,"texture":"#0"},"up":{"uv":[10.75,9.25,10.0,8.5],"tintindex":0,"rotation":0,"texture":"#0"},"down":{"uv":[11.0,0.0,10.25,0.75],"tintindex":0,"rotation":0,"texture":"#0"}}}],"display":{"gui":{"rotation":[30,225,0]}}}