{"textures":{"0":"modelengine:entity/abyssal_puddle"},"elements":[{"from":[6.5,6.5,6.5],"to":[9.5,9.5,9.5],"faces":{"east":{"uv":[10.25,1.5,11.0,2.25],"tintindex":0,"rotation":0,"texture":"#0"},"south":{"uv":[10.25,2.25,11.0,3.0],"tintindex":0,"rotation":0,"texture":"#0"},"north":{"uv":[10.25,0.75,11.0,1.5],"tintindex":0,"rotation":0,"texture":"#0"},"west":{"uv":[10.25,3.0,11.0,3.75],"tintindex":0,"rotation":0,"texture":"#0"},"up":{"uv":[11.0,4.5,10.25,3.75],"tintindex":0,"rotation":0,"texture":"#0"},"down":{"uv":[11.0,4.5,10.25,5.25],"tintindex":0,"rotation":0,"texture":"#0"}}}],"display":{"gui":{"rotation":[30,225,0]}}}