{"textures":{"0":"modelengine:entity/abyssal_puddle","particle":"#0"},"elements":[{"from":[6.0,6.0,6.0],"to":[10.0,10.0,10.0],"faces":{"east":{"uv":[8.0,8.5,9.0,9.5],"tintindex":0,"rotation":0,"texture":"#0"},"south":{"uv":[9.0,7.5,10.0,8.5],"tintindex":0,"rotation":0,"texture":"#0"},"north":{"uv":[8.0,7.5,9.0,8.5],"tintindex":0,"rotation":0,"texture":"#0"},"west":{"uv":[9.0,8.5,10.0,9.5],"tintindex":0,"rotation":0,"texture":"#0"},"up":{"uv":[10.25,1.0,9.25,0.0],"tintindex":0,"rotation":0,"texture":"#0"},"down":{"uv":[10.25,1.0,9.25,2.0],"tintindex":0,"rotation":0,"texture":"#0"}}}],"display":{"head":{"rotation":[0.0,0.0,0.0]},"firstperson_righthand":{"rotation":[0.0,0.0,0.0]},"thirdperson_lefthand":{"rotation":[0.0,-0.0,-0.0]},"firstperson_lefthand":{"rotation":[0.0,-0.0,-0.0]},"fixed":{"rotation":[0.0,0.0,0.0]},"ground":{"rotation":[0.0,0.0,0.0]},"thirdperson_righthand":{"rotation":[0.0,0.0,0.0]},"gui":{"rotation":[-150.0,-45.0,180.0]}}}