{"textures":{"0":"modelengine:entity/abyssal_puddle","particle":"#0"},"elements":[{"from":[6.5,6.5,6.5],"to":[9.5,9.5,9.5],"faces":{"east":{"uv":[10.25,6.0,11.0,6.75],"tintindex":0,"rotation":0,"texture":"#0"},"south":{"uv":[9.0,10.25,9.75,11.0],"tintindex":0,"rotation":0,"texture":"#0"},"north":{"uv":[10.25,5.25,11.0,6.0],"tintindex":0,"rotation":0,"texture":"#0"},"west":{"uv":[9.75,10.25,10.5,11.0],"tintindex":0,"rotation":0,"texture":"#0"},"up":{"uv":[8.75,11.25,8.0,10.5],"tintindex":0,"rotation":0,"texture":"#0"},"down":{"uv":[11.25,9.25,10.5,10.0],"tintindex":0,"rotation":0,"texture":"#0"}}}],"display":{"head":{"rotation":[0.0,0.0,0.0]},"firstperson_righthand":{"rotation":[0.0,0.0,0.0]},"thirdperson_lefthand":{"rotation":[0.0,-0.0,-0.0]},"firstperson_lefthand":{"rotation":[0.0,-0.0,-0.0]},"fixed":{"rotation":[0.0,0.0,0.0]},"ground":{"rotation":[0.0,0.0,0.0]},"thirdperson_righthand":{"rotation":[0.0,0.0,0.0]},"gui":{"rotation":[-150.0,-45.0,180.0]}}}