{"textures":{"4":"modelengine:entity/hv_dig","particle":"#4"},"elements":[{"from":[6.0,6.0,6.0],"to":[10.0,10.0,10.0],"faces":{"east":{"uv":[10.145834,11.0,10.229167,11.083334],"tintindex":0,"rotation":0,"texture":"#4"},"south":{"uv":[5.666667,11.020834,5.75,11.104167],"tintindex":0,"rotation":0,"texture":"#4"},"north":{"uv":[5.666667,10.9375,5.75,11.020834],"tintindex":0,"rotation":0,"texture":"#4"},"west":{"uv":[11.604167,0.8958334,11.6875,0.9791667],"tintindex":0,"rotation":0,"texture":"#4"},"up":{"uv":[11.6875,1.0625,11.604167,0.9791667],"tintindex":0,"rotation":0,"texture":"#4"},"down":{"uv":[1.9166667,11.875,1.8333334,11.958334],"tintindex":0,"rotation":0,"texture":"#4"}}}],"display":{"head":{"rotation":[0.0,0.0,0.0]},"firstperson_righthand":{"rotation":[0.0,0.0,0.0]},"thirdperson_lefthand":{"rotation":[0.0,-0.0,-0.0]},"firstperson_lefthand":{"rotation":[0.0,-0.0,-0.0]},"fixed":{"rotation":[0.0,0.0,0.0]},"ground":{"rotation":[0.0,0.0,0.0]},"thirdperson_righthand":{"rotation":[0.0,0.0,0.0]},"gui":{"rotation":[-150.0,-45.0,180.0]}}}