{"textures":{"4":"modelengine:entity/hv_dig","particle":"#4"},"elements":[{"from":[6.0,6.0,6.0],"to":[10.0,10.0,10.0],"faces":{"east":{"uv":[8.3125,13.375,8.395834,13.458334],"tintindex":0,"rotation":0,"texture":"#4"},"south":{"uv":[8.3125,13.458334,8.395834,13.541667],"tintindex":0,"rotation":0,"texture":"#4"},"north":{"uv":[13.354167,6.479167,13.4375,6.5625],"tintindex":0,"rotation":0,"texture":"#4"},"west":{"uv":[13.479167,2.2291667,13.5625,2.3125],"tintindex":0,"rotation":0,"texture":"#4"},"up":{"uv":[12.708334,13.6875,12.625,13.604167],"tintindex":0,"rotation":0,"texture":"#4"},"down":{"uv":[13.8125,12.729167,13.729167,12.8125],"tintindex":0,"rotation":0,"texture":"#4"}}}],"display":{"head":{"rotation":[0.0,0.0,0.0]},"firstperson_righthand":{"rotation":[0.0,0.0,0.0]},"thirdperson_lefthand":{"rotation":[0.0,-0.0,-0.0]},"firstperson_lefthand":{"rotation":[0.0,-0.0,-0.0]},"fixed":{"rotation":[0.0,0.0,0.0]},"ground":{"rotation":[0.0,0.0,0.0]},"thirdperson_righthand":{"rotation":[0.0,0.0,0.0]},"gui":{"rotation":[-150.0,-45.0,180.0]}}}