{"textures":{"4":"modelengine:entity/hv_dig","particle":"#4"},"elements":[{"from":[6.0,6.0,6.0],"to":[10.0,10.0,10.0],"faces":{"east":{"uv":[12.958334,6.6458335,13.041667,6.729167],"tintindex":0,"rotation":0,"texture":"#4"},"south":{"uv":[1.4583334,13.0625,1.5416667,13.145834],"tintindex":0,"rotation":0,"texture":"#4"},"north":{"uv":[12.958334,6.5625,13.041667,6.6458335],"tintindex":0,"rotation":0,"texture":"#4"},"west":{"uv":[13.229167,8.875,13.3125,8.958334],"tintindex":0,"rotation":0,"texture":"#4"},"up":{"uv":[13.3125,9.041667,13.229167,8.958334],"tintindex":0,"rotation":0,"texture":"#4"},"down":{"uv":[13.4375,6.3958335,13.354167,6.479167],"tintindex":0,"rotation":0,"texture":"#4"}}}],"display":{"head":{"rotation":[0.0,0.0,0.0]},"firstperson_righthand":{"rotation":[0.0,0.0,0.0]},"thirdperson_lefthand":{"rotation":[0.0,-0.0,-0.0]},"firstperson_lefthand":{"rotation":[0.0,-0.0,-0.0]},"fixed":{"rotation":[0.0,0.0,0.0]},"ground":{"rotation":[0.0,0.0,0.0]},"thirdperson_righthand":{"rotation":[0.0,0.0,0.0]},"gui":{"rotation":[-150.0,-45.0,180.0]}}}