{"textures":{"4":"modelengine:entity/hv_dig","particle":"#4"},"elements":[{"from":[6.0,6.0,6.0],"to":[10.0,10.0,10.0],"faces":{"east":{"uv":[2.1458335,5.2083335,2.2291667,5.291667],"tintindex":0,"rotation":0,"texture":"#4"},"south":{"uv":[3.6875,5.6875,3.7708335,5.7708335],"tintindex":0,"rotation":0,"texture":"#4"},"north":{"uv":[2.1458335,5.125,2.2291667,5.2083335],"tintindex":0,"rotation":0,"texture":"#4"},"west":{"uv":[3.7708335,5.6875,3.8541667,5.7708335],"tintindex":0,"rotation":0,"texture":"#4"},"up":{"uv":[9.916667,1.1458334,9.833334,1.0625],"tintindex":0,"rotation":0,"texture":"#4"},"down":{"uv":[10.104167,5.416667,10.020834,5.5],"tintindex":0,"rotation":0,"texture":"#4"}}}],"display":{"head":{"rotation":[0.0,0.0,0.0]},"firstperson_righthand":{"rotation":[0.0,0.0,0.0]},"thirdperson_lefthand":{"rotation":[0.0,-0.0,-0.0]},"firstperson_lefthand":{"rotation":[0.0,-0.0,-0.0]},"fixed":{"rotation":[0.0,0.0,0.0]},"ground":{"rotation":[0.0,0.0,0.0]},"thirdperson_righthand":{"rotation":[0.0,0.0,0.0]},"gui":{"rotation":[-150.0,-45.0,180.0]}}}