{"textures":{"4":"modelengine:entity/hv_dig","particle":"#4"},"elements":[{"from":[6.0,6.0,6.0],"to":[10.0,10.0,10.0],"faces":{"east":{"uv":[0.7916667,12.166667,0.875,12.25],"tintindex":0,"rotation":0,"texture":"#4"},"south":{"uv":[0.875,12.166667,0.9583334,12.25],"tintindex":0,"rotation":0,"texture":"#4"},"north":{"uv":[1.9166667,11.875,2.0,11.958334],"tintindex":0,"rotation":0,"texture":"#4"},"west":{"uv":[12.75,8.125,12.833334,8.208334],"tintindex":0,"rotation":0,"texture":"#4"},"up":{"uv":[12.833334,10.375,12.75,10.291667],"tintindex":0,"rotation":0,"texture":"#4"},"down":{"uv":[12.833334,10.375,12.75,10.458334],"tintindex":0,"rotation":0,"texture":"#4"}}}],"display":{"head":{"rotation":[0.0,0.0,0.0]},"firstperson_righthand":{"rotation":[0.0,0.0,0.0]},"thirdperson_lefthand":{"rotation":[0.0,-0.0,-0.0]},"firstperson_lefthand":{"rotation":[0.0,-0.0,-0.0]},"fixed":{"rotation":[0.0,0.0,0.0]},"ground":{"rotation":[0.0,0.0,0.0]},"thirdperson_righthand":{"rotation":[0.0,0.0,0.0]},"gui":{"rotation":[-150.0,-45.0,180.0]}}}