{"textures":{"4":"modelengine:entity/hv_dig","particle":"#4"},"elements":[{"from":[6.0,6.0,6.0],"to":[10.0,10.0,10.0],"faces":{"east":{"uv":[13.833334,9.916667,13.916667,10.0],"tintindex":0,"rotation":0,"texture":"#4"},"south":{"uv":[14.041667,6.8958335,14.125,6.979167],"tintindex":0,"rotation":0,"texture":"#4"},"north":{"uv":[13.75,9.916667,13.833334,10.0],"tintindex":0,"rotation":0,"texture":"#4"},"west":{"uv":[14.125,6.8958335,14.208334,6.979167],"tintindex":0,"rotation":0,"texture":"#4"},"up":{"uv":[14.333334,10.25,14.25,10.166667],"tintindex":0,"rotation":0,"texture":"#4"},"down":{"uv":[13.833334,14.25,13.75,14.333334],"tintindex":0,"rotation":0,"texture":"#4"}}}],"display":{"head":{"rotation":[0.0,0.0,0.0]},"firstperson_righthand":{"rotation":[0.0,0.0,0.0]},"thirdperson_lefthand":{"rotation":[0.0,-0.0,-0.0]},"firstperson_lefthand":{"rotation":[0.0,-0.0,-0.0]},"fixed":{"rotation":[0.0,0.0,0.0]},"ground":{"rotation":[0.0,0.0,0.0]},"thirdperson_righthand":{"rotation":[0.0,0.0,0.0]},"gui":{"rotation":[-150.0,-45.0,180.0]}}}