{"textures":{"4":"modelengine:entity/hv_dig","particle":"#4"},"elements":[{"from":[9.21875,2.416666,9.013325],"to":[18.59375,19.666664,12.763326],"faces":{"east":{"uv":[3.4375,13.75,3.6041667,14.479167],"tintindex":0,"rotation":0,"texture":"#4"},"south":{"uv":[12.791667,0.0,13.1875,0.7291667],"tintindex":0,"rotation":0,"texture":"#4"},"north":{"uv":[2.6875,6.6875,3.0833335,7.416667],"tintindex":0,"rotation":0,"texture":"#4"},"west":{"uv":[3.6041667,13.75,3.7708335,14.479167],"tintindex":0,"rotation":0,"texture":"#4"},"up":{"uv":[13.229167,9.020834,12.833334,8.854167],"tintindex":0,"rotation":0,"texture":"#4"},"down":{"uv":[14.666667,3.625,14.270834,3.7916667],"tintindex":0,"rotation":0,"texture":"#4"}},"rotation":{"origin":[16.71875,3.416666,10.888326],"angle":-45.0,"axis":"y"}},{"from":[3.3125,1.166666,4.325825],"to":[12.6875,20.916664,8.075825],"faces":{"east":{"uv":[12.1875,4.166667,12.354167,5.0],"tintindex":0,"rotation":0,"texture":"#4"},"south":{"uv":[3.0625,10.166667,3.4583335,11.0],"tintindex":0,"rotation":0,"texture":"#4"},"north":{"uv":[2.0625,9.229167,2.4583335,10.0625],"tintindex":0,"rotation":0,"texture":"#4"},"west":{"uv":[5.791667,13.479167,5.9583335,14.3125],"tintindex":0,"rotation":0,"texture":"#4"},"up":{"uv":[11.979167,11.125,11.583334,10.958334],"tintindex":0,"rotation":0,"texture":"#4"},"down":{"uv":[12.770834,2.5833335,12.375,2.75],"tintindex":0,"rotation":0,"texture":"#4"}}},{"from":[-2.59375,2.416666,9.013325],"to":[6.78125,19.666664,12.763326],"faces":{"east":{"uv":[3.7708335,13.75,3.9375,14.479167],"tintindex":0,"rotation":0,"texture":"#4"},"south":{"uv":[12.791667,12.645834,13.1875,13.375],"tintindex":0,"rotation":0,"texture":"#4"},"north":{"uv":[2.2083335,12.791667,2.6041667,13.520834],"tintindex":0,"rotation":0,"texture":"#4"},"west":{"uv":[13.75,8.791667,13.916667,9.520834],"tintindex":0,"rotation":0,"texture":"#4"},"up":{"uv":[14.791667,8.645834,14.395834,8.479167],"tintindex":0,"rotation":0,"texture":"#4"},"down":{"uv":[14.854167,12.0,14.458334,12.166667],"tintindex":0,"rotation":0,"texture":"#4"}},"rotation":{"origin":[-0.71875,3.416666,10.888326],"angle":45.0,"axis":"y"}}],"display":{"head":{"rotation":[0.0,0.0,0.0]},"firstperson_righthand":{"rotation":[0.0,0.0,0.0]},"thirdperson_lefthand":{"rotation":[0.0,-0.0,-0.0]},"firstperson_lefthand":{"rotation":[0.0,-0.0,-0.0]},"fixed":{"rotation":[0.0,0.0,0.0]},"ground":{"rotation":[0.0,0.0,0.0]},"thirdperson_righthand":{"rotation":[0.0,0.0,0.0]},"gui":{"rotation":[-150.0,-45.0,180.0]}}}