{"textures":{"4":"modelengine:entity/hv_dig","particle":"#4"},"elements":[{"from":[-0.4375,-2.3125,-1.0625],"to":[13.9375,17.0625,17.0625],"faces":{"east":{"uv":[9.729167,5.0208335,10.104167,5.416667],"tintindex":0,"rotation":0,"texture":"#4"},"south":{"uv":[13.75,9.520834,14.041667,9.916667],"tintindex":0,"rotation":0,"texture":"#4"},"north":{"uv":[13.75,7.354167,14.041667,7.75],"tintindex":0,"rotation":0,"texture":"#4"},"west":{"uv":[4.3333335,13.333334,4.7083335,13.729167],"tintindex":0,"rotation":0,"texture":"#4"},"up":{"uv":[10.145834,14.5625,9.854167,14.1875],"tintindex":0,"rotation":0,"texture":"#4"},"down":{"uv":[10.4375,14.1875,10.145834,14.5625],"tintindex":0,"rotation":0,"texture":"#4"}}}],"display":{"head":{"rotation":[0.0,0.0,0.0]},"firstperson_righthand":{"rotation":[0.0,0.0,0.0]},"thirdperson_lefthand":{"rotation":[0.0,-0.0,-0.0]},"firstperson_lefthand":{"rotation":[0.0,-0.0,-0.0]},"fixed":{"rotation":[0.0,0.0,0.0]},"ground":{"rotation":[0.0,0.0,0.0]},"thirdperson_righthand":{"rotation":[0.0,0.0,0.0]},"gui":{"rotation":[-150.0,-45.0,180.0]}}}