{"textures":{"0":"modelengine:entity/hv_dig_furnace","2":"modelengine:entity/hv_dig_smoke","3":"modelengine:entity/hv_dig_smoke2","4":"modelengine:entity/hv_dig","particle":"#0"},"elements":[{"from":[1.333333,6.75,4.927083],"to":[14.333334,19.75,6.1875],"faces":{"east":{"uv":[7.166667,0.0,6.5,6.5],"tintindex":0,"rotation":0,"texture":"#0"},"south":{"uv":[6.5,0.0,0.0,6.5],"tintindex":0,"rotation":0,"texture":"#0"},"north":{"uv":[6.5,6.5,0.0,13.0],"tintindex":0,"rotation":0,"texture":"#0"},"west":{"uv":[7.166667,6.5,6.5,13.0],"tintindex":0,"rotation":0,"texture":"#0"},"up":{"uv":[13.666667,0.0,7.166667,0.6666667],"tintindex":0,"rotation":0,"texture":"#0"},"down":{"uv":[13.666667,1.3333334,7.166667,0.6666667],"tintindex":0,"rotation":0,"texture":"#0"}},"rotation":{"origin":[7.8333335,13.25,4.5572915],"angle":45.0,"axis":"z"}},{"from":[0.0,0.75,11.583334],"to":[4.6666665,4.783333,12.916667],"faces":{"east":{"uv":[8.729167,14.6875,8.8125,14.9375],"tintindex":0,"rotation":0,"texture":"#4"},"south":{"uv":[14.479167,2.6666667,14.770834,2.9166667],"tintindex":0,"rotation":0,"texture":"#4"},"north":{"uv":[14.479167,2.4166667,14.770834,2.6666667],"tintindex":0,"rotation":0,"texture":"#4"},"west":{"uv":[12.291667,14.6875,12.375,14.9375],"tintindex":0,"rotation":0,"texture":"#4"},"up":{"uv":[12.291667,14.770834,12.0,14.6875],"tintindex":0,"rotation":0,"texture":"#4"},"down":{"uv":[0.7916667,14.708334,0.5,14.791667],"tintindex":0,"rotation":0,"texture":"#4"}},"rotation":{"origin":[2.0,6.25,12.583334],"angle":-45.0,"axis":"z"}},{"from":[11.666667,21.75,8.916667],"to":[15.0,25.083334,18.916668],"faces":{"east":{"uv":[13.520834,4.875,14.145834,5.0833335],"tintindex":0,"rotation":0,"texture":"#4"},"south":{"uv":[14.625,0.0,14.833334,0.20833334],"tintindex":0,"rotation":0,"texture":"#4"},"north":{"uv":[14.604167,12.75,14.8125,12.958334],"tintindex":0,"rotation":0,"texture":"#4"},"west":{"uv":[13.520834,11.291667,14.145834,11.5],"tintindex":0,"rotation":0,"texture":"#4"},"up":{"uv":[12.208334,14.166667,12.0,13.541667],"tintindex":0,"rotation":0,"texture":"#4"},"down":{"uv":[6.166667,13.583334,5.9583335,14.208334],"tintindex":0,"rotation":0,"texture":"#4"}},"rotation":{"origin":[13.666667,20.25,17.583334],"angle":-45.0,"axis":"z"}},{"from":[11.0,0.75,11.583334],"to":[15.666667,4.783333,12.916667],"faces":{"east":{"uv":[8.020834,14.6875,8.104167,14.9375],"tintindex":0,"rotation":0,"texture":"#4"},"south":{"uv":[14.125,14.458334,14.416667,14.708334],"tintindex":0,"rotation":0,"texture":"#4"},"north":{"uv":[14.458334,14.041667,14.75,14.291667],"tintindex":0,"rotation":0,"texture":"#4"},"west":{"uv":[8.645834,14.6875,8.729167,14.9375],"tintindex":0,"rotation":0,"texture":"#4"},"up":{"uv":[14.979167,7.666667,14.6875,7.5833335],"tintindex":0,"rotation":0,"texture":"#4"},"down":{"uv":[14.979167,7.666667,14.6875,7.75],"tintindex":0,"rotation":0,"texture":"#4"}},"rotation":{"origin":[13.666667,6.25,12.583334],"angle":45.0,"axis":"z"}},{"from":[11.0,5.083333,18.883335],"to":[15.666667,6.4166665,22.916668],"faces":{"east":{"uv":[1.25,14.729167,1.5,14.8125],"tintindex":0,"rotation":0,"texture":"#4"},"south":{"uv":[14.708334,9.520834,15.0,9.604167],"tintindex":0,"rotation":0,"texture":"#4"},"north":{"uv":[14.708334,9.4375,15.0,9.520834],"tintindex":0,"rotation":0,"texture":"#4"},"west":{"uv":[1.5,14.729167,1.75,14.8125],"tintindex":0,"rotation":0,"texture":"#4"},"up":{"uv":[14.770834,4.979167,14.479167,4.729167],"tintindex":0,"rotation":0,"texture":"#4"},"down":{"uv":[14.770834,10.9375,14.479167,11.1875],"tintindex":0,"rotation":0,"texture":"#4"}},"rotation":{"origin":[13.666667,6.25,20.916668],"angle":45.0,"axis":"z"}},{"from":[11.0,21.716665,17.550001],"to":[15.666667,25.75,18.883335],"faces":{"east":{"uv":[8.9375,13.9375,9.020834,14.1875],"tintindex":0,"rotation":0,"texture":"#4"},"south":{"uv":[14.458334,13.291667,14.75,13.541667],"tintindex":0,"rotation":0,"texture":"#4"},"north":{"uv":[14.458334,13.041667,14.75,13.291667],"tintindex":0,"rotation":0,"texture":"#4"},"west":{"uv":[11.541667,14.25,11.625,14.5],"tintindex":0,"rotation":0,"texture":"#4"},"up":{"uv":[14.979167,6.354167,14.6875,6.2708335],"tintindex":0,"rotation":0,"texture":"#4"},"down":{"uv":[14.979167,7.3333335,14.6875,7.416667],"tintindex":0,"rotation":0,"texture":"#4"}},"rotation":{"origin":[13.666667,20.25,18.550001],"angle":-45.0,"axis":"z"}},{"from":[11.0,20.083334,18.883335],"to":[15.666667,21.416668,22.916668],"faces":{"east":{"uv":[4.229167,11.5625,4.479167,11.645834],"tintindex":0,"rotation":0,"texture":"#4"},"south":{"uv":[14.604167,12.958334,14.895834,13.041667],"tintindex":0,"rotation":0,"texture":"#4"},"north":{"uv":[14.520834,5.229167,14.8125,5.3125],"tintindex":0,"rotation":0,"texture":"#4"},"west":{"uv":[13.270834,10.916667,13.520834,11.0],"tintindex":0,"rotation":0,"texture":"#4"},"up":{"uv":[14.75,10.9375,14.458334,10.6875],"tintindex":0,"rotation":0,"texture":"#4"},"down":{"uv":[14.75,11.75,14.458334,12.0],"tintindex":0,"rotation":0,"texture":"#4"}},"rotation":{"origin":[13.666667,20.25,20.916668],"angle":-45.0,"axis":"z"}},{"from":[0.6666665,1.4166665,8.916667],"to":[4.0,4.75,18.916668],"faces":{"east":{"uv":[13.583334,7.0208335,14.208334,7.229167],"tintindex":0,"rotation":0,"texture":"#4"},"south":{"uv":[7.125,14.625,7.3333335,14.833334],"tintindex":0,"rotation":0,"texture":"#4"},"north":{"uv":[14.625,0.625,14.833334,0.8333334],"tintindex":0,"rotation":0,"texture":"#4"},"west":{"uv":[13.125,13.583334,13.75,13.791667],"tintindex":0,"rotation":0,"texture":"#4"},"up":{"uv":[6.375,14.208334,6.166667,13.583334],"tintindex":0,"rotation":0,"texture":"#4"},"down":{"uv":[13.8125,2.2291667,13.604167,2.8541667],"tintindex":0,"rotation":0,"texture":"#4"}},"rotation":{"origin":[2.0,6.25,17.583334],"angle":-45.0,"axis":"z"}},{"from":[11.0,0.75,17.550001],"to":[15.666667,4.783333,18.883335],"faces":{"east":{"uv":[13.5,14.708334,13.583334,14.958334],"tintindex":0,"rotation":0,"texture":"#4"},"south":{"uv":[4.125,14.5,4.416667,14.75],"tintindex":0,"rotation":0,"texture":"#4"},"north":{"uv":[12.625,14.479167,12.916667,14.729167],"tintindex":0,"rotation":0,"texture":"#4"},"west":{"uv":[13.583334,14.708334,13.666667,14.958334],"tintindex":0,"rotation":0,"texture":"#4"},"up":{"uv":[15.0,9.6875,14.708334,9.604167],"tintindex":0,"rotation":0,"texture":"#4"},"down":{"uv":[14.416667,14.708334,14.125,14.791667],"tintindex":0,"rotation":0,"texture":"#4"}},"rotation":{"origin":[13.666667,6.25,18.550001],"angle":45.0,"axis":"z"}},{"from":[0.0,20.083334,18.883335],"to":[4.6666665,21.416668,22.916668],"faces":{"east":{"uv":[7.729167,4.3333335,7.979167,4.416667],"tintindex":0,"rotation":0,"texture":"#4"},"south":{"uv":[2.7083335,12.4375,3.0,12.520834],"tintindex":0,"rotation":0,"texture":"#4"},"north":{"uv":[9.729167,5.416667,10.020834,5.5],"tintindex":0,"rotation":0,"texture":"#4"},"west":{"uv":[1.0625,9.083334,1.3125,9.166667],"tintindex":0,"rotation":0,"texture":"#4"},"up":{"uv":[11.979167,14.166667,11.6875,13.916667],"tintindex":0,"rotation":0,"texture":"#4"},"down":{"uv":[14.5,4.479167,14.208334,4.729167],"tintindex":0,"rotation":0,"texture":"#4"}},"rotation":{"origin":[2.0,20.25,20.916668],"angle":45.0,"axis":"z"}},{"from":[11.666667,1.4166665,18.916668],"to":[15.0,8.75,22.25],"faces":{"east":{"uv":[0.7083334,14.25,0.9166667,14.708334],"tintindex":0,"rotation":0,"texture":"#4"},"south":{"uv":[0.9166667,14.25,1.125,14.708334],"tintindex":0,"rotation":0,"texture":"#4"},"north":{"uv":[0.5,14.25,0.7083334,14.708334],"tintindex":0,"rotation":0,"texture":"#4"},"west":{"uv":[1.125,14.25,1.3333334,14.708334],"tintindex":0,"rotation":0,"texture":"#4"},"up":{"uv":[7.541667,14.833334,7.3333335,14.625],"tintindex":0,"rotation":0,"texture":"#4"},"down":{"uv":[8.354167,14.625,8.145834,14.833334],"tintindex":0,"rotation":0,"texture":"#4"}},"rotation":{"origin":[13.666667,6.25,20.916668],"angle":45.0,"axis":"z"}},{"from":[0.0,21.716665,11.583334],"to":[4.6666665,25.75,12.916667],"faces":{"east":{"uv":[6.479167,9.541667,6.5625,9.791667],"tintindex":0,"rotation":0,"texture":"#4"},"south":{"uv":[6.666667,14.4375,6.9583335,14.6875],"tintindex":0,"rotation":0,"texture":"#4"},"north":{"uv":[6.375,14.4375,6.666667,14.6875],"tintindex":0,"rotation":0,"texture":"#4"},"west":{"uv":[12.875,11.020834,12.958334,11.270834],"tintindex":0,"rotation":0,"texture":"#4"},"up":{"uv":[13.354167,7.5,13.0625,7.416667],"tintindex":0,"rotation":0,"texture":"#4"},"down":{"uv":[13.666667,8.041667,13.375,8.125],"tintindex":0,"rotation":0,"texture":"#4"}},"rotation":{"origin":[2.0,20.25,12.583334],"angle":45.0,"axis":"z"}},{"from":[0.6666665,21.75,8.916667],"to":[4.0,25.083334,18.916668],"faces":{"east":{"uv":[5.8125,9.583334,6.4375,9.791667],"tintindex":0,"rotation":0,"texture":"#4"},"south":{"uv":[13.083334,5.625,13.291667,5.8333335],"tintindex":0,"rotation":0,"texture":"#4"},"north":{"uv":[12.770834,2.5833335,12.979167,2.7916667],"tintindex":0,"rotation":0,"texture":"#4"},"west":{"uv":[13.5,12.145834,14.125,12.354167],"tintindex":0,"rotation":0,"texture":"#4"},"up":{"uv":[1.2708334,9.083334,1.0625,8.458334],"tintindex":0,"rotation":0,"texture":"#4"},"down":{"uv":[4.2083335,11.8125,4.0,12.4375],"tintindex":0,"rotation":0,"texture":"#4"}},"rotation":{"origin":[2.0,20.25,17.583334],"angle":45.0,"axis":"z"}},{"from":[0.0,5.083333,18.883335],"to":[4.6666665,6.4166665,22.916668],"faces":{"east":{"uv":[13.875,4.729167,14.125,4.8125],"tintindex":0,"rotation":0,"texture":"#4"},"south":{"uv":[14.6875,7.8333335,14.979167,7.916667],"tintindex":0,"rotation":0,"texture":"#4"},"north":{"uv":[14.6875,7.75,14.979167,7.8333335],"tintindex":0,"rotation":0,"texture":"#4"},"west":{"uv":[11.270834,14.6875,11.520834,14.770834],"tintindex":0,"rotation":0,"texture":"#4"},"up":{"uv":[14.75,14.541667,14.458334,14.291667],"tintindex":0,"rotation":0,"texture":"#4"},"down":{"uv":[14.770834,2.1666667,14.479167,2.4166667],"tintindex":0,"rotation":0,"texture":"#4"}},"rotation":{"origin":[2.0,6.25,20.916668],"angle":-45.0,"axis":"z"}},{"from":[12.929527,-4.1509323,12.916667],"to":[23.596195,6.5157366,12.916667],"faces":{"east":{"uv":[8.0,0.0,0.0,8.0],"tintindex":0,"rotation":0,"texture":"#3"},"south":{"uv":[0.0,0.0,8.0,8.0],"tintindex":0,"rotation":0,"texture":"#3"},"north":{"uv":[8.0,0.0,0.0,8.0],"tintindex":0,"rotation":0,"texture":"#3"},"west":{"uv":[8.0,0.0,0.0,8.0],"tintindex":0,"rotation":0,"texture":"#3"},"up":{"uv":[8.0,0.0,0.0,8.0],"tintindex":0,"rotation":0,"texture":"#3"},"down":{"uv":[8.0,0.0,0.0,8.0],"tintindex":0,"rotation":0,"texture":"#3"}},"rotation":{"origin":[18.262861,1.1824007,12.916667],"angle":22.5,"axis":"x"}},{"from":[11.666667,1.4166665,8.916667],"to":[15.0,4.75,18.916668],"faces":{"east":{"uv":[13.604167,0.0,14.229167,0.20833334],"tintindex":0,"rotation":0,"texture":"#4"},"south":{"uv":[14.625,14.541667,14.833334,14.75],"tintindex":0,"rotation":0,"texture":"#4"},"north":{"uv":[8.354167,14.625,8.5625,14.833334],"tintindex":0,"rotation":0,"texture":"#4"},"west":{"uv":[13.604167,0.20833334,14.229167,0.4166667],"tintindex":0,"rotation":0,"texture":"#4"},"up":{"uv":[13.8125,3.4791667,13.604167,2.8541667],"tintindex":0,"rotation":0,"texture":"#4"},"down":{"uv":[13.8125,3.4791667,13.604167,4.104167],"tintindex":0,"rotation":0,"texture":"#4"}},"rotation":{"origin":[13.666667,6.25,17.583334],"angle":45.0,"axis":"z"}},{"from":[0.0,0.75,17.550001],"to":[4.6666665,4.783333,18.883335],"faces":{"east":{"uv":[1.0833334,14.708334,1.1666667,14.958334],"tintindex":0,"rotation":0,"texture":"#4"},"south":{"uv":[3.6041667,14.479167,3.8958335,14.729167],"tintindex":0,"rotation":0,"texture":"#4"},"north":{"uv":[3.3125,14.479167,3.6041667,14.729167],"tintindex":0,"rotation":0,"texture":"#4"},"west":{"uv":[1.1666667,14.708334,1.25,14.958334],"tintindex":0,"rotation":0,"texture":"#4"},"up":{"uv":[1.0833334,14.791667,0.7916667,14.708334],"tintindex":0,"rotation":0,"texture":"#4"},"down":{"uv":[3.3125,14.708334,3.0208335,14.791667],"tintindex":0,"rotation":0,"texture":"#4"}},"rotation":{"origin":[2.0,6.25,18.550001],"angle":-45.0,"axis":"z"}},{"from":[9.0,-2.927084,16.59375],"to":[12.333334,7.0729165,19.927084],"faces":{"east":{"uv":[1.2916667,13.625,1.5,14.25],"tintindex":0,"rotation":0,"texture":"#4"},"south":{"uv":[7.3125,13.625,7.5208335,14.25],"tintindex":0,"rotation":0,"texture":"#4"},"north":{"uv":[1.0833334,13.625,1.2916667,14.25],"tintindex":0,"rotation":0,"texture":"#4"},"west":{"uv":[7.5208335,13.625,7.729167,14.25],"tintindex":0,"rotation":0,"texture":"#4"},"up":{"uv":[0.20833334,14.875,0.0,14.666667],"tintindex":0,"rotation":0,"texture":"#4"},"down":{"uv":[0.4166667,14.666667,0.20833334,14.875],"tintindex":0,"rotation":0,"texture":"#4"}}},{"from":[0.0,21.716665,17.550001],"to":[4.6666665,25.75,18.883335],"faces":{"east":{"uv":[13.916667,7.75,14.0,8.0],"tintindex":0,"rotation":0,"texture":"#4"},"south":{"uv":[14.458334,10.4375,14.75,10.6875],"tintindex":0,"rotation":0,"texture":"#4"},"north":{"uv":[3.0208335,14.458334,3.3125,14.708334],"tintindex":0,"rotation":0,"texture":"#4"},"west":{"uv":[8.854167,13.9375,8.9375,14.1875],"tintindex":0,"rotation":0,"texture":"#4"},"up":{"uv":[13.833334,1.3125,13.541667,1.2291667],"tintindex":0,"rotation":0,"texture":"#4"},"down":{"uv":[14.354167,6.0833335,14.0625,6.166667],"tintindex":0,"rotation":0,"texture":"#4"}},"rotation":{"origin":[2.0,20.25,18.550001],"angle":45.0,"axis":"z"}},{"from":[-7.9295273,-4.1509323,12.916667],"to":[2.7371392,6.5157366,12.916667],"faces":{"east":{"uv":[0.0,0.0,8.0,8.0],"tintindex":0,"rotation":0,"texture":"#2"},"south":{"uv":[8.0,0.0,0.0,8.0],"tintindex":0,"rotation":0,"texture":"#2"},"north":{"uv":[0.0,0.0,8.0,8.0],"tintindex":0,"rotation":0,"texture":"#2"},"west":{"uv":[0.0,0.0,8.0,8.0],"tintindex":0,"rotation":0,"texture":"#2"},"up":{"uv":[0.0,0.0,8.0,8.0],"tintindex":0,"rotation":0,"texture":"#2"},"down":{"uv":[0.0,0.0,8.0,8.0],"tintindex":0,"rotation":0,"texture":"#2"}},"rotation":{"origin":[-2.5961943,1.1824007,12.916667],"angle":22.5,"axis":"x"}},{"from":[0.6666665,17.75,18.916668],"to":[4.0,25.083334,22.25],"faces":{"east":{"uv":[5.9583335,14.208334,6.166667,14.666667],"tintindex":0,"rotation":0,"texture":"#4"},"south":{"uv":[6.166667,14.208334,6.375,14.666667],"tintindex":0,"rotation":0,"texture":"#4"},"north":{"uv":[13.25,14.1875,13.458334,14.645834],"tintindex":0,"rotation":0,"texture":"#4"},"west":{"uv":[14.208334,11.3125,14.416667,11.770834],"tintindex":0,"rotation":0,"texture":"#4"},"up":{"uv":[3.7083335,10.083334,3.5,9.875],"tintindex":0,"rotation":0,"texture":"#4"},"down":{"uv":[12.958334,1.3541667,12.75,1.5625],"tintindex":0,"rotation":0,"texture":"#4"}},"rotation":{"origin":[2.0,20.25,20.916668],"angle":45.0,"axis":"z"}},{"from":[0.6666665,1.4166665,18.916668],"to":[4.0,8.75,22.25],"faces":{"east":{"uv":[8.645834,14.229167,8.854167,14.6875],"tintindex":0,"rotation":0,"texture":"#4"},"south":{"uv":[12.020834,14.229167,12.229167,14.6875],"tintindex":0,"rotation":0,"texture":"#4"},"north":{"uv":[7.9375,14.229167,8.145834,14.6875],"tintindex":0,"rotation":0,"texture":"#4"},"west":{"uv":[12.229167,14.229167,12.4375,14.6875],"tintindex":0,"rotation":0,"texture":"#4"},"up":{"uv":[14.833334,0.4166667,14.625,0.20833334],"tintindex":0,"rotation":0,"texture":"#4"},"down":{"uv":[14.833334,0.4166667,14.625,0.625],"tintindex":0,"rotation":0,"texture":"#4"}},"rotation":{"origin":[2.0,6.25,20.916668],"angle":-45.0,"axis":"z"}},{"from":[11.666667,17.75,18.916668],"to":[15.0,25.083334,22.25],"faces":{"east":{"uv":[14.229167,0.0,14.4375,0.45833334],"tintindex":0,"rotation":0,"texture":"#4"},"south":{"uv":[14.229167,0.45833334,14.4375,0.9166667],"tintindex":0,"rotation":0,"texture":"#4"},"north":{"uv":[14.208334,12.6875,14.416667,13.145834],"tintindex":0,"rotation":0,"texture":"#4"},"west":{"uv":[4.7083335,14.229167,4.916667,14.6875],"tintindex":0,"rotation":0,"texture":"#4"},"up":{"uv":[14.145834,4.041667,13.9375,3.8333335],"tintindex":0,"rotation":0,"texture":"#4"},"down":{"uv":[14.8125,12.541667,14.604167,12.75],"tintindex":0,"rotation":0,"texture":"#4"}},"rotation":{"origin":[13.666667,20.25,20.916668],"angle":-45.0,"axis":"z"}},{"from":[11.0,21.716665,11.583334],"to":[15.666667,25.75,12.916667],"faces":{"east":{"uv":[7.625,14.6875,7.7083335,14.9375],"tintindex":0,"rotation":0,"texture":"#4"},"south":{"uv":[14.458334,13.791667,14.75,14.041667],"tintindex":0,"rotation":0,"texture":"#4"},"north":{"uv":[14.458334,13.541667,14.75,13.791667],"tintindex":0,"rotation":0,"texture":"#4"},"west":{"uv":[7.9375,14.6875,8.020834,14.9375],"tintindex":0,"rotation":0,"texture":"#4"},"up":{"uv":[14.979167,7.5,14.6875,7.416667],"tintindex":0,"rotation":0,"texture":"#4"},"down":{"uv":[14.979167,7.5,14.6875,7.5833335],"tintindex":0,"rotation":0,"texture":"#4"}},"rotation":{"origin":[13.666667,20.25,12.583334],"angle":-45.0,"axis":"z"}},{"from":[1.333333,6.75,19.0],"to":[14.333334,19.75,20.260418],"faces":{"east":{"uv":[6.5,0.0,7.166667,6.5],"tintindex":0,"rotation":0,"texture":"#0"},"south":{"uv":[0.0,6.5,6.5,13.0],"tintindex":0,"rotation":0,"texture":"#0"},"north":{"uv":[0.0,0.0,6.5,6.5],"tintindex":0,"rotation":0,"texture":"#0"},"west":{"uv":[6.5,6.5,7.166667,13.0],"tintindex":0,"rotation":0,"texture":"#0"},"up":{"uv":[13.666667,0.6666667,7.166667,0.0],"tintindex":0,"rotation":0,"texture":"#0"},"down":{"uv":[13.666667,0.6666667,7.166667,1.3333334],"tintindex":0,"rotation":0,"texture":"#0"}},"rotation":{"origin":[7.8333335,13.25,20.630209],"angle":45.0,"axis":"z"}},{"from":[3.333333,-2.927084,16.59375],"to":[6.6666665,7.0729165,19.927084],"faces":{"east":{"uv":[12.416667,13.604167,12.625,14.229167],"tintindex":0,"rotation":0,"texture":"#4"},"south":{"uv":[0.6666667,13.625,0.875,14.25],"tintindex":0,"rotation":0,"texture":"#4"},"north":{"uv":[12.208334,13.604167,12.416667,14.229167],"tintindex":0,"rotation":0,"texture":"#4"},"west":{"uv":[0.875,13.625,1.0833334,14.25],"tintindex":0,"rotation":0,"texture":"#4"},"up":{"uv":[2.3541667,14.854167,2.1458335,14.645834],"tintindex":0,"rotation":0,"texture":"#4"},"down":{"uv":[13.458334,14.645834,13.25,14.854167],"tintindex":0,"rotation":0,"texture":"#4"}}}],"display":{"head":{"rotation":[0.0,0.0,0.0]},"firstperson_righthand":{"rotation":[0.0,0.0,0.0]},"thirdperson_lefthand":{"rotation":[0.0,-0.0,-0.0]},"firstperson_lefthand":{"rotation":[0.0,-0.0,-0.0]},"fixed":{"rotation":[0.0,0.0,0.0]},"ground":{"rotation":[0.0,0.0,0.0]},"thirdperson_righthand":{"rotation":[0.0,0.0,0.0]},"gui":{"rotation":[-150.0,-45.0,180.0]}}}