{"textures":{"4":"modelengine:entity/hv_dig","particle":"#4"},"elements":[{"from":[-2.59375,2.416666,9.013325],"to":[6.78125,19.666664,12.763326],"faces":{"east":{"uv":[12.625,13.75,12.791667,14.479167],"tintindex":0,"rotation":0,"texture":"#4"},"south":{"uv":[5.979167,12.854167,6.375,13.583334],"tintindex":0,"rotation":0,"texture":"#4"},"north":{"uv":[12.833334,8.125,13.229167,8.854167],"tintindex":0,"rotation":0,"texture":"#4"},"west":{"uv":[12.791667,13.75,12.958334,14.479167],"tintindex":0,"rotation":0,"texture":"#4"},"up":{"uv":[14.895834,8.8125,14.5,8.645834],"tintindex":0,"rotation":0,"texture":"#4"},"down":{"uv":[14.895834,8.8125,14.5,8.979167],"tintindex":0,"rotation":0,"texture":"#4"}},"rotation":{"origin":[-0.71875,3.416666,10.888326],"angle":45.0,"axis":"y"}},{"from":[9.21875,2.416666,9.013325],"to":[18.59375,19.666664,12.763326],"faces":{"east":{"uv":[12.958334,13.75,13.125,14.479167],"tintindex":0,"rotation":0,"texture":"#4"},"south":{"uv":[12.958334,5.8333335,13.354167,6.5625],"tintindex":0,"rotation":0,"texture":"#4"},"north":{"uv":[12.875,10.291667,13.270834,11.020834],"tintindex":0,"rotation":0,"texture":"#4"},"west":{"uv":[13.75,13.520834,13.916667,14.25],"tintindex":0,"rotation":0,"texture":"#4"},"up":{"uv":[14.895834,9.145834,14.5,8.979167],"tintindex":0,"rotation":0,"texture":"#4"},"down":{"uv":[14.895834,9.145834,14.5,9.3125],"tintindex":0,"rotation":0,"texture":"#4"}},"rotation":{"origin":[16.71875,3.416666,10.888326],"angle":-45.0,"axis":"y"}},{"from":[3.3125,1.166666,4.325825],"to":[12.6875,20.916664,8.075825],"faces":{"east":{"uv":[2.2083335,13.520834,2.375,14.354167],"tintindex":0,"rotation":0,"texture":"#4"},"south":{"uv":[8.020834,12.541667,8.416667,13.375],"tintindex":0,"rotation":0,"texture":"#4"},"north":{"uv":[4.7083335,12.541667,5.104167,13.375],"tintindex":0,"rotation":0,"texture":"#4"},"west":{"uv":[2.375,13.520834,2.5416667,14.354167],"tintindex":0,"rotation":0,"texture":"#4"},"up":{"uv":[14.875,1.8125,14.479167,1.6458334],"tintindex":0,"rotation":0,"texture":"#4"},"down":{"uv":[14.895834,4.479167,14.5,4.6458335],"tintindex":0,"rotation":0,"texture":"#4"}}}],"display":{"head":{"rotation":[0.0,0.0,0.0]},"firstperson_righthand":{"rotation":[0.0,0.0,0.0]},"thirdperson_lefthand":{"rotation":[0.0,-0.0,-0.0]},"firstperson_lefthand":{"rotation":[0.0,-0.0,-0.0]},"fixed":{"rotation":[0.0,0.0,0.0]},"ground":{"rotation":[0.0,0.0,0.0]},"thirdperson_righthand":{"rotation":[0.0,0.0,0.0]},"gui":{"rotation":[-150.0,-45.0,180.0]}}}