{"textures":{"4":"modelengine:entity/hv_dig","particle":"#4"},"elements":[{"from":[2.0625,-2.3125,-1.0625],"to":[16.4375,17.0625,17.0625],"faces":{"east":{"uv":[6.7708335,13.333334,7.1458335,13.729167],"tintindex":0,"rotation":0,"texture":"#4"},"south":{"uv":[13.25,13.791667,13.541667,14.1875],"tintindex":0,"rotation":0,"texture":"#4"},"north":{"uv":[13.770834,10.25,14.0625,10.645834],"tintindex":0,"rotation":0,"texture":"#4"},"west":{"uv":[13.354167,5.625,13.729167,6.0208335],"tintindex":0,"rotation":0,"texture":"#4"},"up":{"uv":[10.729167,14.5625,10.4375,14.1875],"tintindex":0,"rotation":0,"texture":"#4"},"down":{"uv":[11.020834,14.1875,10.729167,14.5625],"tintindex":0,"rotation":0,"texture":"#4"}}}],"display":{"head":{"rotation":[0.0,0.0,0.0]},"firstperson_righthand":{"rotation":[0.0,0.0,0.0]},"thirdperson_lefthand":{"rotation":[0.0,-0.0,-0.0]},"firstperson_lefthand":{"rotation":[0.0,-0.0,-0.0]},"fixed":{"rotation":[0.0,0.0,0.0]},"ground":{"rotation":[0.0,0.0,0.0]},"thirdperson_righthand":{"rotation":[0.0,0.0,0.0]},"gui":{"rotation":[-150.0,-45.0,180.0]}}}