{"textures":{"4":"modelengine:entity/hv_dig","particle":"#4"},"elements":[{"from":[-8.0,22.25,-0.5],"to":[22.25,24.0,19.5],"faces":{"east":{"uv":[14.229167,0.9166667,15.0625,1.0],"tintindex":0,"rotation":0,"texture":"#4"},"south":{"uv":[13.895834,1.0833334,15.166667,1.1666667],"tintindex":0,"rotation":0,"texture":"#4"},"north":{"uv":[13.875,1.5625,15.145834,1.6458334],"tintindex":0,"rotation":0,"texture":"#4"},"west":{"uv":[14.229167,1.0,15.0625,1.0833334],"tintindex":0,"rotation":0,"texture":"#4"},"up":{"uv":[11.354167,7.5208335,10.083334,6.6875],"tintindex":0,"rotation":0,"texture":"#4"},"down":{"uv":[11.375,5.0208335,10.104167,5.854167],"tintindex":0,"rotation":0,"texture":"#4"}}},{"from":[-6.25,-6.25,-0.5],"to":[22.25,22.25,0.0],"faces":{"east":{"uv":[6.7083335,7.2083335,6.729167,8.395834],"tintindex":0,"rotation":0,"texture":"#4"},"south":{"uv":[7.8958335,7.1458335,9.083334,8.333334],"tintindex":0,"rotation":0,"texture":"#4"},"north":{"uv":[7.7708335,1.5,8.958334,2.6875],"tintindex":0,"rotation":0,"texture":"#4"},"west":{"uv":[5.791667,9.875,5.8125,11.0625],"tintindex":0,"rotation":0,"texture":"#4"},"up":{"uv":[11.375,5.0208335,10.1875,5.0],"tintindex":0,"rotation":0,"texture":"#4"},"down":{"uv":[15.6875,9.416667,14.5,9.4375],"tintindex":0,"rotation":0,"texture":"#4"}}},{"from":[-6.25,-8.0,-0.5],"to":[22.25,-6.25,19.5],"faces":{"east":{"uv":[14.0625,6.1875,14.895834,6.2708335],"tintindex":0,"rotation":0,"texture":"#4"},"south":{"uv":[14.041667,6.8125,15.229167,6.8958335],"tintindex":0,"rotation":0,"texture":"#4"},"north":{"uv":[14.041667,6.729167,15.229167,6.8125],"tintindex":0,"rotation":0,"texture":"#4"},"west":{"uv":[14.208334,1.4791667,15.041667,1.5625],"tintindex":0,"rotation":0,"texture":"#4"},"up":{"uv":[11.291667,6.6875,10.104167,5.854167],"tintindex":0,"rotation":0,"texture":"#4"},"down":{"uv":[9.666667,10.666667,8.479167,11.5],"tintindex":0,"rotation":0,"texture":"#4"}}},{"from":[-6.25,-6.25,18.609375],"to":[22.25,22.25,19.5],"faces":{"east":{"uv":[5.75,9.875,5.791667,11.0625],"tintindex":0,"rotation":0,"texture":"#4"},"south":{"uv":[1.3125,8.041667,2.5,9.229167],"tintindex":0,"rotation":0,"texture":"#4"},"north":{"uv":[8.0,4.3333335,9.1875,5.5208335],"tintindex":0,"rotation":0,"texture":"#4"},"west":{"uv":[13.458334,14.1875,13.5,15.375],"tintindex":0,"rotation":0,"texture":"#4"},"up":{"uv":[15.395834,6.729167,14.208334,6.6875],"tintindex":0,"rotation":0,"texture":"#4"},"down":{"uv":[15.625,0.875,14.4375,0.9166667],"tintindex":0,"rotation":0,"texture":"#4"}}},{"from":[-8.0,-8.0,-0.5],"to":[-6.25,22.25,19.5],"faces":{"east":{"uv":[9.958334,1.0625,10.791667,2.3333335],"tintindex":0,"rotation":0,"texture":"#4"},"south":{"uv":[5.666667,13.854167,5.75,15.125],"tintindex":0,"rotation":0,"texture":"#4"},"north":{"uv":[13.666667,13.791667,13.75,15.0625],"tintindex":0,"rotation":0,"texture":"#4"},"west":{"uv":[9.958334,7.854167,10.791667,9.125],"tintindex":0,"rotation":0,"texture":"#4"},"up":{"uv":[6.5625,9.541667,6.479167,8.708334],"tintindex":0,"rotation":0,"texture":"#4"},"down":{"uv":[3.75,9.0,3.6666667,9.833334],"tintindex":0,"rotation":0,"texture":"#4"}}},{"from":[22.25,-8.0,-0.5],"to":[24.0,24.0,19.5],"faces":{"east":{"uv":[5.8125,9.8125,6.6458335,11.145834],"tintindex":0,"rotation":0,"texture":"#4"},"south":{"uv":[7.041667,13.729167,7.125,15.0625],"tintindex":0,"rotation":0,"texture":"#4"},"north":{"uv":[7.729167,13.625,7.8125,14.958334],"tintindex":0,"rotation":0,"texture":"#4"},"west":{"uv":[6.6458335,9.8125,7.479167,11.145834],"tintindex":0,"rotation":0,"texture":"#4"},"up":{"uv":[7.5625,10.645834,7.479167,9.8125],"tintindex":0,"rotation":0,"texture":"#4"},"down":{"uv":[4.75,10.083334,4.666667,10.916667],"tintindex":0,"rotation":0,"texture":"#4"}}}],"display":{"head":{"rotation":[0.0,0.0,0.0]},"firstperson_righthand":{"rotation":[0.0,0.0,0.0]},"thirdperson_lefthand":{"rotation":[0.0,-0.0,-0.0]},"firstperson_lefthand":{"rotation":[0.0,-0.0,-0.0]},"fixed":{"rotation":[0.0,0.0,0.0]},"ground":{"rotation":[0.0,0.0,0.0]},"thirdperson_righthand":{"rotation":[0.0,0.0,0.0]},"gui":{"rotation":[-150.0,-45.0,180.0]}}}