{"textures":{"4":"modelengine:entity/hv_dig","particle":"#4"},"elements":[{"from":[5.042223,4.7040863,-2.3125],"to":[15.292223,27.204086,18.3125],"faces":{"east":{"uv":[10.729167,4.5,11.166667,4.979167],"tintindex":0,"rotation":0,"texture":"#4"},"south":{"uv":[7.2083335,11.145834,7.416667,11.625],"tintindex":0,"rotation":0,"texture":"#4"},"north":{"uv":[4.229167,11.083334,4.4375,11.5625],"tintindex":0,"rotation":0,"texture":"#4"},"west":{"uv":[13.0625,6.5625,13.5,7.041667],"tintindex":0,"rotation":0,"texture":"#4"},"up":{"uv":[11.541667,14.6875,11.333334,14.25],"tintindex":0,"rotation":0,"texture":"#4"},"down":{"uv":[14.458334,13.145834,14.25,13.583334],"tintindex":0,"rotation":0,"texture":"#4"}}}],"display":{"head":{"rotation":[0.0,0.0,0.0]},"firstperson_righthand":{"rotation":[0.0,0.0,0.0]},"thirdperson_lefthand":{"rotation":[0.0,-0.0,-0.0]},"firstperson_lefthand":{"rotation":[0.0,-0.0,-0.0]},"fixed":{"rotation":[0.0,0.0,0.0]},"ground":{"rotation":[0.0,0.0,0.0]},"thirdperson_righthand":{"rotation":[0.0,0.0,0.0]},"gui":{"rotation":[-150.0,-45.0,180.0]}}}