{"textures":{"4":"modelengine:entity/hv_dig","particle":"#4"},"elements":[{"from":[0.707777,4.7040863,-2.3125],"to":[10.957777,27.204086,18.3125],"faces":{"east":{"uv":[8.416667,13.0625,8.854167,13.541667],"tintindex":0,"rotation":0,"texture":"#4"},"south":{"uv":[1.8333334,13.958334,2.0416667,14.4375],"tintindex":0,"rotation":0,"texture":"#4"},"north":{"uv":[6.375,12.854167,6.5833335,13.333334],"tintindex":0,"rotation":0,"texture":"#4"},"west":{"uv":[13.083334,4.666667,13.520834,5.1458335],"tintindex":0,"rotation":0,"texture":"#4"},"up":{"uv":[14.458334,14.020834,14.25,13.583334],"tintindex":0,"rotation":0,"texture":"#4"},"down":{"uv":[14.458334,14.020834,14.25,14.458334],"tintindex":0,"rotation":0,"texture":"#4"}}}],"display":{"head":{"rotation":[0.0,0.0,0.0]},"firstperson_righthand":{"rotation":[0.0,0.0,0.0]},"thirdperson_lefthand":{"rotation":[0.0,-0.0,-0.0]},"firstperson_lefthand":{"rotation":[0.0,-0.0,-0.0]},"fixed":{"rotation":[0.0,0.0,0.0]},"ground":{"rotation":[0.0,0.0,0.0]},"thirdperson_righthand":{"rotation":[0.0,0.0,0.0]},"gui":{"rotation":[-150.0,-45.0,180.0]}}}