{"textures":{"4":"modelengine:entity/hv_dig","particle":"#4"},"elements":[{"from":[-2.59375,-1.583334,9.013325],"to":[6.78125,19.666666,12.763325],"faces":{"east":{"uv":[2.3541667,14.645834,2.4375,15.083334],"tintindex":0,"rotation":0,"texture":"#4"},"south":{"uv":[14.4375,0.0,14.625,0.4375],"tintindex":0,"rotation":0,"texture":"#4"},"north":{"uv":[14.416667,12.604167,14.604167,13.041667],"tintindex":0,"rotation":0,"texture":"#4"},"west":{"uv":[2.4375,14.666667,2.5208335,15.104167],"tintindex":0,"rotation":0,"texture":"#4"},"up":{"uv":[14.916667,5.5625,14.729167,5.479167],"tintindex":0,"rotation":0,"texture":"#4"},"down":{"uv":[14.916667,5.5625,14.729167,5.6458335],"tintindex":0,"rotation":0,"texture":"#4"}},"rotation":{"origin":[-0.71875,3.416666,10.888325],"angle":45.0,"axis":"y"}},{"from":[9.21875,-1.583334,9.013325],"to":[18.59375,19.666666,12.763325],"faces":{"east":{"uv":[2.5208335,14.666667,2.6041667,15.104167],"tintindex":0,"rotation":0,"texture":"#4"},"south":{"uv":[1.75,14.4375,1.9375,14.875],"tintindex":0,"rotation":0,"texture":"#4"},"north":{"uv":[14.4375,0.4375,14.625,0.875],"tintindex":0,"rotation":0,"texture":"#4"},"west":{"uv":[2.6041667,14.666667,2.6875,15.104167],"tintindex":0,"rotation":0,"texture":"#4"},"up":{"uv":[14.916667,5.729167,14.729167,5.6458335],"tintindex":0,"rotation":0,"texture":"#4"},"down":{"uv":[14.916667,5.729167,14.729167,5.8125],"tintindex":0,"rotation":0,"texture":"#4"}},"rotation":{"origin":[16.71875,3.416666,10.888325],"angle":-45.0,"axis":"y"}},{"from":[3.3125,-2.833334,4.325825],"to":[12.6875,18.416666,8.075825],"faces":{"east":{"uv":[8.5625,14.625,8.645834,15.0625],"tintindex":0,"rotation":0,"texture":"#4"},"south":{"uv":[14.416667,11.3125,14.604167,11.75],"tintindex":0,"rotation":0,"texture":"#4"},"north":{"uv":[3.9375,14.416667,4.125,14.854167],"tintindex":0,"rotation":0,"texture":"#4"},"west":{"uv":[0.4166667,14.645834,0.5,15.083334],"tintindex":0,"rotation":0,"texture":"#4"},"up":{"uv":[14.916667,5.3958335,14.729167,5.3125],"tintindex":0,"rotation":0,"texture":"#4"},"down":{"uv":[14.916667,5.3958335,14.729167,5.479167],"tintindex":0,"rotation":0,"texture":"#4"}}}],"display":{"head":{"rotation":[0.0,0.0,0.0]},"firstperson_righthand":{"rotation":[0.0,0.0,0.0]},"thirdperson_lefthand":{"rotation":[0.0,-0.0,-0.0]},"firstperson_lefthand":{"rotation":[0.0,-0.0,-0.0]},"fixed":{"rotation":[0.0,0.0,0.0]},"ground":{"rotation":[0.0,0.0,0.0]},"thirdperson_righthand":{"rotation":[0.0,0.0,0.0]},"gui":{"rotation":[-150.0,-45.0,180.0]}}}