{"textures":{"4":"modelengine:entity/hv_dig","particle":"#4"},"elements":[{"from":[-2.59375,-1.583334,9.013325],"to":[6.78125,19.666666,12.763325],"faces":{"east":{"uv":[11.916667,14.5,12.0,14.9375],"tintindex":0,"rotation":0,"texture":"#4"},"south":{"uv":[13.9375,14.395834,14.125,14.833334],"tintindex":0,"rotation":0,"texture":"#4"},"north":{"uv":[13.75,14.395834,13.9375,14.833334],"tintindex":0,"rotation":0,"texture":"#4"},"west":{"uv":[7.541667,14.625,7.625,15.0625],"tintindex":0,"rotation":0,"texture":"#4"},"up":{"uv":[13.6875,5.604167,13.5,5.5208335],"tintindex":0,"rotation":0,"texture":"#4"},"down":{"uv":[13.6875,12.354167,13.5,12.4375],"tintindex":0,"rotation":0,"texture":"#4"}},"rotation":{"origin":[-0.71875,3.416666,10.888325],"angle":45.0,"axis":"y"}},{"from":[3.3125,-2.833334,4.325825],"to":[12.6875,18.416666,8.075825],"faces":{"east":{"uv":[12.979167,4.666667,13.0625,5.104167],"tintindex":0,"rotation":0,"texture":"#4"},"south":{"uv":[5.75,14.3125,5.9375,14.75],"tintindex":0,"rotation":0,"texture":"#4"},"north":{"uv":[12.4375,14.229167,12.625,14.666667],"tintindex":0,"rotation":0,"texture":"#4"},"west":{"uv":[4.916667,14.229167,5.0,14.666667],"tintindex":0,"rotation":0,"texture":"#4"},"up":{"uv":[2.6875,9.0,2.5,8.916667],"tintindex":0,"rotation":0,"texture":"#4"},"down":{"uv":[4.1875,12.4375,4.0,12.520834],"tintindex":0,"rotation":0,"texture":"#4"}}},{"from":[9.21875,-1.583334,9.013325],"to":[18.59375,19.666666,12.763325],"faces":{"east":{"uv":[7.625,14.25,7.7083335,14.6875],"tintindex":0,"rotation":0,"texture":"#4"},"south":{"uv":[14.395834,12.166667,14.583334,12.604167],"tintindex":0,"rotation":0,"texture":"#4"},"north":{"uv":[2.8333335,14.395834,3.0208335,14.833334],"tintindex":0,"rotation":0,"texture":"#4"},"west":{"uv":[6.9583335,14.4375,7.041667,14.875],"tintindex":0,"rotation":0,"texture":"#4"},"up":{"uv":[13.166667,2.7708335,12.979167,2.6875],"tintindex":0,"rotation":0,"texture":"#4"},"down":{"uv":[11.979167,13.104167,11.791667,13.1875],"tintindex":0,"rotation":0,"texture":"#4"}},"rotation":{"origin":[16.71875,3.416666,10.888325],"angle":-45.0,"axis":"y"}}],"display":{"head":{"rotation":[0.0,0.0,0.0]},"firstperson_righthand":{"rotation":[0.0,0.0,0.0]},"thirdperson_lefthand":{"rotation":[0.0,-0.0,-0.0]},"firstperson_lefthand":{"rotation":[0.0,-0.0,-0.0]},"fixed":{"rotation":[0.0,0.0,0.0]},"ground":{"rotation":[0.0,0.0,0.0]},"thirdperson_righthand":{"rotation":[0.0,0.0,0.0]},"gui":{"rotation":[-150.0,-45.0,180.0]}}}