{"textures":{"4":"modelengine:entity/hv_dig","particle":"#4"},"elements":[{"from":[-6.0,15.116667,2.34375],"to":[1.0,26.45,13.677084],"faces":{"east":{"uv":[12.354167,6.791667,13.0625,7.5],"tintindex":0,"rotation":0,"texture":"#4"},"south":{"uv":[5.104167,12.770834,5.541667,13.479167],"tintindex":0,"rotation":0,"texture":"#4"},"north":{"uv":[1.7083334,4.625,2.1458335,5.3333335],"tintindex":0,"rotation":0,"texture":"#4"},"west":{"uv":[12.375,5.125,13.083334,5.8333335],"tintindex":0,"rotation":0,"texture":"#4"},"up":{"uv":[5.979167,13.479167,5.541667,12.770834],"tintindex":0,"rotation":0,"texture":"#4"},"down":{"uv":[10.041667,12.770834,9.604167,13.479167],"tintindex":0,"rotation":0,"texture":"#4"}}},{"from":[-7.083334,13.783333,1.0104165],"to":[-4.416667,27.783333,15.010417],"faces":{"east":{"uv":[6.666667,11.666667,7.541667,12.541667],"tintindex":0,"rotation":0,"texture":"#4"},"south":{"uv":[8.854167,13.0625,9.020834,13.9375],"tintindex":0,"rotation":0,"texture":"#4"},"north":{"uv":[1.5416667,13.0625,1.7083334,13.9375],"tintindex":0,"rotation":0,"texture":"#4"},"west":{"uv":[7.541667,11.666667,8.416667,12.541667],"tintindex":0,"rotation":0,"texture":"#4"},"up":{"uv":[7.979167,14.125,7.8125,13.25],"tintindex":0,"rotation":0,"texture":"#4"},"down":{"uv":[0.6666667,13.3125,0.5,14.1875],"tintindex":0,"rotation":0,"texture":"#4"}}},{"from":[15.0,15.116667,2.34375],"to":[22.0,26.45,13.677084],"faces":{"east":{"uv":[7.3125,12.541667,8.020834,13.25],"tintindex":0,"rotation":0,"texture":"#4"},"south":{"uv":[10.479167,12.770834,10.916667,13.479167],"tintindex":0,"rotation":0,"texture":"#4"},"north":{"uv":[10.041667,12.770834,10.479167,13.479167],"tintindex":0,"rotation":0,"texture":"#4"},"west":{"uv":[0.0,12.604167,0.7083334,13.3125],"tintindex":0,"rotation":0,"texture":"#4"},"up":{"uv":[11.354167,13.479167,10.916667,12.770834],"tintindex":0,"rotation":0,"texture":"#4"},"down":{"uv":[11.791667,12.770834,11.354167,13.479167],"tintindex":0,"rotation":0,"texture":"#4"}}},{"from":[20.416668,13.783333,1.0104165],"to":[23.083334,27.783333,15.010417],"faces":{"east":{"uv":[0.9583334,11.395834,1.8333334,12.270834],"tintindex":0,"rotation":0,"texture":"#4"},"south":{"uv":[1.5416667,5.75,1.7083334,6.625],"tintindex":0,"rotation":0,"texture":"#4"},"north":{"uv":[1.375,5.75,1.5416667,6.625],"tintindex":0,"rotation":0,"texture":"#4"},"west":{"uv":[4.229167,11.666667,5.104167,12.541667],"tintindex":0,"rotation":0,"texture":"#4"},"up":{"uv":[2.6666667,8.916667,2.5,8.041667],"tintindex":0,"rotation":0,"texture":"#4"},"down":{"uv":[3.6666667,9.0,3.5,9.875],"tintindex":0,"rotation":0,"texture":"#4"}}},{"from":[1.833333,7.4499993,3.552083],"to":[14.166667,12.95,12.364584],"faces":{"east":{"uv":[11.791667,13.1875,12.333334,13.541667],"tintindex":0,"rotation":0,"texture":"#4"},"south":{"uv":[3.0833335,5.3333335,3.8541667,5.6875],"tintindex":0,"rotation":0,"texture":"#4"},"north":{"uv":[4.4583335,3.0625,5.229167,3.4166667],"tintindex":0,"rotation":0,"texture":"#4"},"west":{"uv":[13.1875,12.479167,13.729167,12.833334],"tintindex":0,"rotation":0,"texture":"#4"},"up":{"uv":[12.145834,3.3333335,11.375,2.7916667],"tintindex":0,"rotation":0,"texture":"#4"},"down":{"uv":[12.791667,12.645834,12.020834,13.1875],"tintindex":0,"rotation":0,"texture":"#4"}}}],"display":{"head":{"rotation":[0.0,0.0,0.0]},"firstperson_righthand":{"rotation":[0.0,0.0,0.0]},"thirdperson_lefthand":{"rotation":[0.0,-0.0,-0.0]},"firstperson_lefthand":{"rotation":[0.0,-0.0,-0.0]},"fixed":{"rotation":[0.0,0.0,0.0]},"ground":{"rotation":[0.0,0.0,0.0]},"thirdperson_righthand":{"rotation":[0.0,0.0,0.0]},"gui":{"rotation":[-150.0,-45.0,180.0]}}}