{"textures":{"4":"modelengine:entity/hv_dig","particle":"#4"},"elements":[{"from":[0.0,0.0,0.0],"to":[16.0,16.0,16.0],"faces":{"east":{"uv":[11.020834,13.854167,11.354167,14.1875],"tintindex":0,"rotation":0,"texture":"#4"},"south":{"uv":[13.875,1.2291667,14.208334,1.5625],"tintindex":0,"rotation":0,"texture":"#4"},"north":{"uv":[10.6875,13.854167,11.020834,14.1875],"tintindex":0,"rotation":0,"texture":"#4"},"west":{"uv":[13.875,4.3958335,14.208334,4.729167],"tintindex":0,"rotation":0,"texture":"#4"},"up":{"uv":[14.208334,5.416667,13.875,5.0833335],"tintindex":0,"rotation":0,"texture":"#4"},"down":{"uv":[14.208334,6.3958335,13.875,6.729167],"tintindex":0,"rotation":0,"texture":"#4"}}}],"display":{"head":{"rotation":[0.0,0.0,0.0]},"firstperson_righthand":{"rotation":[0.0,0.0,0.0]},"thirdperson_lefthand":{"rotation":[0.0,-0.0,-0.0]},"firstperson_lefthand":{"rotation":[0.0,-0.0,-0.0]},"fixed":{"rotation":[0.0,0.0,0.0]},"ground":{"rotation":[0.0,0.0,0.0]},"thirdperson_righthand":{"rotation":[0.0,0.0,0.0]},"gui":{"rotation":[-150.0,-45.0,180.0]}}}