{"textures":{"4":"modelengine:entity/hv_dig","particle":"#4"},"elements":[{"from":[0.0,0.0,0.0],"to":[16.0,16.0,16.0],"faces":{"east":{"uv":[14.0625,8.354167,14.395834,8.6875],"tintindex":0,"rotation":0,"texture":"#4"},"south":{"uv":[14.0625,10.25,14.395834,10.583334],"tintindex":0,"rotation":0,"texture":"#4"},"north":{"uv":[14.0625,8.020834,14.395834,8.354167],"tintindex":0,"rotation":0,"texture":"#4"},"west":{"uv":[14.0625,12.354167,14.395834,12.6875],"tintindex":0,"rotation":0,"texture":"#4"},"up":{"uv":[14.25,14.395834,13.916667,14.0625],"tintindex":0,"rotation":0,"texture":"#4"},"down":{"uv":[6.7083335,14.104167,6.375,14.4375],"tintindex":0,"rotation":0,"texture":"#4"}}}],"display":{"head":{"rotation":[0.0,0.0,0.0]},"firstperson_righthand":{"rotation":[0.0,0.0,0.0]},"thirdperson_lefthand":{"rotation":[0.0,-0.0,-0.0]},"firstperson_lefthand":{"rotation":[0.0,-0.0,-0.0]},"fixed":{"rotation":[0.0,0.0,0.0]},"ground":{"rotation":[0.0,0.0,0.0]},"thirdperson_righthand":{"rotation":[0.0,0.0,0.0]},"gui":{"rotation":[-150.0,-45.0,180.0]}}}