{"textures":{"4":"modelengine:entity/hv_dig","particle":"#4"},"elements":[{"from":[0.0,0.0,0.0],"to":[16.0,16.0,16.0],"faces":{"east":{"uv":[13.9375,2.1666667,14.270834,2.5],"tintindex":0,"rotation":0,"texture":"#4"},"south":{"uv":[13.9375,2.5,14.270834,2.8333335],"tintindex":0,"rotation":0,"texture":"#4"},"north":{"uv":[13.916667,13.729167,14.25,14.0625],"tintindex":0,"rotation":0,"texture":"#4"},"west":{"uv":[13.9375,2.8333335,14.270834,3.1666667],"tintindex":0,"rotation":0,"texture":"#4"},"up":{"uv":[14.270834,3.5,13.9375,3.1666667],"tintindex":0,"rotation":0,"texture":"#4"},"down":{"uv":[14.270834,3.5,13.9375,3.8333335],"tintindex":0,"rotation":0,"texture":"#4"}}}],"display":{"head":{"rotation":[0.0,0.0,0.0]},"firstperson_righthand":{"rotation":[0.0,0.0,0.0]},"thirdperson_lefthand":{"rotation":[0.0,-0.0,-0.0]},"firstperson_lefthand":{"rotation":[0.0,-0.0,-0.0]},"fixed":{"rotation":[0.0,0.0,0.0]},"ground":{"rotation":[0.0,0.0,0.0]},"thirdperson_righthand":{"rotation":[0.0,0.0,0.0]},"gui":{"rotation":[-150.0,-45.0,180.0]}}}