{"textures":{"4":"modelengine:entity/hv_dig","particle":"#4"},"elements":[{"from":[0.0,0.0,0.0],"to":[16.0,16.0,16.0],"faces":{"east":{"uv":[3.1041667,14.125,3.4375,14.458334],"tintindex":0,"rotation":0,"texture":"#4"},"south":{"uv":[14.125,11.833334,14.458334,12.166667],"tintindex":0,"rotation":0,"texture":"#4"},"north":{"uv":[6.7083335,14.104167,7.041667,14.4375],"tintindex":0,"rotation":0,"texture":"#4"},"west":{"uv":[14.145834,4.729167,14.479167,5.0625],"tintindex":0,"rotation":0,"texture":"#4"},"up":{"uv":[14.479167,11.3125,14.145834,10.979167],"tintindex":0,"rotation":0,"texture":"#4"},"down":{"uv":[4.4583335,14.166667,4.125,14.5],"tintindex":0,"rotation":0,"texture":"#4"}}}],"display":{"head":{"rotation":[0.0,0.0,0.0]},"firstperson_righthand":{"rotation":[0.0,0.0,0.0]},"thirdperson_lefthand":{"rotation":[0.0,-0.0,-0.0]},"firstperson_lefthand":{"rotation":[0.0,-0.0,-0.0]},"fixed":{"rotation":[0.0,0.0,0.0]},"ground":{"rotation":[0.0,0.0,0.0]},"thirdperson_righthand":{"rotation":[0.0,0.0,0.0]},"gui":{"rotation":[-150.0,-45.0,180.0]}}}