{"textures":{"4":"modelengine:entity/hv_dig","particle":"#4"},"elements":[{"from":[0.0,0.0,0.0],"to":[16.0,16.0,16.0],"faces":{"east":{"uv":[14.1875,1.8333334,14.520834,2.1666667],"tintindex":0,"rotation":0,"texture":"#4"},"south":{"uv":[14.1875,3.8333335,14.520834,4.166667],"tintindex":0,"rotation":0,"texture":"#4"},"north":{"uv":[11.6875,14.166667,12.020834,14.5],"tintindex":0,"rotation":0,"texture":"#4"},"west":{"uv":[8.854167,14.1875,9.1875,14.520834],"tintindex":0,"rotation":0,"texture":"#4"},"up":{"uv":[9.520834,14.520834,9.1875,14.1875],"tintindex":0,"rotation":0,"texture":"#4"},"down":{"uv":[9.854167,14.1875,9.520834,14.520834],"tintindex":0,"rotation":0,"texture":"#4"}}}],"display":{"head":{"rotation":[0.0,0.0,0.0]},"firstperson_righthand":{"rotation":[0.0,0.0,0.0]},"thirdperson_lefthand":{"rotation":[0.0,-0.0,-0.0]},"firstperson_lefthand":{"rotation":[0.0,-0.0,-0.0]},"fixed":{"rotation":[0.0,0.0,0.0]},"ground":{"rotation":[0.0,0.0,0.0]},"thirdperson_righthand":{"rotation":[0.0,0.0,0.0]},"gui":{"rotation":[-150.0,-45.0,180.0]}}}