{"textures":{"4":"modelengine:entity/hv_dig","particle":"#4"},"elements":[{"from":[0.0,0.0,0.0],"to":[16.0,16.0,16.0],"faces":{"east":{"uv":[13.875,11.5,14.208334,11.833334],"tintindex":0,"rotation":0,"texture":"#4"},"south":{"uv":[13.875,12.729167,14.208334,13.0625],"tintindex":0,"rotation":0,"texture":"#4"},"north":{"uv":[13.875,10.645834,14.208334,10.979167],"tintindex":0,"rotation":0,"texture":"#4"},"west":{"uv":[13.875,13.0625,14.208334,13.395834],"tintindex":0,"rotation":0,"texture":"#4"},"up":{"uv":[14.229167,0.75,13.895834,0.4166667],"tintindex":0,"rotation":0,"texture":"#4"},"down":{"uv":[14.229167,0.75,13.895834,1.0833334],"tintindex":0,"rotation":0,"texture":"#4"}}}],"display":{"head":{"rotation":[0.0,0.0,0.0]},"firstperson_righthand":{"rotation":[0.0,0.0,0.0]},"thirdperson_lefthand":{"rotation":[0.0,-0.0,-0.0]},"firstperson_lefthand":{"rotation":[0.0,-0.0,-0.0]},"fixed":{"rotation":[0.0,0.0,0.0]},"ground":{"rotation":[0.0,0.0,0.0]},"thirdperson_righthand":{"rotation":[0.0,0.0,0.0]},"gui":{"rotation":[-150.0,-45.0,180.0]}}}