{"textures":{"4":"modelengine:entity/hv_dig","particle":"#4"},"elements":[{"from":[0.0,0.0,0.0],"to":[16.0,16.0,16.0],"faces":{"east":{"uv":[14.041667,7.354167,14.375,7.6875],"tintindex":0,"rotation":0,"texture":"#4"},"south":{"uv":[14.041667,7.6875,14.375,8.020834],"tintindex":0,"rotation":0,"texture":"#4"},"north":{"uv":[1.5,13.958334,1.8333334,14.291667],"tintindex":0,"rotation":0,"texture":"#4"},"west":{"uv":[14.041667,9.458334,14.375,9.791667],"tintindex":0,"rotation":0,"texture":"#4"},"up":{"uv":[14.395834,5.75,14.0625,5.416667],"tintindex":0,"rotation":0,"texture":"#4"},"down":{"uv":[14.395834,5.75,14.0625,6.0833335],"tintindex":0,"rotation":0,"texture":"#4"}}}],"display":{"head":{"rotation":[0.0,0.0,0.0]},"firstperson_righthand":{"rotation":[0.0,0.0,0.0]},"thirdperson_lefthand":{"rotation":[0.0,-0.0,-0.0]},"firstperson_lefthand":{"rotation":[0.0,-0.0,-0.0]},"fixed":{"rotation":[0.0,0.0,0.0]},"ground":{"rotation":[0.0,0.0,0.0]},"thirdperson_righthand":{"rotation":[0.0,0.0,0.0]},"gui":{"rotation":[-150.0,-45.0,180.0]}}}