{"textures":{"4":"modelengine:entity/hv_dig","particle":"#4"},"elements":[{"from":[0.0,0.0,0.0],"to":[16.0,16.0,16.0],"faces":{"east":{"uv":[13.916667,8.791667,14.25,9.125],"tintindex":0,"rotation":0,"texture":"#4"},"south":{"uv":[13.916667,9.125,14.25,9.458334],"tintindex":0,"rotation":0,"texture":"#4"},"north":{"uv":[8.3125,13.916667,8.645834,14.25],"tintindex":0,"rotation":0,"texture":"#4"},"west":{"uv":[13.916667,9.916667,14.25,10.25],"tintindex":0,"rotation":0,"texture":"#4"},"up":{"uv":[11.6875,14.25,11.354167,13.916667],"tintindex":0,"rotation":0,"texture":"#4"},"down":{"uv":[14.25,13.395834,13.916667,13.729167],"tintindex":0,"rotation":0,"texture":"#4"}}}],"display":{"head":{"rotation":[0.0,0.0,0.0]},"firstperson_righthand":{"rotation":[0.0,0.0,0.0]},"thirdperson_lefthand":{"rotation":[0.0,-0.0,-0.0]},"firstperson_lefthand":{"rotation":[0.0,-0.0,-0.0]},"fixed":{"rotation":[0.0,0.0,0.0]},"ground":{"rotation":[0.0,0.0,0.0]},"thirdperson_righthand":{"rotation":[0.0,0.0,0.0]},"gui":{"rotation":[-150.0,-45.0,180.0]}}}