{"textures":{"4":"modelengine:entity/hv_dig","particle":"#4"},"elements":[{"from":[2.375,-0.54166794,2.1927085],"to":[13.625,10.708332,4.6927085],"faces":{"east":{"uv":[6.5833335,8.166667,6.6875,8.645834],"tintindex":0,"rotation":0,"texture":"#4"},"south":{"uv":[9.083334,7.854167,9.5625,8.333334],"tintindex":0,"rotation":0,"texture":"#4"},"north":{"uv":[8.3125,3.8541667,8.791667,4.3333335],"tintindex":0,"rotation":0,"texture":"#4"},"west":{"uv":[1.8333334,11.395834,1.9375,11.875],"tintindex":0,"rotation":0,"texture":"#4"},"up":{"uv":[7.729167,4.4375,7.25,4.3333335],"tintindex":0,"rotation":0,"texture":"#4"},"down":{"uv":[10.145834,11.0,9.666667,11.104167],"tintindex":0,"rotation":0,"texture":"#4"}},"rotation":{"origin":[8.0,5.083332,3.4427085],"angle":-45.0,"axis":"z"}},{"from":[2.375,-0.54166794,11.317709],"to":[13.625,10.708332,13.817709],"faces":{"east":{"uv":[0.7916667,11.6875,0.8958334,12.166667],"tintindex":0,"rotation":0,"texture":"#4"},"south":{"uv":[13.020834,12.0,13.5,12.479167],"tintindex":0,"rotation":0,"texture":"#4"},"north":{"uv":[13.020834,11.520834,13.5,12.0],"tintindex":0,"rotation":0,"texture":"#4"},"west":{"uv":[2.6041667,12.791667,2.7083335,13.270834],"tintindex":0,"rotation":0,"texture":"#4"},"up":{"uv":[14.979167,9.416667,14.5,9.3125],"tintindex":0,"rotation":0,"texture":"#4"},"down":{"uv":[14.979167,10.041667,14.5,10.145834],"tintindex":0,"rotation":0,"texture":"#4"}},"rotation":{"origin":[8.0,5.083332,12.567709],"angle":-45.0,"axis":"z"}},{"from":[1.75,4.458332,3.3802085],"to":[14.25,23.208332,12.598959],"faces":{"east":{"uv":[1.4583334,12.270834,1.8333334,13.0625],"tintindex":0,"rotation":0,"texture":"#4"},"south":{"uv":[9.083334,12.1875,9.604167,12.979167],"tintindex":0,"rotation":0,"texture":"#4"},"north":{"uv":[1.7083334,3.8333335,2.2291667,4.625],"tintindex":0,"rotation":0,"texture":"#4"},"west":{"uv":[1.8333334,12.791667,2.2083335,13.583334],"tintindex":0,"rotation":0,"texture":"#4"},"up":{"uv":[11.3125,2.3333335,10.791667,1.9583334],"tintindex":0,"rotation":0,"texture":"#4"},"down":{"uv":[13.583334,7.041667,13.0625,7.416667],"tintindex":0,"rotation":0,"texture":"#4"}}}],"display":{"head":{"rotation":[0.0,0.0,0.0]},"firstperson_righthand":{"rotation":[0.0,0.0,0.0]},"thirdperson_lefthand":{"rotation":[0.0,-0.0,-0.0]},"firstperson_lefthand":{"rotation":[0.0,-0.0,-0.0]},"fixed":{"rotation":[0.0,0.0,0.0]},"ground":{"rotation":[0.0,0.0,0.0]},"thirdperson_righthand":{"rotation":[0.0,0.0,0.0]},"gui":{"rotation":[-150.0,-45.0,180.0]}}}