{"textures":{"4":"modelengine:entity/hv_dig","particle":"#4"},"elements":[{"from":[7.0625,-5.9375,-4.218277],"to":[22.0625,7.9375,10.781723],"faces":{"east":{"uv":[14.208334,6.8958335,14.520834,7.1875],"tintindex":0,"rotation":0,"texture":"#4"},"south":{"uv":[14.270834,3.0416667,14.583334,3.3333335],"tintindex":0,"rotation":0,"texture":"#4"},"north":{"uv":[14.208334,6.3958335,14.520834,6.6875],"tintindex":0,"rotation":0,"texture":"#4"},"west":{"uv":[14.270834,3.3333335,14.583334,3.625],"tintindex":0,"rotation":0,"texture":"#4"},"up":{"uv":[11.333334,14.5,11.020834,14.1875],"tintindex":0,"rotation":0,"texture":"#4"},"down":{"uv":[14.520834,1.1666667,14.208334,1.4791667],"tintindex":0,"rotation":0,"texture":"#4"}},"rotation":{"origin":[8.0,4.6875,-3.280777],"angle":-45.0,"axis":"y"}}],"display":{"head":{"rotation":[0.0,0.0,0.0]},"firstperson_righthand":{"rotation":[0.0,0.0,0.0]},"thirdperson_lefthand":{"rotation":[0.0,-0.0,-0.0]},"firstperson_lefthand":{"rotation":[0.0,-0.0,-0.0]},"fixed":{"rotation":[0.0,0.0,0.0]},"ground":{"rotation":[0.0,0.0,0.0]},"thirdperson_righthand":{"rotation":[0.0,0.0,0.0]},"gui":{"rotation":[-150.0,-45.0,180.0]}}}