{"textures":{"4":"modelengine:entity/hv_dig","particle":"#4"},"elements":[{"from":[1.4004993,2.949997,3.5],"to":[9.900499,11.949997,12.5],"faces":{"east":{"uv":[13.354167,6.0208335,13.729167,6.3958335],"tintindex":0,"rotation":0,"texture":"#4"},"south":{"uv":[13.520834,4.5,13.875,4.875],"tintindex":0,"rotation":0,"texture":"#4"},"north":{"uv":[13.520834,1.3333334,13.875,1.7083334],"tintindex":0,"rotation":0,"texture":"#4"},"west":{"uv":[13.375,7.416667,13.75,7.791667],"tintindex":0,"rotation":0,"texture":"#4"},"up":{"uv":[13.875,11.291667,13.520834,10.916667],"tintindex":0,"rotation":0,"texture":"#4"},"down":{"uv":[13.895834,0.4791667,13.541667,0.8541667],"tintindex":0,"rotation":0,"texture":"#4"}}},{"from":[-13.099501,0.94999695,-3.5],"to":[1.4004993,3.949997,19.5],"faces":{"east":{"uv":[11.791667,0.7291667,12.75,0.8541667],"tintindex":0,"rotation":0,"texture":"#4"},"south":{"uv":[8.041667,7.0208335,8.645834,7.1458335],"tintindex":0,"rotation":0,"texture":"#4"},"north":{"uv":[3.0833335,5.6875,3.6875,5.8125],"tintindex":0,"rotation":0,"texture":"#4"},"west":{"uv":[13.520834,1.7083334,14.479167,1.8333334],"tintindex":0,"rotation":0,"texture":"#4"},"up":{"uv":[5.416667,8.375,4.8125,7.416667],"tintindex":0,"rotation":0,"texture":"#4"},"down":{"uv":[12.958334,5.8333335,12.354167,6.791667],"tintindex":0,"rotation":0,"texture":"#4"}}},{"from":[1.4004993,0.94999695,-3.5],"to":[4.4004993,22.449997,19.5],"faces":{"east":{"uv":[0.0,10.791667,0.9583334,11.6875],"tintindex":0,"rotation":0,"texture":"#4"},"south":{"uv":[5.291667,13.854167,5.416667,14.75],"tintindex":0,"rotation":0,"texture":"#4"},"north":{"uv":[5.166667,13.854167,5.291667,14.75],"tintindex":0,"rotation":0,"texture":"#4"},"west":{"uv":[10.791667,1.0625,11.75,1.9583334],"tintindex":0,"rotation":0,"texture":"#4"},"up":{"uv":[6.7083335,8.166667,6.5833335,7.2083335],"tintindex":0,"rotation":0,"texture":"#4"},"down":{"uv":[2.1875,13.583334,2.0625,14.541667],"tintindex":0,"rotation":0,"texture":"#4"}}},{"from":[-15.599501,-4.050003,-1.5],"to":[-12.599501,17.949997,17.5],"faces":{"east":{"uv":[0.0,11.6875,0.7916667,12.604167],"tintindex":0,"rotation":0,"texture":"#4"},"south":{"uv":[13.8125,2.2291667,13.9375,3.1458335],"tintindex":0,"rotation":0,"texture":"#4"},"north":{"uv":[13.541667,13.791667,13.666667,14.708334],"tintindex":0,"rotation":0,"texture":"#4"},"west":{"uv":[9.645834,11.854167,10.4375,12.770834],"tintindex":0,"rotation":0,"texture":"#4"},"up":{"uv":[7.875,9.4375,7.75,8.645834],"tintindex":0,"rotation":0,"texture":"#4"},"down":{"uv":[7.9375,14.125,7.8125,14.916667],"tintindex":0,"rotation":0,"texture":"#4"}}},{"from":[-11.601999,1.949997,-2.5],"to":[4.397999,20.949997,18.5],"faces":{"east":{"uv":[11.958334,8.25,12.833334,9.041667],"tintindex":0,"rotation":0,"texture":"#4"},"south":{"uv":[3.375,12.541667,4.041667,13.333334],"tintindex":0,"rotation":0,"texture":"#4"},"north":{"uv":[2.7083335,12.541667,3.375,13.333334],"tintindex":0,"rotation":0,"texture":"#4"},"west":{"uv":[5.104167,11.979167,5.979167,12.770834],"tintindex":0,"rotation":0,"texture":"#4"},"up":{"uv":[6.479167,9.583334,5.8125,8.708334],"tintindex":0,"rotation":0,"texture":"#4"},"down":{"uv":[6.6458335,11.979167,5.979167,12.854167],"tintindex":0,"rotation":0,"texture":"#4"}}}],"display":{"head":{"rotation":[0.0,0.0,0.0]},"firstperson_righthand":{"rotation":[0.0,0.0,0.0]},"thirdperson_lefthand":{"rotation":[0.0,-0.0,-0.0]},"firstperson_lefthand":{"rotation":[0.0,-0.0,-0.0]},"fixed":{"rotation":[0.0,0.0,0.0]},"ground":{"rotation":[0.0,0.0,0.0]},"thirdperson_righthand":{"rotation":[0.0,0.0,0.0]},"gui":{"rotation":[-150.0,-45.0,180.0]}}}