{"textures":{"4":"modelengine:entity/hv_dig","particle":"#4"},"elements":[{"from":[3.3125,-1.270833,7.9241743],"to":[12.6875,14.979167,11.674174],"faces":{"east":{"uv":[5.854167,3.0625,5.9375,3.3958335],"tintindex":0,"rotation":0,"texture":"#4"},"south":{"uv":[11.791667,12.770834,11.979167,13.104167],"tintindex":0,"rotation":0,"texture":"#4"},"north":{"uv":[10.0,3.5,10.1875,3.8333335],"tintindex":0,"rotation":0,"texture":"#4"},"west":{"uv":[8.833334,1.1666667,8.916667,1.5],"tintindex":0,"rotation":0,"texture":"#4"},"up":{"uv":[14.25,8.770834,14.0625,8.6875],"tintindex":0,"rotation":0,"texture":"#4"},"down":{"uv":[3.5,14.729167,3.3125,14.8125],"tintindex":0,"rotation":0,"texture":"#4"}}},{"from":[9.21875,-0.583333,3.2366743],"to":[18.59375,14.666667,6.9866743],"faces":{"east":{"uv":[6.3958335,14.6875,6.479167,15.0],"tintindex":0,"rotation":0,"texture":"#4"},"south":{"uv":[10.270834,14.5625,10.458334,14.875],"tintindex":0,"rotation":0,"texture":"#4"},"north":{"uv":[10.083334,14.5625,10.270834,14.875],"tintindex":0,"rotation":0,"texture":"#4"},"west":{"uv":[6.479167,14.6875,6.5625,15.0],"tintindex":0,"rotation":0,"texture":"#4"},"up":{"uv":[3.6875,14.8125,3.5,14.729167],"tintindex":0,"rotation":0,"texture":"#4"},"down":{"uv":[3.875,14.729167,3.6875,14.8125],"tintindex":0,"rotation":0,"texture":"#4"}},"rotation":{"origin":[16.71875,8.416667,5.1116743],"angle":45.0,"axis":"y"}},{"from":[-2.59375,-0.583333,3.2366743],"to":[6.78125,14.666667,6.9866743],"faces":{"east":{"uv":[14.041667,11.833334,14.125,12.145834],"tintindex":0,"rotation":0,"texture":"#4"},"south":{"uv":[9.895834,14.5625,10.083334,14.875],"tintindex":0,"rotation":0,"texture":"#4"},"north":{"uv":[9.708334,14.5625,9.895834,14.875],"tintindex":0,"rotation":0,"texture":"#4"},"west":{"uv":[6.3125,14.6875,6.3958335,15.0],"tintindex":0,"rotation":0,"texture":"#4"},"up":{"uv":[14.0625,5.5,13.875,5.416667],"tintindex":0,"rotation":0,"texture":"#4"},"down":{"uv":[14.229167,9.791667,14.041667,9.875],"tintindex":0,"rotation":0,"texture":"#4"}},"rotation":{"origin":[-0.71875,8.416667,5.1116743],"angle":-45.0,"axis":"y"}}],"display":{"head":{"rotation":[0.0,0.0,0.0]},"firstperson_righthand":{"rotation":[0.0,0.0,0.0]},"thirdperson_lefthand":{"rotation":[0.0,-0.0,-0.0]},"firstperson_lefthand":{"rotation":[0.0,-0.0,-0.0]},"fixed":{"rotation":[0.0,0.0,0.0]},"ground":{"rotation":[0.0,0.0,0.0]},"thirdperson_righthand":{"rotation":[0.0,0.0,0.0]},"gui":{"rotation":[-150.0,-45.0,180.0]}}}