{"textures":{"4":"modelengine:entity/hv_dig","particle":"#4"},"elements":[{"from":[4.0,0.375,4.0],"to":[12.0,9.25,12.0],"faces":{"east":{"uv":[13.729167,5.8958335,14.0625,6.2708335],"tintindex":0,"rotation":0,"texture":"#4"},"south":{"uv":[6.375,13.729167,6.7083335,14.104167],"tintindex":0,"rotation":0,"texture":"#4"},"north":{"uv":[13.729167,5.5208335,14.0625,5.8958335],"tintindex":0,"rotation":0,"texture":"#4"},"west":{"uv":[6.7083335,13.729167,7.041667,14.104167],"tintindex":0,"rotation":0,"texture":"#4"},"up":{"uv":[9.291667,2.6666667,8.958334,2.3333335],"tintindex":0,"rotation":0,"texture":"#4"},"down":{"uv":[14.1875,1.8333334,13.854167,2.1666667],"tintindex":0,"rotation":0,"texture":"#4"}}},{"from":[3.0,-10.75,3.0],"to":[13.0,0.75,13.0],"faces":{"east":{"uv":[13.083334,5.1458335,13.5,5.625],"tintindex":0,"rotation":0,"texture":"#4"},"south":{"uv":[0.7083334,13.145834,1.125,13.625],"tintindex":0,"rotation":0,"texture":"#4"},"north":{"uv":[11.583334,10.479167,12.0,10.958334],"tintindex":0,"rotation":0,"texture":"#4"},"west":{"uv":[1.125,13.145834,1.5416667,13.625],"tintindex":0,"rotation":0,"texture":"#4"},"up":{"uv":[9.083334,7.104167,8.666667,6.6875],"tintindex":0,"rotation":0,"texture":"#4"},"down":{"uv":[12.75,13.1875,12.333334,13.604167],"tintindex":0,"rotation":0,"texture":"#4"}}}],"display":{"head":{"rotation":[0.0,0.0,0.0]},"firstperson_righthand":{"rotation":[0.0,0.0,0.0]},"thirdperson_lefthand":{"rotation":[0.0,-0.0,-0.0]},"firstperson_lefthand":{"rotation":[0.0,-0.0,-0.0]},"fixed":{"rotation":[0.0,0.0,0.0]},"ground":{"rotation":[0.0,0.0,0.0]},"thirdperson_righthand":{"rotation":[0.0,0.0,0.0]},"gui":{"rotation":[-150.0,-45.0,180.0]}}}