{"textures":{"4":"modelengine:entity/hv_dig","particle":"#4"},"elements":[{"from":[-9.8125,2.0625,2.0625],"to":[15.8125,13.9375,13.9375],"faces":{"east":{"uv":[14.520834,4.979167,14.770834,5.229167],"tintindex":0,"rotation":0,"texture":"#4"},"south":{"uv":[4.8125,8.375,5.354167,8.625],"tintindex":0,"rotation":0,"texture":"#4"},"north":{"uv":[6.4583335,2.75,7.0,3.0],"tintindex":0,"rotation":0,"texture":"#4"},"west":{"uv":[14.520834,6.3958335,14.770834,6.6458335],"tintindex":0,"rotation":0,"texture":"#4"},"up":{"uv":[5.6458335,11.916667,5.104167,11.666667],"tintindex":0,"rotation":0,"texture":"#4"},"down":{"uv":[13.8125,10.666667,13.270834,10.916667],"tintindex":0,"rotation":0,"texture":"#4"}},"rotation":{"origin":[-2.625,8.0,8.0],"angle":45.0,"axis":"x"}}],"display":{"head":{"rotation":[0.0,0.0,0.0]},"firstperson_righthand":{"rotation":[0.0,0.0,0.0]},"thirdperson_lefthand":{"rotation":[0.0,-0.0,-0.0]},"firstperson_lefthand":{"rotation":[0.0,-0.0,-0.0]},"fixed":{"rotation":[0.0,0.0,0.0]},"ground":{"rotation":[0.0,0.0,0.0]},"thirdperson_righthand":{"rotation":[0.0,0.0,0.0]},"gui":{"rotation":[-150.0,-45.0,180.0]}}}