{"textures":{"4":"modelengine:entity/hv_dig","particle":"#4"},"elements":[{"from":[0.0,-2.1875,0.0],"to":[16.0,10.5625,16.0],"faces":{"east":{"uv":[2.5,14.395834,2.8333335,14.666667],"tintindex":0,"rotation":0,"texture":"#4"},"south":{"uv":[14.395834,5.375,14.729167,5.6458335],"tintindex":0,"rotation":0,"texture":"#4"},"north":{"uv":[14.375,9.4375,14.708334,9.708334],"tintindex":0,"rotation":0,"texture":"#4"},"west":{"uv":[14.395834,5.6458335,14.729167,5.916667],"tintindex":0,"rotation":0,"texture":"#4"},"up":{"uv":[14.1875,4.3958335,13.854167,4.0625],"tintindex":0,"rotation":0,"texture":"#4"},"down":{"uv":[9.354167,13.854167,9.020834,14.1875],"tintindex":0,"rotation":0,"texture":"#4"}}},{"from":[-1.0,-9.1875,-1.0],"to":[17.0,-1.1875,17.0],"faces":{"east":{"uv":[14.5,9.875,14.875,10.041667],"tintindex":0,"rotation":0,"texture":"#4"},"south":{"uv":[11.541667,14.5,11.916667,14.666667],"tintindex":0,"rotation":0,"texture":"#4"},"north":{"uv":[14.5,9.708334,14.875,9.875],"tintindex":0,"rotation":0,"texture":"#4"},"west":{"uv":[14.520834,1.1666667,14.895834,1.3333334],"tintindex":0,"rotation":0,"texture":"#4"},"up":{"uv":[5.416667,13.854167,5.041667,13.479167],"tintindex":0,"rotation":0,"texture":"#4"},"down":{"uv":[5.791667,13.479167,5.416667,13.854167],"tintindex":0,"rotation":0,"texture":"#4"}}}],"display":{"head":{"rotation":[0.0,0.0,0.0]},"firstperson_righthand":{"rotation":[0.0,0.0,0.0]},"thirdperson_lefthand":{"rotation":[0.0,-0.0,-0.0]},"firstperson_lefthand":{"rotation":[0.0,-0.0,-0.0]},"fixed":{"rotation":[0.0,0.0,0.0]},"ground":{"rotation":[0.0,0.0,0.0]},"thirdperson_righthand":{"rotation":[0.0,0.0,0.0]},"gui":{"rotation":[-150.0,-45.0,180.0]}}}