{"textures":{"4":"modelengine:entity/hv_dig","particle":"#4"},"elements":[{"from":[4.0,-2.25,4.0],"to":[12.0,3.75,12.0],"faces":{"east":{"uv":[13.1875,13.208334,13.6875,13.583334],"tintindex":0,"rotation":0,"texture":"#4"},"south":{"uv":[13.229167,8.125,13.729167,8.5],"tintindex":0,"rotation":0,"texture":"#4"},"north":{"uv":[13.1875,12.833334,13.6875,13.208334],"tintindex":0,"rotation":0,"texture":"#4"},"west":{"uv":[13.229167,8.5,13.729167,8.875],"tintindex":0,"rotation":0,"texture":"#4"},"up":{"uv":[13.479167,2.3541667,12.979167,1.8541667],"tintindex":0,"rotation":0,"texture":"#4"},"down":{"uv":[13.479167,4.166667,12.979167,4.666667],"tintindex":0,"rotation":0,"texture":"#4"}}},{"from":[6.0,-12.916668,6.0],"to":[10.0,-6.916667,10.0],"faces":{"east":{"uv":[7.125,14.25,7.375,14.625],"tintindex":0,"rotation":0,"texture":"#4"},"south":{"uv":[7.375,14.25,7.625,14.625],"tintindex":0,"rotation":0,"texture":"#4"},"north":{"uv":[14.208334,10.583334,14.458334,10.958334],"tintindex":0,"rotation":0,"texture":"#4"},"west":{"uv":[8.145834,14.25,8.395834,14.625],"tintindex":0,"rotation":0,"texture":"#4"},"up":{"uv":[7.25,3.0,7.0,2.75],"tintindex":0,"rotation":0,"texture":"#4"},"down":{"uv":[14.125,10.979167,13.875,11.229167],"tintindex":0,"rotation":0,"texture":"#4"}}},{"from":[3.0,3.083333,3.0],"to":[13.0,8.416667,13.0],"faces":{"east":{"uv":[8.041667,6.6875,8.666667,7.0208335],"tintindex":0,"rotation":0,"texture":"#4"},"south":{"uv":[9.375,3.5,10.0,3.8333335],"tintindex":0,"rotation":0,"texture":"#4"},"north":{"uv":[5.229167,3.0625,5.854167,3.3958335],"tintindex":0,"rotation":0,"texture":"#4"},"west":{"uv":[9.958334,9.125,10.583334,9.458334],"tintindex":0,"rotation":0,"texture":"#4"},"up":{"uv":[13.375,1.3541667,12.75,0.7291667],"tintindex":0,"rotation":0,"texture":"#4"},"down":{"uv":[13.375,7.5,12.75,8.125],"tintindex":0,"rotation":0,"texture":"#4"}}},{"from":[5.0,-7.583334,5.0],"to":[11.0,-1.583334,11.0],"faces":{"east":{"uv":[13.375,9.25,13.75,9.625],"tintindex":0,"rotation":0,"texture":"#4"},"south":{"uv":[13.375,9.625,13.75,10.0],"tintindex":0,"rotation":0,"texture":"#4"},"north":{"uv":[13.375,8.875,13.75,9.25],"tintindex":0,"rotation":0,"texture":"#4"},"west":{"uv":[12.75,13.375,13.125,13.75],"tintindex":0,"rotation":0,"texture":"#4"},"up":{"uv":[13.854167,2.2291667,13.479167,1.8541667],"tintindex":0,"rotation":0,"texture":"#4"},"down":{"uv":[13.854167,4.125,13.479167,4.5],"tintindex":0,"rotation":0,"texture":"#4"}}}],"display":{"head":{"rotation":[0.0,0.0,0.0]},"firstperson_righthand":{"rotation":[0.0,0.0,0.0]},"thirdperson_lefthand":{"rotation":[0.0,-0.0,-0.0]},"firstperson_lefthand":{"rotation":[0.0,-0.0,-0.0]},"fixed":{"rotation":[0.0,0.0,0.0]},"ground":{"rotation":[0.0,0.0,0.0]},"thirdperson_righthand":{"rotation":[0.0,0.0,0.0]},"gui":{"rotation":[-150.0,-45.0,180.0]}}}