{"textures":{"4":"modelengine:entity/hv_dig","particle":"#4"},"elements":[{"from":[4.6937494,-8.902624,4.7929163],"to":[10.902083,-2.6942902,6.0095835],"faces":{"east":{"uv":[2.6875,14.666667,2.7708335,15.0625],"tintindex":0,"rotation":0,"texture":"#4"},"south":{"uv":[9.5625,7.854167,9.958334,8.25],"tintindex":0,"rotation":0,"texture":"#4"},"north":{"uv":[8.791667,3.8541667,9.1875,4.25],"tintindex":0,"rotation":0,"texture":"#4"},"west":{"uv":[4.916667,14.666667,5.0,15.0625],"tintindex":0,"rotation":0,"texture":"#4"},"up":{"uv":[9.1875,4.3333335,8.791667,4.25],"tintindex":0,"rotation":0,"texture":"#4"},"down":{"uv":[9.958334,8.25,9.5625,8.333334],"tintindex":0,"rotation":0,"texture":"#4"}},"rotation":{"origin":[8.193749,-5.402624,5.4075],"angle":45.0,"axis":"z"}},{"from":[6.527083,-4.277624,6.50125],"to":[9.652083,6.55571,9.62625],"faces":{"east":{"uv":[0.0,13.6875,0.1875,14.375],"tintindex":0,"rotation":0,"texture":"#4"},"south":{"uv":[0.1875,13.6875,0.375,14.375],"tintindex":0,"rotation":0,"texture":"#4"},"north":{"uv":[8.666667,13.541667,8.854167,14.229167],"tintindex":0,"rotation":0,"texture":"#4"},"west":{"uv":[13.6875,12.833334,13.875,13.520834],"tintindex":0,"rotation":0,"texture":"#4"},"up":{"uv":[13.375,0.6666667,13.1875,0.4791667],"tintindex":0,"rotation":0,"texture":"#4"},"down":{"uv":[14.3125,12.166667,14.125,12.354167],"tintindex":0,"rotation":0,"texture":"#4"}},"rotation":{"origin":[8.089583,-0.110957146,8.06375],"angle":-45.0,"axis":"y"}},{"from":[5.839583,-2.1942902,5.81375],"to":[9.027083,4.7848763,10.31375],"faces":{"east":{"uv":[10.291667,10.666667,10.583334,11.104167],"tintindex":0,"rotation":0,"texture":"#4"},"south":{"uv":[14.270834,2.6041667,14.479167,3.0416667],"tintindex":0,"rotation":0,"texture":"#4"},"north":{"uv":[14.270834,2.1666667,14.479167,2.6041667],"tintindex":0,"rotation":0,"texture":"#4"},"west":{"uv":[2.7083335,12.0,3.0,12.4375],"tintindex":0,"rotation":0,"texture":"#4"},"up":{"uv":[9.5,14.8125,9.291667,14.520834],"tintindex":0,"rotation":0,"texture":"#4"},"down":{"uv":[9.708334,14.520834,9.5,14.8125],"tintindex":0,"rotation":0,"texture":"#4"}}},{"from":[3.8187494,-5.94429,4.7825],"to":[12.56875,1.9723763,6.0325],"faces":{"east":{"uv":[2.1458335,4.625,2.2291667,5.125],"tintindex":0,"rotation":0,"texture":"#4"},"south":{"uv":[10.1875,4.5,10.729167,5.0],"tintindex":0,"rotation":0,"texture":"#4"},"north":{"uv":[9.1875,5.0208335,9.729167,5.5208335],"tintindex":0,"rotation":0,"texture":"#4"},"west":{"uv":[3.8541667,5.3333335,3.9375,5.8333335],"tintindex":0,"rotation":0,"texture":"#4"},"up":{"uv":[5.354167,8.708334,4.8125,8.625],"tintindex":0,"rotation":0,"texture":"#4"},"down":{"uv":[15.041667,4.6458335,14.5,4.729167],"tintindex":0,"rotation":0,"texture":"#4"}}},{"from":[5.6937494,-6.048457,6.50125],"to":[10.485416,-2.9234571,9.62625],"faces":{"east":{"uv":[14.666667,3.6041667,14.854167,3.7916667],"tintindex":0,"rotation":0,"texture":"#4"},"south":{"uv":[14.583334,3.2291667,14.875,3.4166667],"tintindex":0,"rotation":0,"texture":"#4"},"north":{"uv":[14.541667,7.1458335,14.833334,7.3333335],"tintindex":0,"rotation":0,"texture":"#4"},"west":{"uv":[5.9375,14.666667,6.125,14.854167],"tintindex":0,"rotation":0,"texture":"#4"},"up":{"uv":[14.875,3.6041667,14.583334,3.4166667],"tintindex":0,"rotation":0,"texture":"#4"},"down":{"uv":[14.875,12.166667,14.583334,12.354167],"tintindex":0,"rotation":0,"texture":"#4"}},"rotation":{"origin":[8.089583,-4.485957,8.06375],"angle":-45.0,"axis":"x"}}],"display":{"head":{"rotation":[0.0,0.0,0.0]},"firstperson_righthand":{"rotation":[0.0,0.0,0.0]},"thirdperson_lefthand":{"rotation":[0.0,-0.0,-0.0]},"firstperson_lefthand":{"rotation":[0.0,-0.0,-0.0]},"fixed":{"rotation":[0.0,0.0,0.0]},"ground":{"rotation":[0.0,0.0,0.0]},"thirdperson_righthand":{"rotation":[0.0,0.0,0.0]},"gui":{"rotation":[-150.0,-45.0,180.0]}}}