{"textures":{"4":"modelengine:entity/hv_dig","particle":"#4"},"elements":[{"from":[6.125,-13.3125,6.125],"to":[9.875,7.3125,9.875],"faces":{"east":{"uv":[4.5,10.083334,4.666667,10.9375],"tintindex":0,"rotation":0,"texture":"#4"},"south":{"uv":[7.1458335,13.333334,7.3125,14.1875],"tintindex":0,"rotation":0,"texture":"#4"},"north":{"uv":[7.5833335,8.645834,7.75,9.5],"tintindex":0,"rotation":0,"texture":"#4"},"west":{"uv":[13.375,0.4791667,13.541667,1.3333334],"tintindex":0,"rotation":0,"texture":"#4"},"up":{"uv":[11.145834,3.5,10.979167,3.3333335],"tintindex":0,"rotation":0,"texture":"#4"},"down":{"uv":[11.604167,0.8958334,11.4375,1.0625],"tintindex":0,"rotation":0,"texture":"#4"}},"rotation":{"origin":[8.0,-5.1875,8.0],"angle":-45.0,"axis":"y"}}],"display":{"head":{"rotation":[0.0,0.0,0.0]},"firstperson_righthand":{"rotation":[0.0,0.0,0.0]},"thirdperson_lefthand":{"rotation":[0.0,-0.0,-0.0]},"firstperson_lefthand":{"rotation":[0.0,-0.0,-0.0]},"fixed":{"rotation":[0.0,0.0,0.0]},"ground":{"rotation":[0.0,0.0,0.0]},"thirdperson_righthand":{"rotation":[0.0,0.0,0.0]},"gui":{"rotation":[-150.0,-45.0,180.0]}}}