{"textures":{"4":"modelengine:entity/hv_dig","particle":"#4"},"elements":[{"from":[4.0,0.375,4.0],"to":[12.0,9.25,12.0],"faces":{"east":{"uv":[13.729167,8.416667,14.0625,8.791667],"tintindex":0,"rotation":0,"texture":"#4"},"south":{"uv":[13.729167,12.354167,14.0625,12.729167],"tintindex":0,"rotation":0,"texture":"#4"},"north":{"uv":[13.729167,8.041667,14.0625,8.416667],"tintindex":0,"rotation":0,"texture":"#4"},"west":{"uv":[3.1041667,13.75,3.4375,14.125],"tintindex":0,"rotation":0,"texture":"#4"},"up":{"uv":[9.6875,14.1875,9.354167,13.854167],"tintindex":0,"rotation":0,"texture":"#4"},"down":{"uv":[10.020834,13.854167,9.6875,14.1875],"tintindex":0,"rotation":0,"texture":"#4"}}},{"from":[3.0,-10.75,3.0],"to":[13.0,0.75,13.0],"faces":{"east":{"uv":[13.1875,2.6875,13.604167,3.1666667],"tintindex":0,"rotation":0,"texture":"#4"},"south":{"uv":[13.1875,3.1666667,13.604167,3.6458335],"tintindex":0,"rotation":0,"texture":"#4"},"north":{"uv":[13.1875,0.0,13.604167,0.4791667],"tintindex":0,"rotation":0,"texture":"#4"},"west":{"uv":[13.1875,3.6458335,13.604167,4.125],"tintindex":0,"rotation":0,"texture":"#4"},"up":{"uv":[3.5208335,13.75,3.1041667,13.333334],"tintindex":0,"rotation":0,"texture":"#4"},"down":{"uv":[3.9375,13.333334,3.5208335,13.75],"tintindex":0,"rotation":0,"texture":"#4"}}}],"display":{"head":{"rotation":[0.0,0.0,0.0]},"firstperson_righthand":{"rotation":[0.0,0.0,0.0]},"thirdperson_lefthand":{"rotation":[0.0,-0.0,-0.0]},"firstperson_lefthand":{"rotation":[0.0,-0.0,-0.0]},"fixed":{"rotation":[0.0,0.0,0.0]},"ground":{"rotation":[0.0,0.0,0.0]},"thirdperson_righthand":{"rotation":[0.0,0.0,0.0]},"gui":{"rotation":[-150.0,-45.0,180.0]}}}