{"textures":{"4":"modelengine:entity/hv_dig","particle":"#4"},"elements":[{"from":[14.599501,0.94999695,-3.5],"to":[29.0995,3.949997,19.5],"faces":{"east":{"uv":[13.583334,7.229167,14.541667,7.354167],"tintindex":0,"rotation":0,"texture":"#4"},"south":{"uv":[10.833334,0.8958334,11.4375,1.0208334],"tintindex":0,"rotation":0,"texture":"#4"},"north":{"uv":[10.375,3.3333335,10.979167,3.4583335],"tintindex":0,"rotation":0,"texture":"#4"},"west":{"uv":[13.729167,6.2708335,14.6875,6.3958335],"tintindex":0,"rotation":0,"texture":"#4"},"up":{"uv":[12.979167,2.5833335,12.375,1.625],"tintindex":0,"rotation":0,"texture":"#4"},"down":{"uv":[12.979167,4.166667,12.375,5.125],"tintindex":0,"rotation":0,"texture":"#4"}}},{"from":[6.0995007,2.949997,3.5],"to":[14.599501,11.949997,12.5],"faces":{"east":{"uv":[9.020834,13.479167,9.395834,13.854167],"tintindex":0,"rotation":0,"texture":"#4"},"south":{"uv":[8.3125,13.541667,8.666667,13.916667],"tintindex":0,"rotation":0,"texture":"#4"},"north":{"uv":[13.541667,0.8541667,13.895834,1.2291667],"tintindex":0,"rotation":0,"texture":"#4"},"west":{"uv":[9.395834,13.479167,9.770834,13.854167],"tintindex":0,"rotation":0,"texture":"#4"},"up":{"uv":[12.0,13.916667,11.645834,13.541667],"tintindex":0,"rotation":0,"texture":"#4"},"down":{"uv":[2.0625,13.583334,1.7083334,13.958334],"tintindex":0,"rotation":0,"texture":"#4"}}},{"from":[28.5995,-4.050003,-1.5],"to":[31.5995,17.949997,17.5],"faces":{"east":{"uv":[10.4375,11.854167,11.229167,12.770834],"tintindex":0,"rotation":0,"texture":"#4"},"south":{"uv":[5.041667,13.854167,5.166667,14.770834],"tintindex":0,"rotation":0,"texture":"#4"},"north":{"uv":[13.8125,3.1458335,13.9375,4.0625],"tintindex":0,"rotation":0,"texture":"#4"},"west":{"uv":[11.229167,11.854167,12.020834,12.770834],"tintindex":0,"rotation":0,"texture":"#4"},"up":{"uv":[4.5833335,14.958334,4.4583335,14.166667],"tintindex":0,"rotation":0,"texture":"#4"},"down":{"uv":[4.7083335,14.166667,4.5833335,14.958334],"tintindex":0,"rotation":0,"texture":"#4"}}},{"from":[11.599501,0.94999695,-3.5],"to":[14.599501,22.449997,19.5],"faces":{"east":{"uv":[10.791667,7.5208335,11.75,8.416667],"tintindex":0,"rotation":0,"texture":"#4"},"south":{"uv":[5.541667,13.854167,5.666667,14.75],"tintindex":0,"rotation":0,"texture":"#4"},"north":{"uv":[5.416667,13.854167,5.541667,14.75],"tintindex":0,"rotation":0,"texture":"#4"},"west":{"uv":[10.833334,0.0,11.791667,0.8958334],"tintindex":0,"rotation":0,"texture":"#4"},"up":{"uv":[0.5,14.645834,0.375,13.6875],"tintindex":0,"rotation":0,"texture":"#4"},"down":{"uv":[13.25,13.791667,13.125,14.75],"tintindex":0,"rotation":0,"texture":"#4"}}},{"from":[11.602001,1.949997,-2.5],"to":[27.602,20.949997,18.5],"faces":{"east":{"uv":[1.8333334,12.0,2.7083335,12.791667],"tintindex":0,"rotation":0,"texture":"#4"},"south":{"uv":[6.6458335,12.541667,7.3125,13.333334],"tintindex":0,"rotation":0,"texture":"#4"},"north":{"uv":[4.041667,12.541667,4.7083335,13.333334],"tintindex":0,"rotation":0,"texture":"#4"},"west":{"uv":[12.0,10.479167,12.875,11.270834],"tintindex":0,"rotation":0,"texture":"#4"},"up":{"uv":[9.083334,13.0625,8.416667,12.1875],"tintindex":0,"rotation":0,"texture":"#4"},"down":{"uv":[1.4583334,12.270834,0.7916667,13.145834],"tintindex":0,"rotation":0,"texture":"#4"}}}],"display":{"head":{"rotation":[0.0,0.0,0.0]},"firstperson_righthand":{"rotation":[0.0,0.0,0.0]},"thirdperson_lefthand":{"rotation":[0.0,-0.0,-0.0]},"firstperson_lefthand":{"rotation":[0.0,-0.0,-0.0]},"fixed":{"rotation":[0.0,0.0,0.0]},"ground":{"rotation":[0.0,0.0,0.0]},"thirdperson_righthand":{"rotation":[0.0,0.0,0.0]},"gui":{"rotation":[-150.0,-45.0,180.0]}}}