{"textures":{"4":"modelengine:entity/hv_dig","particle":"#4"},"elements":[{"from":[0.1875,2.0625,2.0625],"to":[25.8125,13.9375,13.9375],"faces":{"east":{"uv":[14.520834,6.8958335,14.770834,7.1458335],"tintindex":0,"rotation":0,"texture":"#4"},"south":{"uv":[13.375,10.0,13.916667,10.25],"tintindex":0,"rotation":0,"texture":"#4"},"north":{"uv":[13.375,7.791667,13.916667,8.041667],"tintindex":0,"rotation":0,"texture":"#4"},"west":{"uv":[8.854167,14.520834,9.104167,14.770834],"tintindex":0,"rotation":0,"texture":"#4"},"up":{"uv":[14.041667,7.0208335,13.5,6.7708335],"tintindex":0,"rotation":0,"texture":"#4"},"down":{"uv":[14.041667,11.895834,13.5,12.145834],"tintindex":0,"rotation":0,"texture":"#4"}},"rotation":{"origin":[18.625,8.0,8.0],"angle":45.0,"axis":"x"}}],"display":{"head":{"rotation":[0.0,0.0,0.0]},"firstperson_righthand":{"rotation":[0.0,0.0,0.0]},"thirdperson_lefthand":{"rotation":[0.0,-0.0,-0.0]},"firstperson_lefthand":{"rotation":[0.0,-0.0,-0.0]},"fixed":{"rotation":[0.0,0.0,0.0]},"ground":{"rotation":[0.0,0.0,0.0]},"thirdperson_righthand":{"rotation":[0.0,0.0,0.0]},"gui":{"rotation":[-150.0,-45.0,180.0]}}}