{"textures":{"4":"modelengine:entity/hv_dig","particle":"#4"},"elements":[{"from":[0.0,-2.1875,0.0],"to":[16.0,10.5625,16.0],"faces":{"east":{"uv":[14.395834,7.9375,14.729167,8.208334],"tintindex":0,"rotation":0,"texture":"#4"},"south":{"uv":[14.395834,8.208334,14.729167,8.479167],"tintindex":0,"rotation":0,"texture":"#4"},"north":{"uv":[14.395834,5.916667,14.729167,6.1875],"tintindex":0,"rotation":0,"texture":"#4"},"west":{"uv":[14.395834,10.166667,14.729167,10.4375],"tintindex":0,"rotation":0,"texture":"#4"},"up":{"uv":[10.354167,14.1875,10.020834,13.854167],"tintindex":0,"rotation":0,"texture":"#4"},"down":{"uv":[10.6875,13.854167,10.354167,14.1875],"tintindex":0,"rotation":0,"texture":"#4"}}},{"from":[-1.0,-9.1875,-1.0],"to":[17.0,-1.1875,17.0],"faces":{"east":{"uv":[14.520834,3.9583335,14.895834,4.125],"tintindex":0,"rotation":0,"texture":"#4"},"south":{"uv":[14.520834,4.125,14.895834,4.291667],"tintindex":0,"rotation":0,"texture":"#4"},"north":{"uv":[14.520834,3.7916667,14.895834,3.9583335],"tintindex":0,"rotation":0,"texture":"#4"},"west":{"uv":[14.520834,4.291667,14.895834,4.4583335],"tintindex":0,"rotation":0,"texture":"#4"},"up":{"uv":[13.875,6.7708335,13.5,6.3958335],"tintindex":0,"rotation":0,"texture":"#4"},"down":{"uv":[13.875,11.520834,13.5,11.895834],"tintindex":0,"rotation":0,"texture":"#4"}}}],"display":{"head":{"rotation":[0.0,0.0,0.0]},"firstperson_righthand":{"rotation":[0.0,0.0,0.0]},"thirdperson_lefthand":{"rotation":[0.0,-0.0,-0.0]},"firstperson_lefthand":{"rotation":[0.0,-0.0,-0.0]},"fixed":{"rotation":[0.0,0.0,0.0]},"ground":{"rotation":[0.0,0.0,0.0]},"thirdperson_righthand":{"rotation":[0.0,0.0,0.0]},"gui":{"rotation":[-150.0,-45.0,180.0]}}}