{"textures":{"4":"modelengine:entity/hv_dig","particle":"#4"},"elements":[{"from":[5.0,-7.583334,5.0],"to":[11.0,-1.583334,11.0],"faces":{"east":{"uv":[10.145834,13.479167,10.520834,13.854167],"tintindex":0,"rotation":0,"texture":"#4"},"south":{"uv":[10.520834,13.479167,10.895834,13.854167],"tintindex":0,"rotation":0,"texture":"#4"},"north":{"uv":[9.770834,13.479167,10.145834,13.854167],"tintindex":0,"rotation":0,"texture":"#4"},"west":{"uv":[10.895834,13.479167,11.270834,13.854167],"tintindex":0,"rotation":0,"texture":"#4"},"up":{"uv":[11.645834,13.854167,11.270834,13.479167],"tintindex":0,"rotation":0,"texture":"#4"},"down":{"uv":[13.875,5.1458335,13.5,5.5208335],"tintindex":0,"rotation":0,"texture":"#4"}}},{"from":[6.0,-12.916668,6.0],"to":[10.0,-6.916667,10.0],"faces":{"east":{"uv":[14.25,8.6875,14.5,9.0625],"tintindex":0,"rotation":0,"texture":"#4"},"south":{"uv":[14.25,9.0625,14.5,9.4375],"tintindex":0,"rotation":0,"texture":"#4"},"north":{"uv":[8.395834,14.25,8.645834,14.625],"tintindex":0,"rotation":0,"texture":"#4"},"west":{"uv":[14.25,9.791667,14.5,10.166667],"tintindex":0,"rotation":0,"texture":"#4"},"up":{"uv":[11.270834,14.75,11.020834,14.5],"tintindex":0,"rotation":0,"texture":"#4"},"down":{"uv":[14.770834,1.8125,14.520834,2.0625],"tintindex":0,"rotation":0,"texture":"#4"}}},{"from":[4.0,-2.25,4.0],"to":[12.0,3.75,12.0],"faces":{"east":{"uv":[13.270834,10.291667,13.770834,10.666667],"tintindex":0,"rotation":0,"texture":"#4"},"south":{"uv":[0.0,13.3125,0.5,13.6875],"tintindex":0,"rotation":0,"texture":"#4"},"north":{"uv":[7.3125,13.25,7.8125,13.625],"tintindex":0,"rotation":0,"texture":"#4"},"west":{"uv":[2.6041667,13.333334,3.1041667,13.708334],"tintindex":0,"rotation":0,"texture":"#4"},"up":{"uv":[9.583334,13.479167,9.083334,12.979167],"tintindex":0,"rotation":0,"texture":"#4"},"down":{"uv":[13.520834,11.020834,13.020834,11.520834],"tintindex":0,"rotation":0,"texture":"#4"}}},{"from":[3.0,3.083333,3.0],"to":[13.0,8.416667,13.0],"faces":{"east":{"uv":[9.666667,10.666667,10.291667,11.0],"tintindex":0,"rotation":0,"texture":"#4"},"south":{"uv":[11.75,1.625,12.375,1.9583334],"tintindex":0,"rotation":0,"texture":"#4"},"north":{"uv":[10.083334,7.5208335,10.708334,7.854167],"tintindex":0,"rotation":0,"texture":"#4"},"west":{"uv":[12.979167,2.3541667,13.604167,2.6875],"tintindex":0,"rotation":0,"texture":"#4"},"up":{"uv":[13.375,9.666667,12.75,9.041667],"tintindex":0,"rotation":0,"texture":"#4"},"down":{"uv":[13.375,9.666667,12.75,10.291667],"tintindex":0,"rotation":0,"texture":"#4"}}}],"display":{"head":{"rotation":[0.0,0.0,0.0]},"firstperson_righthand":{"rotation":[0.0,0.0,0.0]},"thirdperson_lefthand":{"rotation":[0.0,-0.0,-0.0]},"firstperson_lefthand":{"rotation":[0.0,-0.0,-0.0]},"fixed":{"rotation":[0.0,0.0,0.0]},"ground":{"rotation":[0.0,0.0,0.0]},"thirdperson_righthand":{"rotation":[0.0,0.0,0.0]},"gui":{"rotation":[-150.0,-45.0,180.0]}}}