{"textures":{"4":"modelengine:entity/hv_dig","particle":"#4"},"elements":[{"from":[6.3479166,-4.277624,6.50125],"to":[9.472917,6.55571,9.62625],"faces":{"east":{"uv":[2.7291667,13.708334,2.9166667,14.395834],"tintindex":0,"rotation":0,"texture":"#4"},"south":{"uv":[2.9166667,13.708334,3.1041667,14.395834],"tintindex":0,"rotation":0,"texture":"#4"},"north":{"uv":[2.5416667,13.708334,2.7291667,14.395834],"tintindex":0,"rotation":0,"texture":"#4"},"west":{"uv":[3.9375,13.729167,4.125,14.416667],"tintindex":0,"rotation":0,"texture":"#4"},"up":{"uv":[6.3125,14.854167,6.125,14.666667],"tintindex":0,"rotation":0,"texture":"#4"},"down":{"uv":[11.729167,14.666667,11.541667,14.854167],"tintindex":0,"rotation":0,"texture":"#4"}},"rotation":{"origin":[7.910417,-0.110957146,8.06375],"angle":45.0,"axis":"y"}},{"from":[3.43125,-5.94429,4.7825],"to":[12.181251,1.9723763,6.0325],"faces":{"east":{"uv":[0.7083334,12.604167,0.7916667,13.104167],"tintindex":0,"rotation":0,"texture":"#4"},"south":{"uv":[12.979167,1.3541667,13.520834,1.8541667],"tintindex":0,"rotation":0,"texture":"#4"},"north":{"uv":[6.666667,11.145834,7.2083335,11.645834],"tintindex":0,"rotation":0,"texture":"#4"},"west":{"uv":[1.7083334,13.0625,1.7916667,13.5625],"tintindex":0,"rotation":0,"texture":"#4"},"up":{"uv":[15.0625,1.4166667,14.520834,1.3333334],"tintindex":0,"rotation":0,"texture":"#4"},"down":{"uv":[15.0625,2.0625,14.520834,2.1458335],"tintindex":0,"rotation":0,"texture":"#4"}}},{"from":[6.9729166,-2.1942902,5.81375],"to":[10.160418,4.7848763,10.31375],"faces":{"east":{"uv":[4.125,13.729167,4.416667,14.166667],"tintindex":0,"rotation":0,"texture":"#4"},"south":{"uv":[1.5416667,14.291667,1.75,14.729167],"tintindex":0,"rotation":0,"texture":"#4"},"north":{"uv":[1.3333334,14.291667,1.5416667,14.729167],"tintindex":0,"rotation":0,"texture":"#4"},"west":{"uv":[4.416667,13.729167,4.7083335,14.166667],"tintindex":0,"rotation":0,"texture":"#4"},"up":{"uv":[2.1458335,14.833334,1.9375,14.541667],"tintindex":0,"rotation":0,"texture":"#4"},"down":{"uv":[14.625,14.541667,14.416667,14.833334],"tintindex":0,"rotation":0,"texture":"#4"}}},{"from":[5.5145836,-6.048457,6.50125],"to":[10.306251,-2.9234571,9.62625],"faces":{"east":{"uv":[11.729167,14.666667,11.916667,14.854167],"tintindex":0,"rotation":0,"texture":"#4"},"south":{"uv":[14.604167,11.1875,14.895834,11.375],"tintindex":0,"rotation":0,"texture":"#4"},"north":{"uv":[14.583334,12.354167,14.875,12.541667],"tintindex":0,"rotation":0,"texture":"#4"},"west":{"uv":[12.4375,14.666667,12.625,14.854167],"tintindex":0,"rotation":0,"texture":"#4"},"up":{"uv":[14.895834,11.5625,14.604167,11.375],"tintindex":0,"rotation":0,"texture":"#4"},"down":{"uv":[14.895834,11.5625,14.604167,11.75],"tintindex":0,"rotation":0,"texture":"#4"}},"rotation":{"origin":[7.910417,-4.485957,8.06375],"angle":-45.0,"axis":"x"}},{"from":[5.0979166,-8.902624,4.7929163],"to":[11.306251,-2.6942902,6.0095835],"faces":{"east":{"uv":[4.7083335,14.6875,4.791667,15.083334],"tintindex":0,"rotation":0,"texture":"#4"},"south":{"uv":[6.375,13.333334,6.7708335,13.729167],"tintindex":0,"rotation":0,"texture":"#4"},"north":{"uv":[3.9375,13.333334,4.3333335,13.729167],"tintindex":0,"rotation":0,"texture":"#4"},"west":{"uv":[4.791667,14.6875,4.875,15.083334],"tintindex":0,"rotation":0,"texture":"#4"},"up":{"uv":[2.4583335,10.145834,2.0625,10.0625],"tintindex":0,"rotation":0,"texture":"#4"},"down":{"uv":[3.4583335,11.0,3.0625,11.083334],"tintindex":0,"rotation":0,"texture":"#4"}},"rotation":{"origin":[7.80625,-5.402624,5.4075],"angle":-45.0,"axis":"z"}}],"display":{"head":{"rotation":[0.0,0.0,0.0]},"firstperson_righthand":{"rotation":[0.0,0.0,0.0]},"thirdperson_lefthand":{"rotation":[0.0,-0.0,-0.0]},"firstperson_lefthand":{"rotation":[0.0,-0.0,-0.0]},"fixed":{"rotation":[0.0,0.0,0.0]},"ground":{"rotation":[0.0,0.0,0.0]},"thirdperson_righthand":{"rotation":[0.0,0.0,0.0]},"gui":{"rotation":[-150.0,-45.0,180.0]}}}