{"textures":{"4":"modelengine:entity/hv_dig","particle":"#4"},"elements":[{"from":[-6.0625,-5.9375,-4.218277],"to":[8.9375,7.9375,10.781723],"faces":{"east":{"uv":[0.0,14.375,0.3125,14.666667],"tintindex":0,"rotation":0,"texture":"#4"},"south":{"uv":[14.375,7.354167,14.6875,7.6458335],"tintindex":0,"rotation":0,"texture":"#4"},"north":{"uv":[2.1875,14.354167,2.5,14.645834],"tintindex":0,"rotation":0,"texture":"#4"},"west":{"uv":[14.375,7.6458335,14.6875,7.9375],"tintindex":0,"rotation":0,"texture":"#4"},"up":{"uv":[14.520834,4.479167,14.208334,4.166667],"tintindex":0,"rotation":0,"texture":"#4"},"down":{"uv":[14.520834,5.0625,14.208334,5.375],"tintindex":0,"rotation":0,"texture":"#4"}},"rotation":{"origin":[8.0,4.6875,-3.280777],"angle":45.0,"axis":"y"}}],"display":{"head":{"rotation":[0.0,0.0,0.0]},"firstperson_righthand":{"rotation":[0.0,0.0,0.0]},"thirdperson_lefthand":{"rotation":[0.0,-0.0,-0.0]},"firstperson_lefthand":{"rotation":[0.0,-0.0,-0.0]},"fixed":{"rotation":[0.0,0.0,0.0]},"ground":{"rotation":[0.0,0.0,0.0]},"thirdperson_righthand":{"rotation":[0.0,0.0,0.0]},"gui":{"rotation":[-150.0,-45.0,180.0]}}}