{"textures":{"4":"modelengine:entity/hv_dig","particle":"#4"},"elements":[{"from":[6.125,-13.3125,6.125],"to":[9.875,7.3125,9.875],"faces":{"east":{"uv":[4.875,13.375,5.041667,14.229167],"tintindex":0,"rotation":0,"texture":"#4"},"south":{"uv":[7.979167,13.375,8.145834,14.229167],"tintindex":0,"rotation":0,"texture":"#4"},"north":{"uv":[4.7083335,13.375,4.875,14.229167],"tintindex":0,"rotation":0,"texture":"#4"},"west":{"uv":[8.145834,13.375,8.3125,14.229167],"tintindex":0,"rotation":0,"texture":"#4"},"up":{"uv":[11.916667,8.416667,11.75,8.25],"tintindex":0,"rotation":0,"texture":"#4"},"down":{"uv":[13.1875,12.479167,13.020834,12.645834],"tintindex":0,"rotation":0,"texture":"#4"}},"rotation":{"origin":[8.0,-5.1875,8.0],"angle":45.0,"axis":"y"}}],"display":{"head":{"rotation":[0.0,0.0,0.0]},"firstperson_righthand":{"rotation":[0.0,0.0,0.0]},"thirdperson_lefthand":{"rotation":[0.0,-0.0,-0.0]},"firstperson_lefthand":{"rotation":[0.0,-0.0,-0.0]},"fixed":{"rotation":[0.0,0.0,0.0]},"ground":{"rotation":[0.0,0.0,0.0]},"thirdperson_righthand":{"rotation":[0.0,0.0,0.0]},"gui":{"rotation":[-150.0,-45.0,180.0]}}}