{"textures":{"4":"modelengine:entity/hv_dig","particle":"#4"},"elements":[{"from":[3.3125,-1.270833,7.9241743],"to":[12.6875,14.979167,11.674174],"faces":{"east":{"uv":[9.291667,2.3333335,9.375,2.6666667],"tintindex":0,"rotation":0,"texture":"#4"},"south":{"uv":[9.104167,14.520834,9.291667,14.854167],"tintindex":0,"rotation":0,"texture":"#4"},"north":{"uv":[12.916667,14.479167,13.104167,14.8125],"tintindex":0,"rotation":0,"texture":"#4"},"west":{"uv":[10.708334,7.5208335,10.791667,7.854167],"tintindex":0,"rotation":0,"texture":"#4"},"up":{"uv":[14.916667,6.0625,14.729167,5.979167],"tintindex":0,"rotation":0,"texture":"#4"},"down":{"uv":[14.916667,6.0625,14.729167,6.1458335],"tintindex":0,"rotation":0,"texture":"#4"}}},{"from":[-2.59375,-0.583333,3.2366743],"to":[6.78125,14.666667,6.9866743],"faces":{"east":{"uv":[6.729167,14.6875,6.8125,15.0],"tintindex":0,"rotation":0,"texture":"#4"},"south":{"uv":[14.583334,2.9166667,14.770834,3.2291667],"tintindex":0,"rotation":0,"texture":"#4"},"north":{"uv":[10.833334,14.5625,11.020834,14.875],"tintindex":0,"rotation":0,"texture":"#4"},"west":{"uv":[6.8125,14.6875,6.8958335,15.0],"tintindex":0,"rotation":0,"texture":"#4"},"up":{"uv":[14.916667,8.0,14.729167,7.916667],"tintindex":0,"rotation":0,"texture":"#4"},"down":{"uv":[14.916667,8.0,14.729167,8.083334],"tintindex":0,"rotation":0,"texture":"#4"}},"rotation":{"origin":[-0.71875,8.416667,5.1116743],"angle":-45.0,"axis":"y"}},{"from":[9.21875,-0.583333,3.2366743],"to":[18.59375,14.666667,6.9866743],"faces":{"east":{"uv":[6.5625,14.6875,6.6458335,15.0],"tintindex":0,"rotation":0,"texture":"#4"},"south":{"uv":[10.645834,14.5625,10.833334,14.875],"tintindex":0,"rotation":0,"texture":"#4"},"north":{"uv":[10.458334,14.5625,10.645834,14.875],"tintindex":0,"rotation":0,"texture":"#4"},"west":{"uv":[6.6458335,14.6875,6.729167,15.0],"tintindex":0,"rotation":0,"texture":"#4"},"up":{"uv":[14.916667,5.8958335,14.729167,5.8125],"tintindex":0,"rotation":0,"texture":"#4"},"down":{"uv":[14.916667,5.8958335,14.729167,5.979167],"tintindex":0,"rotation":0,"texture":"#4"}},"rotation":{"origin":[16.71875,8.416667,5.1116743],"angle":45.0,"axis":"y"}}],"display":{"head":{"rotation":[0.0,0.0,0.0]},"firstperson_righthand":{"rotation":[0.0,0.0,0.0]},"thirdperson_lefthand":{"rotation":[0.0,-0.0,-0.0]},"firstperson_lefthand":{"rotation":[0.0,-0.0,-0.0]},"fixed":{"rotation":[0.0,0.0,0.0]},"ground":{"rotation":[0.0,0.0,0.0]},"thirdperson_righthand":{"rotation":[0.0,0.0,0.0]},"gui":{"rotation":[-150.0,-45.0,180.0]}}}