{"textures":{"0":"modelengine:entity/lost_soul","particle":"#0"},"elements":[{"from":[4.0,6.0,4.5],"to":[12.0,14.0,11.5],"faces":{"east":{"uv":[2.25,0.0,4.0,2.0],"tintindex":0,"rotation":0,"texture":"#0"},"south":{"uv":[0.0,2.25,2.0,4.25],"tintindex":0,"rotation":0,"texture":"#0"},"north":{"uv":[0.0,0.0,2.0,2.0],"tintindex":0,"rotation":0,"texture":"#0"},"west":{"uv":[4.0,0.0,2.25,2.0],"tintindex":0,"rotation":0,"texture":"#0"},"up":{"uv":[6.25,1.75,4.25,0.0],"tintindex":0,"rotation":0,"texture":"#0"},"down":{"uv":[6.25,2.0,4.25,3.75],"tintindex":0,"rotation":0,"texture":"#0"}}}],"display":{"head":{"rotation":[0.0,0.0,0.0]},"firstperson_righthand":{"rotation":[0.0,0.0,0.0]},"thirdperson_lefthand":{"rotation":[0.0,-0.0,-0.0]},"firstperson_lefthand":{"rotation":[0.0,-0.0,-0.0]},"fixed":{"rotation":[0.0,0.0,0.0]},"ground":{"rotation":[0.0,0.0,0.0]},"thirdperson_righthand":{"rotation":[0.0,0.0,0.0]},"gui":{"rotation":[-150.0,-45.0,180.0]}}}