{"textures":{"0":"modelengine:entity/lost_soul","particle":"#0"},"elements":[{"from":[7.5,3.1799717,7.5150976],"to":[10.5,8.179972,10.515098],"faces":{"east":{"uv":[3.75,7.5,3.0,8.75],"tintindex":0,"rotation":0,"texture":"#0"},"south":{"uv":[2.75,7.5,2.0,8.75],"tintindex":0,"rotation":0,"texture":"#0"},"north":{"uv":[7.5,5.25,6.75,6.5],"tintindex":0,"rotation":0,"texture":"#0"},"west":{"uv":[7.5,6.75,6.75,8.0],"tintindex":0,"rotation":0,"texture":"#0"},"up":{"uv":[2.25,5.25,3.0,4.5],"tintindex":0,"rotation":0,"texture":"#0"},"down":{"uv":[3.25,4.5,4.0,5.25],"tintindex":0,"rotation":0,"texture":"#0"}},"rotation":{"origin":[4.5,4.5452003,7.953103],"angle":-22.5,"axis":"x"}}],"display":{"head":{"rotation":[0.0,0.0,0.0]},"firstperson_righthand":{"rotation":[0.0,0.0,0.0]},"thirdperson_lefthand":{"rotation":[0.0,-0.0,-0.0]},"firstperson_lefthand":{"rotation":[0.0,-0.0,-0.0]},"fixed":{"rotation":[0.0,0.0,0.0]},"ground":{"rotation":[0.0,0.0,0.0]},"thirdperson_righthand":{"rotation":[0.0,0.0,0.0]},"gui":{"rotation":[-150.0,-45.0,180.0]}}}