{"textures":{"0":"modelengine:entity/lava_mite","particle":"#0"},"elements":[{"from":[4.0,4.916667,3.0139694],"to":[12.0,10.916666,8.013969],"faces":{"east":{"uv":[7.25,7.0,8.5,8.5],"tintindex":0,"rotation":0,"texture":"#0"},"south":{"uv":[5.5,1.75,7.5,3.25],"tintindex":0,"rotation":0,"texture":"#0"},"north":{"uv":[5.5,0.0,7.5,1.5],"tintindex":0,"rotation":0,"texture":"#0"},"west":{"uv":[0.0,7.75,1.25,9.25],"tintindex":0,"rotation":0,"texture":"#0"},"up":{"uv":[4.75,8.0,2.75,6.75],"tintindex":0,"rotation":0,"texture":"#0"},"down":{"uv":[7.0,7.0,5.0,8.25],"tintindex":0,"rotation":0,"texture":"#0"}}}],"display":{"head":{"rotation":[0.0,0.0,0.0]},"firstperson_righthand":{"rotation":[0.0,0.0,0.0]},"thirdperson_lefthand":{"rotation":[0.0,-0.0,-0.0]},"firstperson_lefthand":{"rotation":[0.0,-0.0,-0.0]},"fixed":{"rotation":[0.0,0.0,0.0]},"ground":{"rotation":[0.0,0.0,0.0]},"thirdperson_righthand":{"rotation":[0.0,0.0,0.0]},"gui":{"rotation":[-150.0,-45.0,180.0]}}}