{"textures":{"0":"modelengine:entity/lava_mite","particle":"#0"},"elements":[{"from":[3.102272,7.0,5.328093],"to":[6.102272,9.0,10.328093],"faces":{"east":{"uv":[4.5,8.5,5.75,9.0],"tintindex":0,"rotation":0,"texture":"#0"},"south":{"uv":[8.75,4.25,9.5,4.75],"tintindex":0,"rotation":0,"texture":"#0"},"north":{"uv":[6.0,8.5,6.75,9.0],"tintindex":0,"rotation":0,"texture":"#0"},"west":{"uv":[8.75,2.0,10.0,2.5],"tintindex":0,"rotation":0,"texture":"#0"},"up":{"uv":[8.5,5.0,7.75,3.75],"tintindex":0,"rotation":0,"texture":"#0"},"down":{"uv":[8.5,5.25,7.75,6.5],"tintindex":0,"rotation":0,"texture":"#0"}},"rotation":{"origin":[11.274775,9.0,14.072977],"angle":-22.5,"axis":"y"}}],"display":{"head":{"rotation":[0.0,0.0,0.0]},"firstperson_righthand":{"rotation":[0.0,0.0,0.0]},"thirdperson_lefthand":{"rotation":[0.0,-0.0,-0.0]},"firstperson_lefthand":{"rotation":[0.0,-0.0,-0.0]},"fixed":{"rotation":[0.0,0.0,0.0]},"ground":{"rotation":[0.0,0.0,0.0]},"thirdperson_righthand":{"rotation":[0.0,0.0,0.0]},"gui":{"rotation":[-150.0,-45.0,180.0]}}}