{"textures":{"0":"modelengine:entity/lava_mite","particle":"#0"},"elements":[{"from":[9.897728,7.0,5.328093],"to":[12.897728,9.0,10.328093],"faces":{"east":{"uv":[10.0,2.0,8.75,2.5],"tintindex":0,"rotation":0,"texture":"#0"},"south":{"uv":[9.5,4.25,8.75,4.75],"tintindex":0,"rotation":0,"texture":"#0"},"north":{"uv":[6.75,8.5,6.0,9.0],"tintindex":0,"rotation":0,"texture":"#0"},"west":{"uv":[5.75,8.5,4.5,9.0],"tintindex":0,"rotation":0,"texture":"#0"},"up":{"uv":[7.75,5.0,8.5,3.75],"tintindex":0,"rotation":0,"texture":"#0"},"down":{"uv":[7.75,5.25,8.5,6.5],"tintindex":0,"rotation":0,"texture":"#0"}},"rotation":{"origin":[4.7252254,9.0,14.072977],"angle":22.5,"axis":"y"}}],"display":{"head":{"rotation":[0.0,0.0,0.0]},"firstperson_righthand":{"rotation":[0.0,0.0,0.0]},"thirdperson_lefthand":{"rotation":[0.0,-0.0,-0.0]},"firstperson_lefthand":{"rotation":[0.0,-0.0,-0.0]},"fixed":{"rotation":[0.0,0.0,0.0]},"ground":{"rotation":[0.0,0.0,0.0]},"thirdperson_righthand":{"rotation":[0.0,0.0,0.0]},"gui":{"rotation":[-150.0,-45.0,180.0]}}}