{"textures":{"0":"modelengine:entity/hell_hound","particle":"#0"},"elements":[{"from":[8.002501,4.775736,1.1485782],"to":[8.002501,6.775736,4.148578],"faces":{"east":{"uv":[10.625,10.875,10.25,11.125],"tintindex":0,"rotation":0,"texture":"#0"},"west":{"uv":[10.25,10.875,10.625,11.125],"tintindex":0,"rotation":0,"texture":"#0"}}},{"from":[5.5274997,4.775736,4.1735783],"to":[10.452499,6.775736,6.1735783],"faces":{"east":{"uv":[0.625,7.875,0.875,8.125],"tintindex":0,"rotation":0,"texture":"#0"},"south":{"uv":[10.625,5.75,11.25,6.0],"tintindex":0,"rotation":0,"texture":"#0"},"north":{"uv":[10.625,5.375,11.25,5.625],"tintindex":0,"rotation":0,"texture":"#0"},"west":{"uv":[0.625,8.25,0.875,8.5],"tintindex":0,"rotation":0,"texture":"#0"},"up":{"uv":[6.875,10.875,6.25,10.625],"tintindex":0,"rotation":0,"texture":"#0"},"down":{"uv":[11.375,2.0,10.75,2.25],"tintindex":0,"rotation":0,"texture":"#0"}}},{"from":[6.0025,4.775736,1.1485782],"to":[6.0025,6.775736,4.148578],"faces":{"east":{"uv":[10.625,10.875,10.25,11.125],"tintindex":0,"rotation":0,"texture":"#0"},"west":{"uv":[10.25,10.875,10.625,11.125],"tintindex":0,"rotation":0,"texture":"#0"}}},{"from":[5.5025,5.897056,4.880685],"to":[10.5025,7.897056,8.880685],"faces":{"east":{"uv":[10.875,6.125,11.375,6.375],"tintindex":0,"rotation":0,"texture":"#0"},"south":{"uv":[2.625,10.625,3.25,10.875],"tintindex":0,"rotation":0,"texture":"#0"},"north":{"uv":[10.625,1.625,11.25,1.875],"tintindex":0,"rotation":0,"texture":"#0"},"west":{"uv":[7.0,10.875,7.5,11.125],"tintindex":0,"rotation":0,"texture":"#0"},"up":{"uv":[9.875,10.0,9.25,9.5],"tintindex":0,"rotation":0,"texture":"#0"},"down":{"uv":[4.5,9.625,3.875,10.125],"tintindex":0,"rotation":0,"texture":"#0"}},"rotation":{"origin":[8.002501,6.897056,6.880685],"angle":-45.0,"axis":"x"}},{"from":[10.002501,4.775736,1.1485782],"to":[10.002501,6.775736,4.148578],"faces":{"east":{"uv":[10.625,10.875,10.25,11.125],"tintindex":0,"rotation":0,"texture":"#0"},"west":{"uv":[10.25,10.875,10.625,11.125],"tintindex":0,"rotation":0,"texture":"#0"}}}],"display":{"head":{"rotation":[0.0,0.0,0.0]},"firstperson_righthand":{"rotation":[0.0,0.0,0.0]},"thirdperson_lefthand":{"rotation":[0.0,-0.0,-0.0]},"firstperson_lefthand":{"rotation":[0.0,-0.0,-0.0]},"fixed":{"rotation":[0.0,0.0,0.0]},"ground":{"rotation":[0.0,0.0,0.0]},"thirdperson_righthand":{"rotation":[0.0,0.0,0.0]},"gui":{"rotation":[-150.0,-45.0,180.0]}}}