{
  "textures": {
    "0": "modelengine:entity/blaze_king"
  },
  "elements": [
    {
      "from": [
        1,
        -2.5,
        7
      ],
      "to": [
        15,
        18.5,
        9
      ],
      "faces": {
        "east": {
          "uv": [
            5.8125,
            0.9375,
            5.9375,
            2.25
          ],
          "tintindex": 0,
          "rotation": 0,
          "texture": "#0"
        },
        "south": {
          "uv": [
            0,
            0,
            0.875,
            1.3125
          ],
          "tintindex": 0,
          "rotation": 0,
          "texture": "#0"
        },
        "north": {
          "uv": [
            0,
            0,
            0.875,
            1.3125
          ],
          "tintindex": 0,
          "rotation": 0,
          "texture": "#0"
        },
        "west": {
          "uv": [
            5.8125,
            2.3125,
            5.9375,
            3.625
          ],
          "tintindex": 0,
          "rotation": 0,
          "texture": "#0"
        },
        "up": {
          "uv": [
            6.8125,
            4.4375,
            5.9375,
            4.3125
          ],
          "tintindex": 0,
          "rotation": 0,
          "texture": "#0"
        },
        "down": {
          "uv": [
            6.875,
            2.4375,
            6,
            2.5625
          ],
          "tintindex": 0,
          "rotation": 0,
          "texture": "#0"
        }
      },
      "rotation": {
        "origin": [
          8,
          8,
          8
        ],
        "angle": 22.5,
        "axis": "x"
      }
    }
  ],
  "display": {
    "gui": {
      "rotation": [
        30,
        225,
        0
      ]
    }
  }
}