{
  "textures": {
    "0": "modelengine:entity/blaze_king"
  },
  "elements": [
    {
      "from": [
        1.1281748,
        3.5567036,
        3.8105264
      ],
      "to": [
        3.1281748,
        7.5567036,
        12.810526
      ],
      "faces": {
        "east": {
          "uv": [
            5.9375,
            4,
            6.5,
            4.25
          ],
          "tintindex": 0,
          "rotation": 0,
          "texture": "#0"
        },
        "south": {
          "uv": [
            4.875,
            6.8125,
            4.75,
            7.0625
          ],
          "tintindex": 0,
          "rotation": 0,
          "texture": "#0"
        },
        "north": {
          "uv": [
            4.75,
            6.8125,
            4.875,
            7.0625
          ],
          "tintindex": 0,
          "rotation": 0,
          "texture": "#0"
        },
        "west": {
          "uv": [
            5.75,
            5.9375,
            6.3125,
            6.1875
          ],
          "tintindex": 0,
          "rotation": 0,
          "texture": "#0"
        },
        "up": {
          "uv": [
            2.9375,
            6.8125,
            2.8125,
            6.25
          ],
          "tintindex": 0,
          "rotation": 0,
          "texture": "#0"
        },
        "down": {
          "uv": [
            3.125,
            6.25,
            3,
            6.8125
          ],
          "tintindex": 0,
          "rotation": 0,
          "texture": "#0"
        }
      },
      "rotation": {
        "origin": [
          2.1281748,
          5.5567036,
          8.310526
        ],
        "angle": -22.5,
        "axis": "z"
      }
    },
    {
      "from": [
        2.3924875,
        5.9128284,
        3.8105264
      ],
      "to": [
        11.392487,
        9.912828,
        12.810526
      ],
      "faces": {
        "east": {
          "uv": [
            5.875,
            0.3125,
            6.4375,
            0.5625
          ],
          "tintindex": 0,
          "rotation": 0,
          "texture": "#0"
        },
        "south": {
          "uv": [
            6.4375,
            0,
            5.875,
            0.25
          ],
          "tintindex": 0,
          "rotation": 0,
          "texture": "#0"
        },
        "north": {
          "uv": [
            5.875,
            0,
            6.4375,
            0.25
          ],
          "tintindex": 0,
          "rotation": 0,
          "texture": "#0"
        },
        "west": {
          "uv": [
            5.9375,
            3.6875,
            6.5,
            3.9375
          ],
          "tintindex": 0,
          "rotation": 0,
          "texture": "#0"
        },
        "up": {
          "uv": [
            5.0625,
            1.1875,
            4.5,
            0.625
          ],
          "tintindex": 0,
          "rotation": 0,
          "texture": "#0"
        },
        "down": {
          "uv": [
            1.9375,
            4.5625,
            1.375,
            5.125
          ],
          "tintindex": 0,
          "rotation": 0,
          "texture": "#0"
        }
      },
      "rotation": {
        "origin": [
          6.8924866,
          7.9128284,
          8.310526
        ],
        "angle": -22.5,
        "axis": "z"
      }
    },
    {
      "from": [
        3.118987,
        16.069866,
        7.3105264
      ],
      "to": [
        9.118986,
        18.069866,
        9.310526
      ],
      "faces": {
        "east": {
          "uv": [
            6.875,
            5.3125,
            7,
            5.4375
          ],
          "tintindex": 0,
          "rotation": 0,
          "texture": "#0"
        },
        "south": {
          "uv": [
            4.125,
            1.5,
            3.75,
            1.625
          ],
          "tintindex": 0,
          "rotation": 0,
          "texture": "#0"
        },
        "north": {
          "uv": [
            3.75,
            1.5,
            4.125,
            1.625
          ],
          "tintindex": 0,
          "rotation": 0,
          "texture": "#0"
        },
        "west": {
          "uv": [
            7,
            4.625,
            7.125,
            4.75
          ],
          "tintindex": 0,
          "rotation": 0,
          "texture": "#0"
        },
        "up": {
          "uv": [
            6.8125,
            2.375,
            6.4375,
            2.25
          ],
          "tintindex": 0,
          "rotation": 0,
          "texture": "#0"
        },
        "down": {
          "uv": [
            6.9375,
            3.8125,
            6.5625,
            3.9375
          ],
          "tintindex": 0,
          "rotation": 0,
          "texture": "#0"
        }
      },
      "rotation": {
        "origin": [
          6.118986,
          17.069866,
          8.310526
        ],
        "angle": 22.5,
        "axis": "z"
      }
    },
    {
      "from": [
        2.2444372,
        1.1411915,
        4.8105264
      ],
      "to": [
        9.244436,
        9.1411915,
        11.810526
      ],
      "faces": {
        "east": {
          "uv": [
            4.5625,
            5,
            5,
            5.5
          ],
          "tintindex": 0,
          "rotation": 0,
          "texture": "#0"
        },
        "south": {
          "uv": [
            3.4375,
            4.75,
            3,
            5.25
          ],
          "tintindex": 0,
          "rotation": 0,
          "texture": "#0"
        },
        "north": {
          "uv": [
            3,
            4.75,
            3.4375,
            5.25
          ],
          "tintindex": 0,
          "rotation": 0,
          "texture": "#0"
        },
        "west": {
          "uv": [
            5.0625,
            3.375,
            5.5,
            3.875
          ],
          "tintindex": 0,
          "rotation": 0,
          "texture": "#0"
        },
        "up": {
          "uv": [
            5.5625,
            0.9375,
            5.125,
            0.5
          ],
          "tintindex": 0,
          "rotation": 0,
          "texture": "#0"
        },
        "down": {
          "uv": [
            5.5625,
            1,
            5.125,
            1.4375
          ],
          "tintindex": 0,
          "rotation": 0,
          "texture": "#0"
        }
      },
      "rotation": {
        "origin": [
          5.7444363,
          5.1411915,
          8.310526
        ],
        "angle": -22.5,
        "axis": "z"
      }
    },
    {
      "from": [
        1.326951,
        11.1369,
        6.8105264
      ],
      "to": [
        5.326951,
        17.136898,
        9.810526
      ],
      "faces": {
        "east": {
          "uv": [
            3.4375,
            6.1875,
            3.625,
            6.5625
          ],
          "tintindex": 0,
          "rotation": 0,
          "texture": "#0"
        },
        "south": {
          "uv": [
            6.25,
            3.25,
            6,
            3.625
          ],
          "tintindex": 0,
          "rotation": 0,
          "texture": "#0"
        },
        "north": {
          "uv": [
            6,
            3.25,
            6.25,
            3.625
          ],
          "tintindex": 0,
          "rotation": 0,
          "texture": "#0"
        },
        "west": {
          "uv": [
            3.6875,
            6.1875,
            3.875,
            6.5625
          ],
          "tintindex": 0,
          "rotation": 0,
          "texture": "#0"
        },
        "up": {
          "uv": [
            6.5,
            5.6875,
            6.25,
            5.5
          ],
          "tintindex": 0,
          "rotation": 0,
          "texture": "#0"
        },
        "down": {
          "uv": [
            6.8125,
            3.5625,
            6.5625,
            3.75
          ],
          "tintindex": 0,
          "rotation": 0,
          "texture": "#0"
        }
      },
      "rotation": {
        "origin": [
          3.326951,
          14.136898,
          8.310526
        ],
        "angle": -22.5,
        "axis": "z"
      }
    },
    {
      "from": [
        10.465457,
        8.307016,
        3.8105264
      ],
      "to": [
        12.465457,
        11.307016,
        12.810526
      ],
      "faces": {
        "east": {
          "uv": [
            4.5,
            1.25,
            5.0625,
            1.4375
          ],
          "tintindex": 0,
          "rotation": 0,
          "texture": "#0"
        },
        "south": {
          "uv": [
            3.5,
            6.875,
            3.625,
            7.0625
          ],
          "tintindex": 0,
          "rotation": 0,
          "texture": "#0"
        },
        "north": {
          "uv": [
            6.875,
            3.4375,
            7,
            3.625
          ],
          "tintindex": 0,
          "rotation": 0,
          "texture": "#0"
        },
        "west": {
          "uv": [
            6,
            3,
            6.5625,
            3.1875
          ],
          "tintindex": 0,
          "rotation": 0,
          "texture": "#0"
        },
        "up": {
          "uv": [
            6.0625,
            6.8125,
            5.9375,
            6.25
          ],
          "tintindex": 0,
          "rotation": 0,
          "texture": "#0"
        },
        "down": {
          "uv": [
            6.25,
            6.25,
            6.125,
            6.8125
          ],
          "tintindex": 0,
          "rotation": 0,
          "texture": "#0"
        }
      },
      "rotation": {
        "origin": [
          11.465457,
          9.807016,
          8.310526
        ],
        "angle": -22.5,
        "axis": "z"
      }
    },
    {
      "from": [
        2.5932512,
        2.8674564,
        3.8105264
      ],
      "to": [
        4.593251,
        4.8674564,
        12.810526
      ],
      "faces": {
        "east": {
          "uv": [
            6,
            5.75,
            6.5625,
            5.875
          ],
          "tintindex": 0,
          "rotation": 0,
          "texture": "#0"
        },
        "south": {
          "uv": [
            7.125,
            4.8125,
            7,
            4.9375
          ],
          "tintindex": 0,
          "rotation": 0,
          "texture": "#0"
        },
        "north": {
          "uv": [
            7,
            4.8125,
            7.125,
            4.9375
          ],
          "tintindex": 0,
          "rotation": 0,
          "texture": "#0"
        },
        "west": {
          "uv": [
            6.25,
            5.3125,
            6.8125,
            5.4375
          ],
          "tintindex": 0,
          "rotation": 0,
          "texture": "#0"
        },
        "up": {
          "uv": [
            3.3125,
            6.8125,
            3.1875,
            6.25
          ],
          "tintindex": 0,
          "rotation": 0,
          "texture": "#0"
        },
        "down": {
          "uv": [
            5.875,
            6.25,
            5.75,
            6.8125
          ],
          "tintindex": 0,
          "rotation": 0,
          "texture": "#0"
        }
      },
      "rotation": {
        "origin": [
          3.5932512,
          3.8674564,
          8.310526
        ],
        "angle": -22.5,
        "axis": "z"
      }
    },
    {
      "from": [
        -0.51087284,
        7.6543694,
        5.8105264
      ],
      "to": [
        5.489126,
        12.654369,
        10.810526
      ],
      "faces": {
        "east": {
          "uv": [
            0.75,
            3.875,
            1.0625,
            4.1875
          ],
          "tintindex": 0,
          "rotation": 0,
          "texture": "#0"
        },
        "south": {
          "uv": [
            6.375,
            0.9375,
            6,
            1.25
          ],
          "tintindex": 0,
          "rotation": 0,
          "texture": "#0"
        },
        "north": {
          "uv": [
            6,
            0.9375,
            6.375,
            1.25
          ],
          "tintindex": 0,
          "rotation": 0,
          "texture": "#0"
        },
        "west": {
          "uv": [
            5.1875,
            2.625,
            5.5,
            2.9375
          ],
          "tintindex": 0,
          "rotation": 0,
          "texture": "#0"
        },
        "up": {
          "uv": [
            6.375,
            2,
            6,
            1.6875
          ],
          "tintindex": 0,
          "rotation": 0,
          "texture": "#0"
        },
        "down": {
          "uv": [
            6.375,
            2.0625,
            6,
            2.375
          ],
          "tintindex": 0,
          "rotation": 0,
          "texture": "#0"
        }
      },
      "rotation": {
        "origin": [
          2.4891272,
          10.154369,
          8.310526
        ],
        "angle": -45,
        "axis": "z"
      }
    }
  ],
  "display": {
    "gui": {
      "rotation": [
        30,
        225,
        0
      ]
    }
  }
}