{
  "textures": {
    "0": "modelengine:entity/blaze_king"
  },
  "elements": [
    {
      "from": [
        7.737499,
        1.7836747,
        7.60822
      ],
      "to": [
        8.737499,
        5.783675,
        9.60822
      ],
      "faces": {
        "east": {
          "uv": [
            6.75,
            0,
            6.875,
            0.25
          ],
          "tintindex": 0,
          "rotation": 0,
          "texture": "#0"
        },
        "south": {
          "uv": [
            6.875,
            4.6875,
            6.9375,
            4.9375
          ],
          "tintindex": 0,
          "rotation": 0,
          "texture": "#0"
        },
        "north": {
          "uv": [
            5.75,
            6.875,
            5.8125,
            7.125
          ],
          "tintindex": 0,
          "rotation": 0,
          "texture": "#0"
        },
        "west": {
          "uv": [
            6.875,
            0,
            6.75,
            0.25
          ],
          "tintindex": 0,
          "rotation": 0,
          "texture": "#0"
        },
        "up": {
          "uv": [
            0.6875,
            5,
            0.5625,
            4.9375
          ],
          "tintindex": 0,
          "rotation": 90,
          "texture": "#0"
        },
        "down": {
          "uv": [
            7.1875,
            6.6875,
            7.0625,
            6.75
          ],
          "tintindex": 0,
          "rotation": 270,
          "texture": "#0"
        }
      },
      "rotation": {
        "origin": [
          8.237499,
          3.7836752,
          8.60822
        ],
        "angle": -45,
        "axis": "x"
      }
    },
    {
      "from": [
        6.7625,
        4.216325,
        5.89178
      ],
      "to": [
        8.7625,
        8.216325,
        8.89178
      ],
      "faces": {
        "east": {
          "uv": [
            6.4375,
            1.625,
            6.625,
            1.875
          ],
          "tintindex": 0,
          "rotation": 0,
          "texture": "#0"
        },
        "south": {
          "uv": [
            0.5625,
            4.625,
            0.6875,
            4.875
          ],
          "tintindex": 0,
          "rotation": 0,
          "texture": "#0"
        },
        "north": {
          "uv": [
            5.625,
            0.9375,
            5.75,
            1.1875
          ],
          "tintindex": 0,
          "rotation": 0,
          "texture": "#0"
        },
        "west": {
          "uv": [
            6.625,
            1.625,
            6.4375,
            1.875
          ],
          "tintindex": 0,
          "rotation": 0,
          "texture": "#0"
        },
        "up": {
          "uv": [
            6.6875,
            6.9375,
            6.5,
            6.8125
          ],
          "tintindex": 0,
          "rotation": 90,
          "texture": "#0"
        },
        "down": {
          "uv": [
            7,
            6.5,
            6.8125,
            6.625
          ],
          "tintindex": 0,
          "rotation": 270,
          "texture": "#0"
        }
      },
      "rotation": {
        "origin": [
          7.7625,
          6.216325,
          7.39178
        ],
        "angle": 22.5,
        "axis": "x"
      }
    }
  ],
  "display": {
    "gui": {
      "rotation": [
        30,
        225,
        0
      ]
    }
  }
}