{"textures":{"0":"modelengine:entity/abyssal_charge","particle":"#0"},"elements":[{"from":[8.0,5.5,8.0],"to":[29.0,10.5,8.0],"faces":{"south":{"uv":[8.0,5.3125,9.3125,5.625],"tintindex":0,"rotation":0,"texture":"#0"},"north":{"uv":[9.3125,5.3125,8.0,5.625],"tintindex":0,"rotation":0,"texture":"#0"}}}],"display":{"head":{"rotation":[0.0,0.0,0.0]},"firstperson_righthand":{"rotation":[0.0,0.0,0.0]},"thirdperson_lefthand":{"rotation":[0.0,-0.0,-0.0]},"firstperson_lefthand":{"rotation":[0.0,-0.0,-0.0]},"fixed":{"rotation":[0.0,0.0,0.0]},"ground":{"rotation":[0.0,0.0,0.0]},"thirdperson_righthand":{"rotation":[0.0,0.0,0.0]},"gui":{"rotation":[-150.0,-45.0,180.0]}}}