{"textures":{"0":"modelengine:entity/abyssal_charge","particle":"#0"},"elements":[{"from":[-8.0,8.0,4.75],"to":[8.0,8.0,12.25],"faces":{"up":{"uv":[10.0,3.5,8.0,2.5625],"tintindex":0,"rotation":0,"texture":"#0"},"down":{"uv":[10.0,2.5625,8.0,3.5],"tintindex":0,"rotation":0,"texture":"#0"}}}],"display":{"head":{"rotation":[0.0,0.0,0.0]},"firstperson_righthand":{"rotation":[0.0,0.0,0.0]},"thirdperson_lefthand":{"rotation":[0.0,-0.0,-0.0]},"firstperson_lefthand":{"rotation":[0.0,-0.0,-0.0]},"fixed":{"rotation":[0.0,0.0,0.0]},"ground":{"rotation":[0.0,0.0,0.0]},"thirdperson_righthand":{"rotation":[0.0,0.0,0.0]},"gui":{"rotation":[-150.0,-45.0,180.0]}}}