{"textures":{"0":"modelengine:entity/abyssal_charge","particle":"#0"},"elements":[{"from":[8.0,8.0,8.0],"to":[24.0,8.0,24.0],"faces":{"up":{"uv":[16.0,2.0,14.0,0.0],"tintindex":0,"rotation":270,"texture":"#0"},"down":{"uv":[16.0,0.0,14.0,2.0],"tintindex":0,"rotation":90,"texture":"#0"}}},{"from":[-8.0,8.0,8.0],"to":[8.0,8.0,24.0],"faces":{"up":{"uv":[16.0,2.0,14.0,0.0],"tintindex":0,"rotation":0,"texture":"#0"},"down":{"uv":[16.0,0.0,14.0,2.0],"tintindex":0,"rotation":0,"texture":"#0"}}},{"from":[8.0,8.0,-8.0],"to":[24.0,8.0,8.0],"faces":{"up":{"uv":[16.0,2.0,14.0,0.0],"tintindex":0,"rotation":180,"texture":"#0"},"down":{"uv":[16.0,0.0,14.0,2.0],"tintindex":0,"rotation":180,"texture":"#0"}}},{"from":[-8.0,8.0,-8.0],"to":[8.0,8.0,8.0],"faces":{"up":{"uv":[16.0,2.0,14.0,0.0],"tintindex":0,"rotation":90,"texture":"#0"},"down":{"uv":[16.0,0.0,14.0,2.0],"tintindex":0,"rotation":270,"texture":"#0"}}}],"display":{"head":{"rotation":[0.0,0.0,0.0]},"firstperson_righthand":{"rotation":[0.0,0.0,0.0]},"thirdperson_lefthand":{"rotation":[0.0,-0.0,-0.0]},"firstperson_lefthand":{"rotation":[0.0,-0.0,-0.0]},"fixed":{"rotation":[0.0,0.0,0.0]},"ground":{"rotation":[0.0,0.0,0.0]},"thirdperson_righthand":{"rotation":[0.0,0.0,0.0]},"gui":{"rotation":[-150.0,-45.0,180.0]}}}