{"textures":{"0":"modelengine:entity/abyssal_charge","particle":"#0"},"elements":[{"from":[0.0,8.0,0.0],"to":[16.0,28.0,16.0],"faces":{"east":{"uv":[8.0,5.0,6.0,7.5],"tintindex":0,"rotation":0,"texture":"#0"},"south":{"uv":[8.0,2.5,6.0,5.0],"tintindex":0,"rotation":0,"texture":"#0"},"north":{"uv":[2.0,6.0,0.0,8.5],"tintindex":0,"rotation":0,"texture":"#0"},"west":{"uv":[8.0,0.0,6.0,2.5],"tintindex":0,"rotation":0,"texture":"#0"},"up":{"uv":[6.0,9.5,8.0,7.5],"tintindex":0,"rotation":0,"texture":"#0"},"down":{"uv":[8.0,0.0,10.0,2.0],"tintindex":0,"rotation":0,"texture":"#0"}}},{"from":[16.0,28.0,16.0],"to":[0.0,8.0,0.0],"faces":{"east":{"uv":[8.0,2.5,6.0,0.0],"tintindex":0,"rotation":0,"texture":"#0"},"south":{"uv":[2.0,8.5,0.0,6.0],"tintindex":0,"rotation":0,"texture":"#0"},"north":{"uv":[8.0,5.0,6.0,2.5],"tintindex":0,"rotation":0,"texture":"#0"},"west":{"uv":[8.0,7.5,6.0,5.0],"tintindex":0,"rotation":0,"texture":"#0"},"up":{"uv":[10.0,0.0,8.0,2.0],"tintindex":0,"rotation":0,"texture":"#0"},"down":{"uv":[8.0,9.5,6.0,7.5],"tintindex":0,"rotation":0,"texture":"#0"}}}],"display":{"head":{"rotation":[0.0,0.0,0.0]},"firstperson_righthand":{"rotation":[0.0,0.0,0.0]},"thirdperson_lefthand":{"rotation":[0.0,-0.0,-0.0]},"firstperson_lefthand":{"rotation":[0.0,-0.0,-0.0]},"fixed":{"rotation":[0.0,0.0,0.0]},"ground":{"rotation":[0.0,0.0,0.0]},"thirdperson_righthand":{"rotation":[0.0,0.0,0.0]},"gui":{"rotation":[-150.0,-45.0,180.0]}}}