{"textures":{"0":"modelengine:entity/abyssal_charge","particle":"#0"},"elements":[{"from":[4.0,8.166667,4.0],"to":[12.0,29.5,12.0],"faces":{"east":{"uv":[6.0,4.0,4.5,8.0],"tintindex":0,"rotation":0,"texture":"#0"},"south":{"uv":[6.0,0.0,4.5,4.0],"tintindex":0,"rotation":0,"texture":"#0"},"north":{"uv":[4.5,0.0,3.0,4.0],"tintindex":0,"rotation":0,"texture":"#0"},"west":{"uv":[4.5,4.0,3.0,8.0],"tintindex":0,"rotation":0,"texture":"#0"},"up":{"uv":[8.0,5.0,9.5,3.5],"tintindex":0,"rotation":0,"texture":"#0"},"down":{"uv":[4.0,8.0,5.5,9.5],"tintindex":0,"rotation":0,"texture":"#0"}}},{"from":[12.0,29.5,12.0],"to":[4.0,8.166667,4.0],"faces":{"east":{"uv":[4.5,8.0,3.0,4.0],"tintindex":0,"rotation":0,"texture":"#0"},"south":{"uv":[4.5,4.0,3.0,0.0],"tintindex":0,"rotation":0,"texture":"#0"},"north":{"uv":[6.0,4.0,4.5,0.0],"tintindex":0,"rotation":0,"texture":"#0"},"west":{"uv":[6.0,8.0,4.5,4.0],"tintindex":0,"rotation":0,"texture":"#0"},"up":{"uv":[5.5,8.0,4.0,9.5],"tintindex":0,"rotation":0,"texture":"#0"},"down":{"uv":[9.5,5.0,8.0,3.5],"tintindex":0,"rotation":0,"texture":"#0"}}}],"display":{"head":{"rotation":[0.0,0.0,0.0]},"firstperson_righthand":{"rotation":[0.0,0.0,0.0]},"thirdperson_lefthand":{"rotation":[0.0,-0.0,-0.0]},"firstperson_lefthand":{"rotation":[0.0,-0.0,-0.0]},"fixed":{"rotation":[0.0,0.0,0.0]},"ground":{"rotation":[0.0,0.0,0.0]},"thirdperson_righthand":{"rotation":[0.0,0.0,0.0]},"gui":{"rotation":[-150.0,-45.0,180.0]}}}