{
  "textures": {
    "0": "modelengine:entity/nether_mushroom"
  },
  "elements": [
    {
      "from": [
        4.5,
        7.75,
        4.5
      ],
      "to": [
        11.5,
        16.75,
        11.5
      ],
      "faces": {
        "east": {
          "uv": [
            5.875,
            5.625,
            6.75,
            6.75
          ],
          "tintindex": 0,
          "rotation": 0,
          "texture": "#0"
        },
        "south": {
          "uv": [
            4.875,
            5.625,
            5.75,
            6.75
          ],
          "tintindex": 0,
          "rotation": 0,
          "texture": "#0"
        },
        "north": {
          "uv": [
            1,
            5.75,
            1.875,
            6.875
          ],
          "tintindex": 0,
          "rotation": 0,
          "texture": "#0"
        },
        "west": {
          "uv": [
            0,
            5.75,
            0.875,
            6.875
          ],
          "tintindex": 0,
          "rotation": 0,
          "texture": "#0"
        },
        "up": {
          "uv": [
            2.875,
            7,
            2,
            6.125
          ],
          "tintindex": 0,
          "rotation": 180,
          "texture": "#0"
        },
        "down": {
          "uv": [
            7.25,
            2,
            6.375,
            2.875
          ],
          "tintindex": 0,
          "rotation": 180,
          "texture": "#0"
        }
      }
    }
  ],
  "display": {
    "gui": {
      "rotation": [
        30,
        225,
        0
      ]
    }
  }
}