{"textures":{"0":"modelengine:entity/hell_hound","particle":"#0"},"elements":[{"from":[8.0,4.5,5.75],"to":[8.0,8.5,8.75],"faces":{"east":{"uv":[4.25,10.25,3.875,10.75],"tintindex":0,"rotation":0,"texture":"#0"},"west":{"uv":[3.875,10.25,4.25,10.75],"tintindex":0,"rotation":0,"texture":"#0"}},"rotation":{"origin":[8.0,6.5,7.25],"angle":22.5,"axis":"x"}}],"display":{"head":{"rotation":[0.0,0.0,0.0]},"firstperson_righthand":{"rotation":[0.0,0.0,0.0]},"thirdperson_lefthand":{"rotation":[0.0,-0.0,-0.0]},"firstperson_lefthand":{"rotation":[0.0,-0.0,-0.0]},"fixed":{"rotation":[0.0,0.0,0.0]},"ground":{"rotation":[0.0,0.0,0.0]},"thirdperson_righthand":{"rotation":[0.0,0.0,0.0]},"gui":{"rotation":[-150.0,-45.0,180.0]}}}