{"textures":{"0":"modelengine:entity/hell_hound","particle":"#0"},"elements":[{"from":[8.0,12.000001,-3.0],"to":[8.0,17.0,8.0],"faces":{"east":{"uv":[8.125,4.375,6.75,5.0],"tintindex":0,"rotation":0,"texture":"#0"},"west":{"uv":[6.75,4.375,8.125,5.0],"tintindex":0,"rotation":0,"texture":"#0"}}},{"from":[3.5,3.0,-3.0],"to":[12.5,12.000001,8.0],"faces":{"east":{"uv":[2.75,2.5,4.125,3.625],"tintindex":0,"rotation":0,"texture":"#0"},"south":{"uv":[1.25,4.0,2.375,5.125],"tintindex":0,"rotation":0,"texture":"#0"},"north":{"uv":[3.75,1.25,4.875,2.375],"tintindex":0,"rotation":0,"texture":"#0"},"west":{"uv":[3.75,0.0,5.125,1.125],"tintindex":0,"rotation":0,"texture":"#0"},"up":{"uv":[3.875,5.125,2.75,3.75],"tintindex":0,"rotation":0,"texture":"#0"},"down":{"uv":[1.125,4.0,0.0,5.375],"tintindex":0,"rotation":0,"texture":"#0"}}}],"display":{"head":{"rotation":[0.0,0.0,0.0]},"firstperson_righthand":{"rotation":[0.0,0.0,0.0]},"thirdperson_lefthand":{"rotation":[0.0,-0.0,-0.0]},"firstperson_lefthand":{"rotation":[0.0,-0.0,-0.0]},"fixed":{"rotation":[0.0,0.0,0.0]},"ground":{"rotation":[0.0,0.0,0.0]},"thirdperson_righthand":{"rotation":[0.0,0.0,0.0]},"gui":{"rotation":[-150.0,-45.0,180.0]}}}