{"textures":{"0":"modelengine:entity/hell_hound","particle":"#0"},"elements":[{"from":[6.0,5.5,2.25],"to":[10.0,7.5,9.25],"faces":{"east":{"uv":[10.0,9.5,10.875,9.75],"tintindex":0,"rotation":0,"texture":"#0"},"south":{"uv":[5.375,10.875,5.875,11.125],"tintindex":0,"rotation":0,"texture":"#0"},"north":{"uv":[5.0,2.125,5.5,2.375],"tintindex":0,"rotation":0,"texture":"#0"},"west":{"uv":[10.0,9.875,10.875,10.125],"tintindex":0,"rotation":0,"texture":"#0"},"up":{"uv":[8.25,9.125,7.75,8.25],"tintindex":0,"rotation":0,"texture":"#0"},"down":{"uv":[8.875,1.125,8.375,2.0],"tintindex":0,"rotation":0,"texture":"#0"}},"rotation":{"origin":[8.0,6.5,5.75],"angle":-22.5,"axis":"x"}}],"display":{"head":{"rotation":[0.0,0.0,0.0]},"firstperson_righthand":{"rotation":[0.0,0.0,0.0]},"thirdperson_lefthand":{"rotation":[0.0,-0.0,-0.0]},"firstperson_lefthand":{"rotation":[0.0,-0.0,-0.0]},"fixed":{"rotation":[0.0,0.0,0.0]},"ground":{"rotation":[0.0,0.0,0.0]},"thirdperson_righthand":{"rotation":[0.0,0.0,0.0]},"gui":{"rotation":[-150.0,-45.0,180.0]}}}