{"textures":{"0":"modelengine:entity/hell_hound","particle":"#0"},"elements":[{"from":[6.52,1.9430265,4.748728],"to":[9.52,8.943027,8.748728],"faces":{"east":{"uv":[8.375,8.25,8.875,9.125],"tintindex":0,"rotation":0,"texture":"#0"},"south":{"uv":[8.125,9.25,8.5,10.125],"tintindex":0,"rotation":0,"texture":"#0"},"north":{"uv":[7.625,9.25,8.0,10.125],"tintindex":0,"rotation":0,"texture":"#0"},"west":{"uv":[8.75,0.0,9.25,0.875],"tintindex":0,"rotation":0,"texture":"#0"},"up":{"uv":[7.375,10.75,7.0,10.25],"tintindex":0,"rotation":0,"texture":"#0"},"down":{"uv":[7.875,10.25,7.5,10.75],"tintindex":0,"rotation":0,"texture":"#0"}},"rotation":{"origin":[8.02,5.4430265,6.748728],"angle":22.5,"axis":"x"}}],"display":{"head":{"rotation":[0.0,0.0,0.0]},"firstperson_righthand":{"rotation":[0.0,0.0,0.0]},"thirdperson_lefthand":{"rotation":[0.0,-0.0,-0.0]},"firstperson_lefthand":{"rotation":[0.0,-0.0,-0.0]},"fixed":{"rotation":[0.0,0.0,0.0]},"ground":{"rotation":[0.0,0.0,0.0]},"thirdperson_righthand":{"rotation":[0.0,0.0,0.0]},"gui":{"rotation":[-150.0,-45.0,180.0]}}}