{"textures":{"0":"modelengine:entity/hell_hound","particle":"#0"},"elements":[{"from":[6.4125,0.7781954,6.9165254],"to":[10.4125,8.778195,11.916526],"faces":{"east":{"uv":[5.375,7.0,6.0,8.0],"tintindex":0,"rotation":0,"texture":"#0"},"south":{"uv":[7.75,1.125,8.25,2.125],"tintindex":0,"rotation":0,"texture":"#0"},"north":{"uv":[3.75,7.625,4.25,8.625],"tintindex":0,"rotation":0,"texture":"#0"},"west":{"uv":[6.125,7.0,6.75,8.0],"tintindex":0,"rotation":0,"texture":"#0"},"up":{"uv":[9.875,6.125,9.375,5.5],"tintindex":0,"rotation":0,"texture":"#0"},"down":{"uv":[9.125,9.5,8.625,10.125],"tintindex":0,"rotation":0,"texture":"#0"}},"rotation":{"origin":[8.4125,4.7781954,9.416525],"angle":-22.5,"axis":"x"}}],"display":{"head":{"rotation":[0.0,0.0,0.0]},"firstperson_righthand":{"rotation":[0.0,0.0,0.0]},"thirdperson_lefthand":{"rotation":[0.0,-0.0,-0.0]},"firstperson_lefthand":{"rotation":[0.0,-0.0,-0.0]},"fixed":{"rotation":[0.0,0.0,0.0]},"ground":{"rotation":[0.0,0.0,0.0]},"thirdperson_righthand":{"rotation":[0.0,0.0,0.0]},"gui":{"rotation":[-150.0,-45.0,180.0]}}}