{"textures":{"0":"modelengine:entity/hell_hound","particle":"#0"},"elements":[{"from":[6.4296875,1.0864654,5.5734715],"to":[10.4296875,9.086466,10.573471],"faces":{"east":{"uv":[6.875,7.0,7.5,8.0],"tintindex":0,"rotation":0,"texture":"#0"},"south":{"uv":[2.375,7.75,2.875,8.75],"tintindex":0,"rotation":0,"texture":"#0"},"north":{"uv":[1.75,7.75,2.25,8.75],"tintindex":0,"rotation":0,"texture":"#0"},"west":{"uv":[7.375,0.0,8.0,1.0],"tintindex":0,"rotation":0,"texture":"#0"},"up":{"uv":[10.25,6.875,9.75,6.25],"tintindex":0,"rotation":0,"texture":"#0"},"down":{"uv":[10.375,0.0,9.875,0.625],"tintindex":0,"rotation":0,"texture":"#0"}}}],"display":{"head":{"rotation":[0.0,0.0,0.0]},"firstperson_righthand":{"rotation":[0.0,0.0,0.0]},"thirdperson_lefthand":{"rotation":[0.0,-0.0,-0.0]},"firstperson_lefthand":{"rotation":[0.0,-0.0,-0.0]},"fixed":{"rotation":[0.0,0.0,0.0]},"ground":{"rotation":[0.0,0.0,0.0]},"thirdperson_righthand":{"rotation":[0.0,0.0,0.0]},"gui":{"rotation":[-150.0,-45.0,180.0]}}}