{"textures":{"0":"modelengine:entity/hell_hound","particle":"#0"},"elements":[{"from":[6.5160713,5.4038386,6.794101],"to":[9.516071,9.403839,13.794101],"faces":{"east":{"uv":[8.25,4.5,9.125,5.0],"tintindex":0,"rotation":0,"texture":"#0"},"south":{"uv":[1.0,10.375,1.375,10.875],"tintindex":0,"rotation":0,"texture":"#0"},"north":{"uv":[0.5,10.375,0.875,10.875],"tintindex":0,"rotation":0,"texture":"#0"},"west":{"uv":[0.625,8.75,1.5,9.25],"tintindex":0,"rotation":0,"texture":"#0"},"up":{"uv":[9.75,0.875,9.375,0.0],"tintindex":0,"rotation":0,"texture":"#0"},"down":{"uv":[0.875,9.375,0.5,10.25],"tintindex":0,"rotation":0,"texture":"#0"}},"rotation":{"origin":[8.016071,7.4038386,10.294101],"angle":22.5,"axis":"x"}}],"display":{"head":{"rotation":[0.0,0.0,0.0]},"firstperson_righthand":{"rotation":[0.0,0.0,0.0]},"thirdperson_lefthand":{"rotation":[0.0,-0.0,-0.0]},"firstperson_lefthand":{"rotation":[0.0,-0.0,-0.0]},"fixed":{"rotation":[0.0,0.0,0.0]},"ground":{"rotation":[0.0,0.0,0.0]},"thirdperson_righthand":{"rotation":[0.0,0.0,0.0]},"gui":{"rotation":[-150.0,-45.0,180.0]}}}