{"textures":{"0":"modelengine:entity/hell_hound","particle":"#0"},"elements":[{"from":[3.0,5.894271,4.4649277],"to":[13.0,16.894272,4.4649277],"faces":{"south":{"uv":[1.25,2.5,0.0,3.875],"tintindex":0,"rotation":0,"texture":"#0"},"north":{"uv":[0.0,2.5,1.25,3.875],"tintindex":0,"rotation":0,"texture":"#0"}},"rotation":{"origin":[8.0,11.394271,4.4649277],"angle":45.0,"axis":"x"}},{"from":[4.0,6.894271,3.4649277],"to":[12.0,15.894271,5.4649277],"faces":{"east":{"uv":[3.5,9.875,3.75,11.0],"tintindex":0,"rotation":0,"texture":"#0"},"south":{"uv":[1.25,5.25,2.25,6.375],"tintindex":0,"rotation":0,"texture":"#0"},"north":{"uv":[5.25,0.0,6.25,1.125],"tintindex":0,"rotation":0,"texture":"#0"},"west":{"uv":[10.0,3.25,10.25,4.375],"tintindex":0,"rotation":0,"texture":"#0"},"up":{"uv":[11.0,8.0,10.0,7.75],"tintindex":0,"rotation":0,"texture":"#0"},"down":{"uv":[11.0,8.125,10.0,8.375],"tintindex":0,"rotation":0,"texture":"#0"}},"rotation":{"origin":[8.0,11.394271,4.4649277],"angle":45.0,"axis":"x"}},{"from":[4.5125,7.040717,1.3184805],"to":[11.4875,15.040717,8.3184805],"faces":{"east":{"uv":[5.375,5.875,6.25,6.875],"tintindex":0,"rotation":0,"texture":"#0"},"south":{"uv":[6.375,0.0,7.25,1.0],"tintindex":0,"rotation":0,"texture":"#0"},"north":{"uv":[5.75,4.75,6.625,5.75],"tintindex":0,"rotation":0,"texture":"#0"},"west":{"uv":[6.375,5.875,7.25,6.875],"tintindex":0,"rotation":0,"texture":"#0"},"up":{"uv":[0.875,7.75,0.0,6.875],"tintindex":0,"rotation":0,"texture":"#0"},"down":{"uv":[5.25,6.875,4.375,7.75],"tintindex":0,"rotation":0,"texture":"#0"}},"rotation":{"origin":[8.0,11.040717,4.8184805],"angle":45.0,"axis":"x"}}],"display":{"head":{"rotation":[0.0,0.0,0.0]},"firstperson_righthand":{"rotation":[0.0,0.0,0.0]},"thirdperson_lefthand":{"rotation":[0.0,-0.0,-0.0]},"firstperson_lefthand":{"rotation":[0.0,-0.0,-0.0]},"fixed":{"rotation":[0.0,0.0,0.0]},"ground":{"rotation":[0.0,0.0,0.0]},"thirdperson_righthand":{"rotation":[0.0,0.0,0.0]},"gui":{"rotation":[-150.0,-45.0,180.0]}}}