{"textures":{"0":"modelengine:entity/hell_hound","particle":"#0"},"elements":[{"from":[5.5875,0.7781954,6.9165254],"to":[9.5875,8.778195,11.916526],"faces":{"east":{"uv":[6.75,7.0,6.125,8.0],"tintindex":0,"rotation":0,"texture":"#0"},"south":{"uv":[8.25,1.125,7.75,2.125],"tintindex":0,"rotation":0,"texture":"#0"},"north":{"uv":[4.25,7.625,3.75,8.625],"tintindex":0,"rotation":0,"texture":"#0"},"west":{"uv":[6.0,7.0,5.375,8.0],"tintindex":0,"rotation":0,"texture":"#0"},"up":{"uv":[9.375,6.125,9.875,5.5],"tintindex":0,"rotation":0,"texture":"#0"},"down":{"uv":[8.625,9.5,9.125,10.125],"tintindex":0,"rotation":0,"texture":"#0"}},"rotation":{"origin":[7.5875,4.7781954,9.416525],"angle":-22.5,"axis":"x"}}],"display":{"head":{"rotation":[0.0,0.0,0.0]},"firstperson_righthand":{"rotation":[0.0,0.0,0.0]},"thirdperson_lefthand":{"rotation":[0.0,-0.0,-0.0]},"firstperson_lefthand":{"rotation":[0.0,-0.0,-0.0]},"fixed":{"rotation":[0.0,0.0,0.0]},"ground":{"rotation":[0.0,0.0,0.0]},"thirdperson_righthand":{"rotation":[0.0,0.0,0.0]},"gui":{"rotation":[-150.0,-45.0,180.0]}}}