{"textures":{"0":"modelengine:entity/hell_hound","particle":"#0"},"elements":[{"from":[6.45625,4.3435936,6.57681],"to":[9.456249,8.343594,9.57681],"faces":{"east":{"uv":[10.625,10.25,10.25,10.75],"tintindex":0,"rotation":0,"texture":"#0"},"south":{"uv":[10.125,10.25,9.75,10.75],"tintindex":0,"rotation":0,"texture":"#0"},"north":{"uv":[8.375,10.25,8.0,10.75],"tintindex":0,"rotation":0,"texture":"#0"},"west":{"uv":[8.875,10.25,8.5,10.75],"tintindex":0,"rotation":0,"texture":"#0"},"up":{"uv":[10.875,4.25,11.25,3.875],"tintindex":0,"rotation":0,"texture":"#0"},"down":{"uv":[4.375,10.875,4.75,11.25],"tintindex":0,"rotation":0,"texture":"#0"}}}],"display":{"head":{"rotation":[0.0,0.0,0.0]},"firstperson_righthand":{"rotation":[0.0,0.0,0.0]},"thirdperson_lefthand":{"rotation":[0.0,-0.0,-0.0]},"firstperson_lefthand":{"rotation":[0.0,-0.0,-0.0]},"fixed":{"rotation":[0.0,0.0,0.0]},"ground":{"rotation":[0.0,0.0,0.0]},"thirdperson_righthand":{"rotation":[0.0,0.0,0.0]},"gui":{"rotation":[-150.0,-45.0,180.0]}}}