{"textures":{"0":"modelengine:entity/hell_hound","particle":"#0"},"elements":[{"from":[5.4975,5.8970566,4.880685],"to":[10.497499,7.897056,8.880685],"faces":{"east":{"uv":[7.5,10.875,7.0,11.125],"tintindex":0,"rotation":0,"texture":"#0"},"south":{"uv":[3.25,10.625,2.625,10.875],"tintindex":0,"rotation":0,"texture":"#0"},"north":{"uv":[11.25,1.625,10.625,1.875],"tintindex":0,"rotation":0,"texture":"#0"},"west":{"uv":[11.375,6.125,10.875,6.375],"tintindex":0,"rotation":0,"texture":"#0"},"up":{"uv":[9.25,10.0,9.875,9.5],"tintindex":0,"rotation":0,"texture":"#0"},"down":{"uv":[3.875,9.625,4.5,10.125],"tintindex":0,"rotation":0,"texture":"#0"}},"rotation":{"origin":[7.9975,6.897056,6.880685],"angle":-45.0,"axis":"x"}},{"from":[5.9975,4.775736,1.1485782],"to":[5.9975,6.775736,4.148578],"faces":{"east":{"uv":[10.625,10.875,10.25,11.125],"tintindex":0,"rotation":0,"texture":"#0"},"west":{"uv":[10.25,10.875,10.625,11.125],"tintindex":0,"rotation":0,"texture":"#0"}}},{"from":[5.5474997,4.775736,4.1735783],"to":[10.4725,6.775736,6.1735783],"faces":{"east":{"uv":[0.875,8.25,0.625,8.5],"tintindex":0,"rotation":0,"texture":"#0"},"south":{"uv":[11.25,5.75,10.625,6.0],"tintindex":0,"rotation":0,"texture":"#0"},"north":{"uv":[11.25,5.375,10.625,5.625],"tintindex":0,"rotation":0,"texture":"#0"},"west":{"uv":[0.875,7.875,0.625,8.125],"tintindex":0,"rotation":0,"texture":"#0"},"up":{"uv":[6.25,10.875,6.875,10.625],"tintindex":0,"rotation":0,"texture":"#0"},"down":{"uv":[10.75,2.0,11.375,2.25],"tintindex":0,"rotation":0,"texture":"#0"}}},{"from":[9.997499,4.775736,1.1485782],"to":[9.997499,6.775736,4.148578],"faces":{"east":{"uv":[10.625,10.875,10.25,11.125],"tintindex":0,"rotation":0,"texture":"#0"},"west":{"uv":[10.25,10.875,10.625,11.125],"tintindex":0,"rotation":0,"texture":"#0"}}},{"from":[7.9975,4.775736,1.1485782],"to":[7.9975,6.775736,4.148578],"faces":{"east":{"uv":[10.625,10.875,10.25,11.125],"tintindex":0,"rotation":0,"texture":"#0"},"west":{"uv":[10.25,10.875,10.625,11.125],"tintindex":0,"rotation":0,"texture":"#0"}}}],"display":{"head":{"rotation":[0.0,0.0,0.0]},"firstperson_righthand":{"rotation":[0.0,0.0,0.0]},"thirdperson_lefthand":{"rotation":[0.0,-0.0,-0.0]},"firstperson_lefthand":{"rotation":[0.0,-0.0,-0.0]},"fixed":{"rotation":[0.0,0.0,0.0]},"ground":{"rotation":[0.0,0.0,0.0]},"thirdperson_righthand":{"rotation":[0.0,0.0,0.0]},"gui":{"rotation":[-150.0,-45.0,180.0]}}}