{"textures":{"0":"modelengine:entity/hell_hound","1":"modelengine:entity/arm_fire_a","particle":"#1"},"elements":[{"from":[8.0,9.0014,-0.19549751],"to":[8.0,19.0014,27.8045],"faces":{"east":{"uv":[10.0,14.0,5.375,1.25],"tintindex":0,"rotation":90,"texture":"#1"},"west":{"uv":[10.0,1.25,5.375,14.0],"tintindex":0,"rotation":90,"texture":"#1"}},"rotation":{"origin":[8.0,14.0014,13.8045025],"angle":-22.5,"axis":"x"}},{"from":[6.5,7.4986005,7.1954975],"to":[9.5,11.498601,15.1954975],"faces":{"east":{"uv":[7.625,7.0,8.625,7.5],"tintindex":0,"rotation":0,"texture":"#0"},"south":{"uv":[9.25,10.125,9.625,10.625],"tintindex":0,"rotation":0,"texture":"#0"},"north":{"uv":[0.0,10.125,0.375,10.625],"tintindex":0,"rotation":0,"texture":"#0"},"west":{"uv":[7.625,7.625,8.625,8.125],"tintindex":0,"rotation":0,"texture":"#0"},"up":{"uv":[9.25,6.125,8.875,5.125],"tintindex":0,"rotation":0,"texture":"#0"},"down":{"uv":[0.375,9.0,0.0,10.0],"tintindex":0,"rotation":0,"texture":"#0"}},"rotation":{"origin":[8.0,9.498601,11.1954975],"angle":-22.5,"axis":"x"}}],"display":{"head":{"rotation":[0.0,0.0,0.0]},"firstperson_righthand":{"rotation":[0.0,0.0,0.0]},"thirdperson_lefthand":{"rotation":[0.0,-0.0,-0.0]},"firstperson_lefthand":{"rotation":[0.0,-0.0,-0.0]},"fixed":{"rotation":[0.0,0.0,0.0]},"ground":{"rotation":[0.0,0.0,0.0]},"thirdperson_righthand":{"rotation":[0.0,0.0,0.0]},"gui":{"rotation":[-150.0,-45.0,180.0]}}}