{"textures":{"0":"modelengine:entity/hell_hound","particle":"#0"},"elements":[{"from":[8.0,8.126389,8.913935],"to":[8.0,11.126389,15.913935],"faces":{"east":{"uv":[10.25,5.0,9.375,5.375],"tintindex":0,"rotation":0,"texture":"#0"},"west":{"uv":[9.375,5.0,10.25,5.375],"tintindex":0,"rotation":0,"texture":"#0"}},"rotation":{"origin":[8.0,9.626389,12.413935],"angle":22.5,"axis":"x"}},{"from":[6.525,5.35475,7.7658844],"to":[9.475,8.35475,14.765884],"faces":{"east":{"uv":[9.0,9.0,9.875,9.375],"tintindex":0,"rotation":0,"texture":"#0"},"south":{"uv":[3.875,10.875,4.25,11.25],"tintindex":0,"rotation":0,"texture":"#0"},"north":{"uv":[0.0,10.75,0.375,11.125],"tintindex":0,"rotation":0,"texture":"#0"},"west":{"uv":[9.25,2.25,10.125,2.625],"tintindex":0,"rotation":0,"texture":"#0"},"up":{"uv":[5.25,10.125,4.875,9.25],"tintindex":0,"rotation":0,"texture":"#0"},"down":{"uv":[7.5,9.25,7.125,10.125],"tintindex":0,"rotation":0,"texture":"#0"}},"rotation":{"origin":[8.0,6.8547497,11.265884],"angle":22.5,"axis":"x"}}],"display":{"head":{"rotation":[0.0,0.0,0.0]},"firstperson_righthand":{"rotation":[0.0,0.0,0.0]},"thirdperson_lefthand":{"rotation":[0.0,-0.0,-0.0]},"firstperson_lefthand":{"rotation":[0.0,-0.0,-0.0]},"fixed":{"rotation":[0.0,0.0,0.0]},"ground":{"rotation":[0.0,0.0,0.0]},"thirdperson_righthand":{"rotation":[0.0,0.0,0.0]},"gui":{"rotation":[-150.0,-45.0,180.0]}}}