{"textures":{"0":"modelengine:entity/hell_hound","particle":"#0"},"elements":[{"from":[6.5,5.042351,6.175825],"to":[9.5,8.042351,13.175825],"faces":{"east":{"uv":[8.875,4.0,9.75,4.375],"tintindex":0,"rotation":0,"texture":"#0"},"south":{"uv":[1.5,10.625,1.875,11.0],"tintindex":0,"rotation":0,"texture":"#0"},"north":{"uv":[3.375,5.25,3.75,5.625],"tintindex":0,"rotation":0,"texture":"#0"},"west":{"uv":[5.625,9.0,6.5,9.375],"tintindex":0,"rotation":0,"texture":"#0"},"up":{"uv":[7.0,9.875,6.625,9.0],"tintindex":0,"rotation":0,"texture":"#0"},"down":{"uv":[9.375,8.0,9.0,8.875],"tintindex":0,"rotation":0,"texture":"#0"}},"rotation":{"origin":[8.0,6.542351,9.675825],"angle":45.0,"axis":"x"}},{"from":[8.0,7.1636705,8.297145],"to":[8.0,10.163671,15.297146],"faces":{"east":{"uv":[10.125,4.5,9.25,4.875],"tintindex":0,"rotation":0,"texture":"#0"},"west":{"uv":[9.25,4.5,10.125,4.875],"tintindex":0,"rotation":0,"texture":"#0"}},"rotation":{"origin":[8.0,8.663671,11.797145],"angle":45.0,"axis":"x"}}],"display":{"head":{"rotation":[0.0,0.0,0.0]},"firstperson_righthand":{"rotation":[0.0,0.0,0.0]},"thirdperson_lefthand":{"rotation":[0.0,-0.0,-0.0]},"firstperson_lefthand":{"rotation":[0.0,-0.0,-0.0]},"fixed":{"rotation":[0.0,0.0,0.0]},"ground":{"rotation":[0.0,0.0,0.0]},"thirdperson_righthand":{"rotation":[0.0,0.0,0.0]},"gui":{"rotation":[-150.0,-45.0,180.0]}}}