{"textures":{"0":"modelengine:entity/hell_hound","particle":"#0"},"elements":[{"from":[8.0,12.750001,-1.0],"to":[8.0,17.75,9.0],"faces":{"east":{"uv":[4.25,6.875,3.0,7.5],"tintindex":0,"rotation":0,"texture":"#0"},"west":{"uv":[3.0,6.875,4.25,7.5],"tintindex":0,"rotation":0,"texture":"#0"}}},{"from":[4.5,4.75,-1.0],"to":[11.5,12.750001,9.0],"faces":{"east":{"uv":[4.0,3.75,5.25,4.75],"tintindex":0,"rotation":0,"texture":"#0"},"south":{"uv":[4.375,5.75,5.25,6.75],"tintindex":0,"rotation":0,"texture":"#0"},"north":{"uv":[3.375,5.75,4.25,6.75],"tintindex":0,"rotation":0,"texture":"#0"},"west":{"uv":[4.25,2.5,5.5,3.5],"tintindex":0,"rotation":0,"texture":"#0"},"up":{"uv":[3.25,6.5,2.375,5.25],"tintindex":0,"rotation":0,"texture":"#0"},"down":{"uv":[0.875,5.5,0.0,6.75],"tintindex":0,"rotation":0,"texture":"#0"}}}],"display":{"head":{"rotation":[0.0,0.0,0.0]},"firstperson_righthand":{"rotation":[0.0,0.0,0.0]},"thirdperson_lefthand":{"rotation":[0.0,-0.0,-0.0]},"firstperson_lefthand":{"rotation":[0.0,-0.0,-0.0]},"fixed":{"rotation":[0.0,0.0,0.0]},"ground":{"rotation":[0.0,0.0,0.0]},"thirdperson_righthand":{"rotation":[0.0,0.0,0.0]},"gui":{"rotation":[-150.0,-45.0,180.0]}}}