{"textures":{"0":"modelengine:entity/abyssal_knight"},"elements":[{"from":[-13.0,2.0,8.0],"to":[8.0,11.0,8.0],"faces":{"east":{"uv":[16.0,15.875,15.875,16.0],"tintindex":0,"rotation":0,"texture":"#0"},"south":{"uv":[11.875,13.625,14.5,14.75],"tintindex":0,"rotation":0,"texture":"#0"},"north":{"uv":[14.5,13.625,11.875,14.75],"tintindex":0,"rotation":0,"texture":"#0"},"west":{"uv":[16.0,15.875,15.875,16.0],"tintindex":0,"rotation":0,"texture":"#0"},"up":{"uv":[16.0,15.875,15.875,16.0],"tintindex":0,"rotation":0,"texture":"#0"},"down":{"uv":[16.0,15.875,15.875,16.0],"tintindex":0,"rotation":0,"texture":"#0"}}}],"display":{"gui":{"rotation":[30,225,0]}}}