{"textures":{"0":"modelengine:entity/abyssal_knight"},"elements":[{"from":[4.0,4.0,4.0],"to":[12.0,12.0,12.0],"faces":{"east":{"uv":[12.625,5.625,13.5,6.5],"tintindex":0,"rotation":0,"texture":"#0"},"south":{"uv":[11.75,5.625,12.625,6.5],"tintindex":0,"rotation":0,"texture":"#0"},"north":{"uv":[12.625,4.75,13.5,5.625],"tintindex":0,"rotation":0,"texture":"#0"},"west":{"uv":[11.75,4.75,12.625,5.625],"tintindex":0,"rotation":0,"texture":"#0"},"up":{"uv":[13.5,5.625,14.375,6.5],"tintindex":0,"rotation":0,"texture":"#0"},"down":{"uv":[13.5,4.75,14.375,5.625],"tintindex":0,"rotation":0,"texture":"#0"}}}],"display":{"gui":{"rotation":[30,225,0]}}}