{"textures":{"0":"modelengine:entity/abyssal_knight"},"elements":[{"from":[7.375,7.375,10.875],"to":[8.625,8.625,12.125],"faces":{"east":{"uv":[2.5,7.625,2.75,7.875],"tintindex":0,"rotation":0,"texture":"#0"},"south":{"uv":[8.375,4.25,8.625,4.5],"tintindex":0,"rotation":0,"texture":"#0"},"north":{"uv":[5.625,4.0,5.875,4.25],"tintindex":0,"rotation":0,"texture":"#0"},"west":{"uv":[7.375,9.625,7.625,9.875],"tintindex":0,"rotation":0,"texture":"#0"},"up":{"uv":[10.125,6.625,9.875,6.375],"tintindex":0,"rotation":0,"texture":"#0"},"down":{"uv":[10.25,4.375,10.0,4.625],"tintindex":0,"rotation":0,"texture":"#0"}}},{"from":[8.0,7.5,12.5],"to":[8.0,8.5,13.5],"faces":{"east":{"uv":[10.25,4.375,10.5,4.625],"tintindex":0,"rotation":0,"texture":"#0"},"west":{"uv":[10.5,4.375,10.25,4.625],"tintindex":0,"rotation":0,"texture":"#0"}},"rotation":{"origin":[8.0,8.0,13.0],"angle":-45.0,"axis":"x"}},{"from":[7.5,7.5,1.0],"to":[8.5,8.5,13.0],"faces":{"east":{"uv":[7.75,0.875,10.75,1.125],"tintindex":0,"rotation":0,"texture":"#0"},"south":{"uv":[3.0,10.375,3.25,10.625],"tintindex":0,"rotation":0,"texture":"#0"},"north":{"uv":[2.75,10.375,3.0,10.625],"tintindex":0,"rotation":0,"texture":"#0"},"west":{"uv":[7.75,1.125,10.75,1.375],"tintindex":0,"rotation":0,"texture":"#0"},"up":{"uv":[3.5,11.25,3.25,8.25],"tintindex":0,"rotation":0,"texture":"#0"},"down":{"uv":[3.75,8.25,3.5,11.25],"tintindex":0,"rotation":0,"texture":"#0"}}},{"from":[7.995,7.12,-11.880001],"to":[8.005,8.88,-10.119999],"faces":{"east":{"uv":[6.375,10.125,6.875,10.625],"tintindex":0,"rotation":0,"texture":"#0"},"south":{"uv":[0.0,15.875,0.125,16.0],"tintindex":0,"rotation":0,"texture":"#0"},"north":{"uv":[0.0,15.875,0.125,16.0],"tintindex":0,"rotation":0,"texture":"#0"},"west":{"uv":[6.875,10.125,6.375,10.625],"tintindex":0,"rotation":0,"texture":"#0"},"up":{"uv":[0.0,15.875,0.125,16.0],"tintindex":0,"rotation":0,"texture":"#0"},"down":{"uv":[0.0,15.875,0.125,16.0],"tintindex":0,"rotation":0,"texture":"#0"}},"rotation":{"origin":[8.0,8.0,-11.0],"angle":45.0,"axis":"x"}},{"from":[7.375,6.625,3.625],"to":[8.625,9.375,6.375],"faces":{"east":{"uv":[5.25,9.75,5.875,10.375],"tintindex":0,"rotation":0,"texture":"#0"},"south":{"uv":[4.25,10.25,4.5,10.875],"tintindex":0,"rotation":0,"texture":"#0"},"north":{"uv":[4.0,10.25,4.25,10.875],"tintindex":0,"rotation":0,"texture":"#0"},"west":{"uv":[9.875,5.75,10.5,6.375],"tintindex":0,"rotation":0,"texture":"#0"},"up":{"uv":[10.5,7.0,10.25,6.375],"tintindex":0,"rotation":0,"texture":"#0"},"down":{"uv":[10.5,7.0,10.25,7.625],"tintindex":0,"rotation":0,"texture":"#0"}},"rotation":{"origin":[8.0,8.0,5.0],"angle":-45.0,"axis":"x"}},{"from":[8.625,8.625,12.125],"to":[7.375,7.375,10.875],"faces":{"east":{"uv":[7.375,9.875,7.625,9.625],"tintindex":0,"rotation":0,"texture":"#0"},"south":{"uv":[5.625,4.25,5.875,4.0],"tintindex":0,"rotation":0,"texture":"#0"},"north":{"uv":[8.375,4.5,8.625,4.25],"tintindex":0,"rotation":0,"texture":"#0"},"west":{"uv":[2.5,7.875,2.75,7.625],"tintindex":0,"rotation":0,"texture":"#0"},"up":{"uv":[10.0,4.375,10.25,4.625],"tintindex":0,"rotation":0,"texture":"#0"},"down":{"uv":[9.875,6.625,10.125,6.375],"tintindex":0,"rotation":0,"texture":"#0"}}},{"from":[8.0,6.75,-11.0],"to":[8.0,9.25,5.0],"faces":{"east":{"uv":[0.0,0.0,4.0,0.625],"tintindex":0,"rotation":0,"texture":"#0"},"west":{"uv":[4.0,0.0,0.0,0.625],"tintindex":0,"rotation":0,"texture":"#0"}}},{"from":[7.495,7.6449995,0.645],"to":[8.505,8.3550005,1.355],"faces":{"east":{"uv":[3.0,2.375,3.125,2.5],"tintindex":0,"rotation":0,"texture":"#0"},"south":{"uv":[4.75,3.25,5.0,3.375],"tintindex":0,"rotation":0,"texture":"#0"},"north":{"uv":[4.0,1.125,4.25,1.25],"tintindex":0,"rotation":0,"texture":"#0"},"west":{"uv":[3.0,2.5,3.125,2.625],"tintindex":0,"rotation":0,"texture":"#0"},"up":{"uv":[5.25,3.375,5.0,3.25],"tintindex":0,"rotation":0,"texture":"#0"},"down":{"uv":[5.875,4.25,5.625,4.375],"tintindex":0,"rotation":0,"texture":"#0"}},"rotation":{"origin":[8.0,8.0,1.0],"angle":-45.0,"axis":"x"}}],"display":{"gui":{"rotation":[30,225,0]}}}