{"textures":{"0":"modelengine:entity/abyssal_knight"},"elements":[{"from":[5.75,4.75,7.75],"to":[10.25,10.25,10.25],"faces":{"east":{"uv":[4.0,10.25,3.75,10.875],"tintindex":0,"rotation":0,"texture":"#0"},"south":{"uv":[10.5,1.875,10.0,2.5],"tintindex":0,"rotation":0,"texture":"#0"},"north":{"uv":[10.375,9.625,9.875,10.25],"tintindex":0,"rotation":0,"texture":"#0"},"west":{"uv":[2.5,10.25,2.25,10.875],"tintindex":0,"rotation":0,"texture":"#0"},"up":{"uv":[6.5,1.75,7.0,1.5],"tintindex":0,"rotation":0,"texture":"#0"},"down":{"uv":[9.125,7.75,9.625,8.0],"tintindex":0,"rotation":0,"texture":"#0"}},"rotation":{"origin":[8.0,6.5,9.0],"angle":22.5,"axis":"x"}},{"from":[6.0,-2.0,5.0],"to":[10.0,8.0,9.0],"faces":{"east":{"uv":[8.125,8.625,7.625,9.875],"tintindex":0,"rotation":0,"texture":"#0"},"south":{"uv":[9.125,6.75,8.625,8.0],"tintindex":0,"rotation":0,"texture":"#0"},"north":{"uv":[7.625,8.375,7.125,9.625],"tintindex":0,"rotation":0,"texture":"#0"},"west":{"uv":[4.25,8.5,3.75,9.75],"tintindex":0,"rotation":0,"texture":"#0"},"up":{"uv":[10.125,0.5,10.625,0.0],"tintindex":0,"rotation":0,"texture":"#0"},"down":{"uv":[10.125,2.5,10.625,3.0],"tintindex":0,"rotation":0,"texture":"#0"}}}],"display":{"gui":{"rotation":[30,225,0]}}}