{"textures":{"0":"modelengine:entity/abyssal_knight"},"elements":[{"from":[5.5,-3.0,5.0],"to":[10.5,9.0,11.0],"faces":{"east":{"uv":[2.75,5.0,2.0,6.5],"tintindex":0,"rotation":0,"texture":"#0"},"south":{"uv":[1.875,6.5,1.25,8.0],"tintindex":0,"rotation":0,"texture":"#0"},"north":{"uv":[7.125,0.0,6.5,1.5],"tintindex":0,"rotation":0,"texture":"#0"},"west":{"uv":[2.0,5.0,1.25,6.5],"tintindex":0,"rotation":0,"texture":"#0"},"up":{"uv":[0.0,10.25,0.625,9.5],"tintindex":0,"rotation":0,"texture":"#0"},"down":{"uv":[0.625,9.5,1.25,10.25],"tintindex":0,"rotation":0,"texture":"#0"}}}],"display":{"gui":{"rotation":[30,225,0]}}}