{"textures":{"0":"modelengine:entity/abyssal_knight"},"elements":[{"from":[6.99,2.99,3.99],"to":[9.01,8.01,12.01],"faces":{"east":{"uv":[6.25,9.125,5.25,9.75],"tintindex":0,"rotation":0,"texture":"#0"},"south":{"uv":[10.0,10.25,9.75,10.875],"tintindex":0,"rotation":0,"texture":"#0"},"north":{"uv":[10.5,8.5,10.25,9.125],"tintindex":0,"rotation":0,"texture":"#0"},"west":{"uv":[5.25,9.125,4.25,9.75],"tintindex":0,"rotation":0,"texture":"#0"},"up":{"uv":[6.875,11.125,7.125,10.125],"tintindex":0,"rotation":0,"texture":"#0"},"down":{"uv":[0.5,10.25,0.75,11.25],"tintindex":0,"rotation":0,"texture":"#0"}}}],"display":{"gui":{"rotation":[30,225,0]}}}