{
  "textures": {
    "0": "modelengine:entity/hell_hound",
    "1": "modelengine:entity/arm_fire_a"
  },
  "elements": [
    {
      "from": [
        8,
        10.119711,
        -1.4675665
      ],
      "to": [
        8,
        20.11971,
        26.532433
      ],
      "faces": {
        "east": {
          "uv": [
            5.375,
            14,
            10,
            1.25
          ],
          "tintindex": 0,
          "rotation": 90,
          "texture": "#1"
        },
        "west": {
          "uv": [
            5.375,
            1.25,
            10,
            14
          ],
          "tintindex": 0,
          "rotation": 90,
          "texture": "#1"
        }
      },
      "rotation": {
        "origin": [
          8,
          12.619711,
          9.532433
        ],
        "angle": -22.5,
        "axis": "x"
      }
    },
    {
      "from": [
        10.5,
        11.151348,
        5.2209044
      ],
      "to": [
        10.5,
        15.151348,
        11.220903
      ],
      "faces": {
        "east": {
          "uv": [
            9.75,
            1,
            9,
            1.5
          ],
          "tintindex": 0,
          "rotation": 0,
          "texture": "#0"
        },
        "west": {
          "uv": [
            9,
            1,
            9.75,
            1.5
          ],
          "tintindex": 0,
          "rotation": 0,
          "texture": "#0"
        }
      },
      "rotation": {
        "origin": [
          10.5,
          13.151348,
          8.220904
        ],
        "angle": -45,
        "axis": "x"
      }
    },
    {
      "from": [
        6,
        5.2777243,
        -5.920417
      ],
      "to": [
        10,
        9.277725,
        1.0795832
      ],
      "faces": {
        "east": {
          "uv": [
            8.25,
            2.25,
            9.125,
            2.75
          ],
          "tintindex": 0,
          "rotation": 0,
          "texture": "#0"
        },
        "south": {
          "uv": [
            6.375,
            10,
            6.875,
            10.5
          ],
          "tintindex": 0,
          "rotation": 0,
          "texture": "#0"
        },
        "north": {
          "uv": [
            10,
            5.5,
            10.5,
            6
          ],
          "tintindex": 0,
          "rotation": 0,
          "texture": "#0"
        },
        "west": {
          "uv": [
            8.25,
            2.875,
            9.125,
            3.375
          ],
          "tintindex": 0,
          "rotation": 0,
          "texture": "#0"
        },
        "up": {
          "uv": [
            8.75,
            4.375,
            8.25,
            3.5
          ],
          "tintindex": 0,
          "rotation": 0,
          "texture": "#0"
        },
        "down": {
          "uv": [
            7.625,
            8.25,
            7.125,
            9.125
          ],
          "tintindex": 0,
          "rotation": 0,
          "texture": "#0"
        }
      },
      "rotation": {
        "origin": [
          8,
          7.277725,
          -2.4204168
        ],
        "angle": -22.5,
        "axis": "x"
      }
    },
    {
      "from": [
        4.5,
        4.2799015,
        0.11392307
      ],
      "to": [
        11.5,
        12.2799015,
        8.113923
      ],
      "faces": {
        "east": {
          "uv": [
            5.375,
            3.625,
            6.375,
            4.625
          ],
          "tintindex": 0,
          "rotation": 0,
          "texture": "#0"
        },
        "south": {
          "uv": [
            6.5,
            3.25,
            7.375,
            4.25
          ],
          "tintindex": 0,
          "rotation": 0,
          "texture": "#0"
        },
        "north": {
          "uv": [
            1,
            6.5,
            1.875,
            7.5
          ],
          "tintindex": 0,
          "rotation": 0,
          "texture": "#0"
        },
        "west": {
          "uv": [
            5.625,
            2.125,
            6.625,
            3.125
          ],
          "tintindex": 0,
          "rotation": 0,
          "texture": "#0"
        },
        "up": {
          "uv": [
            2.875,
            7.625,
            2,
            6.625
          ],
          "tintindex": 0,
          "rotation": 0,
          "texture": "#0"
        },
        "down": {
          "uv": [
            7.625,
            1.125,
            6.75,
            2.125
          ],
          "tintindex": 0,
          "rotation": 0,
          "texture": "#0"
        }
      }
    },
    {
      "from": [
        5.5,
        11.151348,
        5.2209044
      ],
      "to": [
        5.5,
        15.151348,
        11.220903
      ],
      "faces": {
        "east": {
          "uv": [
            9.75,
            1,
            9,
            1.5
          ],
          "tintindex": 0,
          "rotation": 0,
          "texture": "#0"
        },
        "west": {
          "uv": [
            9,
            1,
            9.75,
            1.5
          ],
          "tintindex": 0,
          "rotation": 0,
          "texture": "#0"
        }
      },
      "rotation": {
        "origin": [
          5.5,
          13.151348,
          8.220904
        ],
        "angle": -45,
        "axis": "x"
      }
    }
  ],
  "display": {
    "gui": {
      "rotation": [
        30,
        225,
        0
      ]
    }
  }
}