{
  "textures": {
    "0": "modelengine:entity/hell_hound"
  },
  "elements": [
    {
      "from": [
        10,
        6.25,
        0.5
      ],
      "to": [
        10,
        8.25,
        3.5
      ],
      "faces": {
        "east": {
          "uv": [
            10.625,
            10.875,
            10.25,
            11.125
          ],
          "tintindex": 0,
          "rotation": 0,
          "texture": "#0"
        },
        "west": {
          "uv": [
            10.25,
            10.875,
            10.625,
            11.125
          ],
          "tintindex": 0,
          "rotation": 0,
          "texture": "#0"
        }
      }
    },
    {
      "from": [
        5.5,
        6.25,
        3.5
      ],
      "to": [
        10.5,
        8.25,
        9.5
      ],
      "faces": {
        "east": {
          "uv": [
            5.625,
            3.25,
            6.375,
            3.5
          ],
          "tintindex": 0,
          "rotation": 0,
          "texture": "#0"
        },
        "south": {
          "uv": [
            10.625,
            1.25,
            11.25,
            1.5
          ],
          "tintindex": 0,
          "rotation": 0,
          "texture": "#0"
        },
        "north": {
          "uv": [
            10.5,
            7.375,
            11.125,
            7.625
          ],
          "tintindex": 0,
          "rotation": 0,
          "texture": "#0"
        },
        "west": {
          "uv": [
            10.25,
            2.75,
            11,
            3
          ],
          "tintindex": 0,
          "rotation": 0,
          "texture": "#0"
        },
        "up": {
          "uv": [
            8.75,
            5.875,
            8.125,
            5.125
          ],
          "tintindex": 0,
          "rotation": 0,
          "texture": "#0"
        },
        "down": {
          "uv": [
            6.25,
            8.125,
            5.625,
            8.875
          ],
          "tintindex": 0,
          "rotation": 0,
          "texture": "#0"
        }
      }
    },
    {
      "from": [
        8,
        6.25,
        0.5
      ],
      "to": [
        8,
        8.25,
        3.5
      ],
      "faces": {
        "east": {
          "uv": [
            10.625,
            10.875,
            10.25,
            11.125
          ],
          "tintindex": 0,
          "rotation": 0,
          "texture": "#0"
        },
        "west": {
          "uv": [
            10.25,
            10.875,
            10.625,
            11.125
          ],
          "tintindex": 0,
          "rotation": 0,
          "texture": "#0"
        }
      }
    },
    {
      "from": [
        6,
        6.25,
        0.5
      ],
      "to": [
        6,
        8.25,
        3.5
      ],
      "faces": {
        "east": {
          "uv": [
            10.625,
            10.875,
            10.25,
            11.125
          ],
          "tintindex": 0,
          "rotation": 0,
          "texture": "#0"
        },
        "west": {
          "uv": [
            10.25,
            10.875,
            10.625,
            11.125
          ],
          "tintindex": 0,
          "rotation": 0,
          "texture": "#0"
        }
      }
    }
  ],
  "display": {
    "gui": {
      "rotation": [
        30,
        225,
        0
      ]
    }
  }
}