{
  "textures": {
    "0": "modelengine:entity/hell_hound"
  },
  "elements": [
    {
      "from": [
        6.4839287,
        5.403839,
        6.794101
      ],
      "to": [
        9.483929,
        9.403839,
        13.794101
      ],
      "faces": {
        "east": {
          "uv": [
            1.5,
            8.75,
            0.625,
            9.25
          ],
          "tintindex": 0,
          "rotation": 0,
          "texture": "#0"
        },
        "south": {
          "uv": [
            1.375,
            10.375,
            1,
            10.875
          ],
          "tintindex": 0,
          "rotation": 0,
          "texture": "#0"
        },
        "north": {
          "uv": [
            0.875,
            10.375,
            0.5,
            10.875
          ],
          "tintindex": 0,
          "rotation": 0,
          "texture": "#0"
        },
        "west": {
          "uv": [
            9.125,
            4.5,
            8.25,
            5
          ],
          "tintindex": 0,
          "rotation": 0,
          "texture": "#0"
        },
        "up": {
          "uv": [
            9.375,
            0.875,
            9.75,
            0
          ],
          "tintindex": 0,
          "rotation": 0,
          "texture": "#0"
        },
        "down": {
          "uv": [
            0.5,
            9.375,
            0.875,
            10.25
          ],
          "tintindex": 0,
          "rotation": 0,
          "texture": "#0"
        }
      },
      "rotation": {
        "origin": [
          7.9839287,
          7.403839,
          10.294101
        ],
        "angle": 22.5,
        "axis": "x"
      }
    }
  ],
  "display": {
    "gui": {
      "rotation": [
        30,
        225,
        0
      ]
    }
  }
}