{
    "sources": [
        {
            "type": "single",
            "resource": "modelengine:entity/blaze_king"
        },
        {
            "type": "single",
            "resource": "modelengine:entity/head_fire_a"
        },
        {
            "type": "single",
            "resource": "modelengine:entity/arm_fire_a"
        },
        {
            "type": "single",
            "resource": "modelengine:entity/dark_imp"
        },
        {
            "type": "single",
            "resource": "modelengine:entity/fire_imp"
        },
        {
            "type": "single",
            "resource": "modelengine:entity/hell_hound"
        },
        {
            "type": "single",
            "resource": "modelengine:entity/lava_mite"
        },
        {
            "type": "single",
            "resource": "modelengine:entity/lava_piranha"
        },
        {
            "type": "single",
            "resource": "modelengine:entity/lost_soul"
        },
        {
            "type": "single",
            "resource": "modelengine:entity/nether_mushroom"
        }
    ]
}