{"textures":{"0":"modelengine:entity/hv_dig_bomb_vfx","particle":"#0"},"elements":[{"from":[24.5,28.5,24.5],"to":[-8.5,3.5,-8.5],"faces":{"east":{"uv":[5.909091,0.0,8.909091,2.2727273],"tintindex":0,"rotation":0,"texture":"#0"},"south":{"uv":[5.909091,2.2727273,8.909091,4.5454545],"tintindex":0,"rotation":0,"texture":"#0"},"north":{"uv":[3.0,5.818182,6.0,8.090909],"tintindex":0,"rotation":0,"texture":"#0"},"west":{"uv":[0.0,6.0,3.0,8.272728],"tintindex":0,"rotation":0,"texture":"#0"},"up":{"uv":[3.0,3.0,0.0,0.0],"tintindex":0,"rotation":0,"texture":"#0"},"down":{"uv":[3.0,3.0,0.0,6.0],"tintindex":0,"rotation":0,"texture":"#0"}}},{"from":[-8.0,4.0,-8.0],"to":[24.0,28.0,24.0],"faces":{"east":{"uv":[6.0,6.727273,8.909091,8.909091],"tintindex":0,"rotation":0,"texture":"#0"},"south":{"uv":[3.0,8.090909,5.909091,10.272728],"tintindex":0,"rotation":0,"texture":"#0"},"north":{"uv":[6.0,4.5454545,8.909091,6.727273],"tintindex":0,"rotation":0,"texture":"#0"},"west":{"uv":[0.0,8.272728,2.909091,10.454546],"tintindex":0,"rotation":0,"texture":"#0"},"up":{"uv":[5.909091,2.909091,3.0,0.0],"tintindex":0,"rotation":0,"texture":"#0"},"down":{"uv":[5.909091,2.909091,3.0,5.818182],"tintindex":0,"rotation":0,"texture":"#0"}}}],"display":{"head":{"rotation":[0.0,0.0,0.0]},"firstperson_righthand":{"rotation":[0.0,0.0,0.0]},"thirdperson_lefthand":{"rotation":[0.0,-0.0,-0.0]},"firstperson_lefthand":{"rotation":[0.0,-0.0,-0.0]},"fixed":{"rotation":[0.0,0.0,0.0]},"ground":{"rotation":[0.0,0.0,0.0]},"thirdperson_righthand":{"rotation":[0.0,0.0,0.0]},"gui":{"rotation":[-150.0,-45.0,180.0]}}}