{"textures":{"0":"modelengine:entity/hv_dig_bomb_vfx","particle":"#0"},"elements":[{"from":[5.0,8.0,5.0],"to":[5.75,14.0,5.75],"faces":{"east":{"uv":[5.909091,5.090909,6.0,5.636364],"tintindex":0,"rotation":0,"texture":"#0"},"south":{"uv":[5.909091,8.090909,6.0,8.636364],"tintindex":0,"rotation":0,"texture":"#0"},"north":{"uv":[5.909091,4.5454545,6.0,5.090909],"tintindex":0,"rotation":0,"texture":"#0"},"west":{"uv":[2.909091,8.272728,3.0,8.818182],"tintindex":0,"rotation":0,"texture":"#0"},"up":{"uv":[6.0,5.727273,5.909091,5.636364],"tintindex":0,"rotation":0,"texture":"#0"},"down":{"uv":[6.0,5.727273,5.909091,5.818182],"tintindex":0,"rotation":0,"texture":"#0"}}}],"display":{"head":{"rotation":[0.0,0.0,0.0]},"firstperson_righthand":{"rotation":[0.0,0.0,0.0]},"thirdperson_lefthand":{"rotation":[0.0,-0.0,-0.0]},"firstperson_lefthand":{"rotation":[0.0,-0.0,-0.0]},"fixed":{"rotation":[0.0,0.0,0.0]},"ground":{"rotation":[0.0,0.0,0.0]},"thirdperson_righthand":{"rotation":[0.0,0.0,0.0]},"gui":{"rotation":[-150.0,-45.0,180.0]}}}