{"textures":{"0":"modelengine:entity/hv_dig_bomb_vfx","particle":"#0"},"elements":[{"from":[5.0,8.0,5.0],"to":[5.75,14.0,5.75],"faces":{"east":{"uv":[6.3636365,13.272728,6.4545455,13.818182],"tintindex":0,"rotation":0,"texture":"#0"},"south":{"uv":[6.4545455,13.272728,6.545455,13.818182],"tintindex":0,"rotation":0,"texture":"#0"},"north":{"uv":[6.2727275,13.272728,6.3636365,13.818182],"tintindex":0,"rotation":0,"texture":"#0"},"west":{"uv":[13.272728,6.4545455,13.363637,7.0],"tintindex":0,"rotation":0,"texture":"#0"},"up":{"uv":[3.0,10.181818,2.909091,10.090909],"tintindex":0,"rotation":0,"texture":"#0"},"down":{"uv":[8.909091,10.090909,8.818182,10.181818],"tintindex":0,"rotation":0,"texture":"#0"}}}],"display":{"head":{"rotation":[0.0,0.0,0.0]},"firstperson_righthand":{"rotation":[0.0,0.0,0.0]},"thirdperson_lefthand":{"rotation":[0.0,-0.0,-0.0]},"firstperson_lefthand":{"rotation":[0.0,-0.0,-0.0]},"fixed":{"rotation":[0.0,0.0,0.0]},"ground":{"rotation":[0.0,0.0,0.0]},"thirdperson_righthand":{"rotation":[0.0,0.0,0.0]},"gui":{"rotation":[-150.0,-45.0,180.0]}}}