{"textures":{"0":"modelengine:entity/hv_dig_bomb_vfx","particle":"#0"},"elements":[{"from":[5.0,8.0,5.0],"to":[5.75,14.0,5.75],"faces":{"east":{"uv":[7.0,13.272728,7.0909095,13.818182],"tintindex":0,"rotation":0,"texture":"#0"},"south":{"uv":[13.272728,7.0,13.363637,7.545455],"tintindex":0,"rotation":0,"texture":"#0"},"north":{"uv":[6.909091,13.272728,7.0,13.818182],"tintindex":0,"rotation":0,"texture":"#0"},"west":{"uv":[7.0909095,13.272728,7.1818185,13.818182],"tintindex":0,"rotation":0,"texture":"#0"},"up":{"uv":[8.818182,11.545455,8.727273,11.454546],"tintindex":0,"rotation":0,"texture":"#0"},"down":{"uv":[8.818182,11.545455,8.727273,11.636364],"tintindex":0,"rotation":0,"texture":"#0"}}}],"display":{"head":{"rotation":[0.0,0.0,0.0]},"firstperson_righthand":{"rotation":[0.0,0.0,0.0]},"thirdperson_lefthand":{"rotation":[0.0,-0.0,-0.0]},"firstperson_lefthand":{"rotation":[0.0,-0.0,-0.0]},"fixed":{"rotation":[0.0,0.0,0.0]},"ground":{"rotation":[0.0,0.0,0.0]},"thirdperson_righthand":{"rotation":[0.0,0.0,0.0]},"gui":{"rotation":[-150.0,-45.0,180.0]}}}