{"textures":{"0":"modelengine:entity/hv_dig_bomb_vfx","particle":"#0"},"elements":[{"from":[-5.5,6.75,2.4081168],"to":[-5.5,9.25,13.591883],"faces":{"east":{"uv":[13.272728,3.1818182,15.272728,3.6363637],"tintindex":0,"rotation":0,"texture":"#0"},"west":{"uv":[13.272728,3.6363637,15.272728,4.090909],"tintindex":0,"rotation":0,"texture":"#0"}}},{"from":[2.4081168,6.75,-5.5],"to":[13.591883,9.25,-5.5],"faces":{"south":{"uv":[13.181819,10.636364,15.181819,11.090909],"tintindex":0,"rotation":0,"texture":"#0"},"north":{"uv":[13.181819,10.181818,15.181819,10.636364],"tintindex":0,"rotation":0,"texture":"#0"}},"rotation":{"origin":[8.0,8.25,8.0],"angle":45.0,"axis":"y"}},{"from":[21.5,6.75,2.4081168],"to":[21.5,9.25,13.591883],"faces":{"east":{"uv":[13.272728,4.090909,15.272728,4.5454545],"tintindex":0,"rotation":0,"texture":"#0"},"west":{"uv":[13.272728,4.5454545,15.272728,5.0],"tintindex":0,"rotation":0,"texture":"#0"}},"rotation":{"origin":[8.0,8.25,8.0],"angle":45.0,"axis":"y"}},{"from":[21.5,6.75,2.4081168],"to":[21.5,9.25,13.591883],"faces":{"east":{"uv":[13.272728,5.0,15.272728,5.4545455],"tintindex":0,"rotation":0,"texture":"#0"},"west":{"uv":[13.272728,5.4545455,15.272728,5.909091],"tintindex":0,"rotation":0,"texture":"#0"}}},{"from":[2.4081168,6.75,-5.5],"to":[13.591883,9.25,-5.5],"faces":{"south":{"uv":[13.272728,0.0,15.272728,0.45454547],"tintindex":0,"rotation":0,"texture":"#0"},"north":{"uv":[13.181819,11.090909,15.181819,11.545455],"tintindex":0,"rotation":0,"texture":"#0"}}},{"from":[-5.5,6.75,2.4081168],"to":[-5.5,9.25,13.591883],"faces":{"east":{"uv":[13.272728,2.2727273,15.272728,2.7272727],"tintindex":0,"rotation":0,"texture":"#0"},"west":{"uv":[13.272728,2.7272727,15.272728,3.1818182],"tintindex":0,"rotation":0,"texture":"#0"}},"rotation":{"origin":[8.0,8.25,8.0],"angle":45.0,"axis":"y"}},{"from":[2.4081168,6.75,21.5],"to":[13.591883,9.25,21.5],"faces":{"south":{"uv":[13.272728,0.90909094,15.272728,1.3636364],"tintindex":0,"rotation":0,"texture":"#0"},"north":{"uv":[13.272728,0.45454547,15.272728,0.90909094],"tintindex":0,"rotation":0,"texture":"#0"}},"rotation":{"origin":[8.0,8.25,8.0],"angle":45.0,"axis":"y"}},{"from":[2.4081168,6.75,21.5],"to":[13.591883,9.25,21.5],"faces":{"south":{"uv":[13.272728,1.8181819,15.272728,2.2727273],"tintindex":0,"rotation":0,"texture":"#0"},"north":{"uv":[13.272728,1.3636364,15.272728,1.8181819],"tintindex":0,"rotation":0,"texture":"#0"}}}],"display":{"head":{"rotation":[0.0,0.0,0.0]},"firstperson_righthand":{"rotation":[0.0,0.0,0.0]},"thirdperson_lefthand":{"rotation":[0.0,-0.0,-0.0]},"firstperson_lefthand":{"rotation":[0.0,-0.0,-0.0]},"fixed":{"rotation":[0.0,0.0,0.0]},"ground":{"rotation":[0.0,0.0,0.0]},"thirdperson_righthand":{"rotation":[0.0,0.0,0.0]},"gui":{"rotation":[-150.0,-45.0,180.0]}}}