{
  "textures": {
    "0": "modelengine:entity/dark_imp"
  },
  "elements": [
    {
      "from": [
        0,
        6.000001,
        0.5
      ],
      "to": [
        16,
        16,
        9.5
      ],
      "faces": {
        "east": {
          "uv": [
            2.625,
            6.375,
            3.75,
            7.625
          ],
          "tintindex": 0,
          "rotation": 0,
          "texture": "#0"
        },
        "south": {
          "uv": [
            0,
            1.375,
            2,
            2.625
          ],
          "tintindex": 0,
          "rotation": 0,
          "texture": "#0"
        },
        "north": {
          "uv": [
            0,
            0,
            2,
            1.25
          ],
          "tintindex": 0,
          "rotation": 0,
          "texture": "#0"
        },
        "west": {
          "uv": [
            3.875,
            6.375,
            5,
            7.625
          ],
          "tintindex": 0,
          "rotation": 0,
          "texture": "#0"
        },
        "up": {
          "uv": [
            4.125,
            1.125,
            2.125,
            0
          ],
          "tintindex": 0,
          "rotation": 0,
          "texture": "#0"
        },
        "down": {
          "uv": [
            4.125,
            1.25,
            2.125,
            2.375
          ],
          "tintindex": 0,
          "rotation": 0,
          "texture": "#0"
        }
      },
      "rotation": {
        "origin": [
          8,
          11,
          5
        ],
        "angle": -45,
        "axis": "x"
      }
    }
  ],
  "display": {
    "gui": {
      "rotation": [
        30,
        225,
        0
      ]
    }
  }
}