{
  "textures": {
    "0": "modelengine:entity/dark_imp"
  },
  "elements": [
    {
      "from": [
        4.1049995,
        -1.4256058,
        2.2612839
      ],
      "to": [
        13.105,
        9.574393,
        10.261284
      ],
      "faces": {
        "east": {
          "uv": [
            7.25,
            6.875,
            6.25,
            8.25
          ],
          "tintindex": 0,
          "rotation": 0,
          "texture": "#0"
        },
        "south": {
          "uv": [
            5.75,
            4.25,
            6.875,
            5.625
          ],
          "tintindex": 0,
          "rotation": 0,
          "texture": "#0"
        },
        "north": {
          "uv": [
            0,
            5.75,
            1.125,
            7.125
          ],
          "tintindex": 0,
          "rotation": 0,
          "texture": "#0"
        },
        "west": {
          "uv": [
            6.25,
            6.875,
            7.25,
            8.25
          ],
          "tintindex": 0,
          "rotation": 0,
          "texture": "#0"
        },
        "up": {
          "uv": [
            8.375,
            1,
            7.25,
            0
          ],
          "tintindex": 0,
          "rotation": 0,
          "texture": "#0"
        },
        "down": {
          "uv": [
            4.625,
            7.75,
            3.5,
            8.75
          ],
          "tintindex": 0,
          "rotation": 0,
          "texture": "#0"
        }
      },
      "rotation": {
        "origin": [
          8.605,
          4.0743933,
          6.261284
        ],
        "angle": 22.5,
        "axis": "x"
      }
    },
    {
      "from": [
        4.129999,
        -4.153695,
        -0.44928837
      ],
      "to": [
        13.08,
        3.846305,
        6.550712
      ],
      "faces": {
        "east": {
          "uv": [
            4.25,
            1.375,
            5.125,
            2.375
          ],
          "tintindex": 0,
          "rotation": 0,
          "texture": "#0"
        },
        "south": {
          "uv": [
            8,
            2.375,
            9.125,
            3.375
          ],
          "tintindex": 0,
          "rotation": 0,
          "texture": "#0"
        },
        "north": {
          "uv": [
            7.375,
            7.875,
            8.5,
            8.875
          ],
          "tintindex": 0,
          "rotation": 0,
          "texture": "#0"
        },
        "west": {
          "uv": [
            8.5,
            0,
            9.375,
            1
          ],
          "tintindex": 0,
          "rotation": 0,
          "texture": "#0"
        },
        "up": {
          "uv": [
            9.25,
            2,
            8.125,
            1.125
          ],
          "tintindex": 0,
          "rotation": 0,
          "texture": "#0"
        },
        "down": {
          "uv": [
            5.875,
            8.375,
            4.75,
            9.25
          ],
          "tintindex": 0,
          "rotation": 0,
          "texture": "#0"
        }
      },
      "rotation": {
        "origin": [
          8.605,
          -0.1536951,
          3.050712
        ],
        "angle": -22.5,
        "axis": "x"
      }
    }
  ],
  "display": {
    "gui": {
      "rotation": [
        30,
        225,
        0
      ]
    }
  }
}