{
  "textures": {
    "0": "modelengine:entity/dark_imp"
  },
  "elements": [
    {
      "from": [
        3.5333338,
        7.640729,
        2.723453
      ],
      "to": [
        6.533334,
        10.640729,
        8.7234535
      ],
      "faces": {
        "east": {
          "uv": [
            1.875,
            11.125,
            1.125,
            11.5
          ],
          "tintindex": 0,
          "rotation": 0,
          "texture": "#0"
        },
        "south": {
          "uv": [
            8.375,
            11.75,
            8,
            12.125
          ],
          "tintindex": 0,
          "rotation": 0,
          "texture": "#0"
        },
        "north": {
          "uv": [
            7.875,
            11.75,
            7.5,
            12.125
          ],
          "tintindex": 0,
          "rotation": 0,
          "texture": "#0"
        },
        "west": {
          "uv": [
            7.25,
            11,
            6.5,
            11.375
          ],
          "tintindex": 0,
          "rotation": 0,
          "texture": "#0"
        },
        "up": {
          "uv": [
            3.375,
            11.75,
            3.75,
            11
          ],
          "tintindex": 0,
          "rotation": 0,
          "texture": "#0"
        },
        "down": {
          "uv": [
            11.25,
            0.75,
            11.625,
            1.5
          ],
          "tintindex": 0,
          "rotation": 0,
          "texture": "#0"
        }
      },
      "rotation": {
        "origin": [
          5.033334,
          9.140729,
          5.723453
        ],
        "angle": 22.5,
        "axis": "x"
      }
    },
    {
      "from": [
        9.483334,
        7.640729,
        2.723453
      ],
      "to": [
        12.483334,
        10.640729,
        8.7234535
      ],
      "faces": {
        "east": {
          "uv": [
            1.875,
            11.125,
            1.125,
            11.5
          ],
          "tintindex": 0,
          "rotation": 0,
          "texture": "#0"
        },
        "south": {
          "uv": [
            8.375,
            11.75,
            8,
            12.125
          ],
          "tintindex": 0,
          "rotation": 0,
          "texture": "#0"
        },
        "north": {
          "uv": [
            7.875,
            11.75,
            7.5,
            12.125
          ],
          "tintindex": 0,
          "rotation": 0,
          "texture": "#0"
        },
        "west": {
          "uv": [
            7.25,
            11,
            6.5,
            11.375
          ],
          "tintindex": 0,
          "rotation": 0,
          "texture": "#0"
        },
        "up": {
          "uv": [
            3.375,
            11.75,
            3.75,
            11
          ],
          "tintindex": 0,
          "rotation": 0,
          "texture": "#0"
        },
        "down": {
          "uv": [
            11.25,
            0.75,
            11.625,
            1.5
          ],
          "tintindex": 0,
          "rotation": 0,
          "texture": "#0"
        }
      },
      "rotation": {
        "origin": [
          10.983334,
          9.140729,
          5.723453
        ],
        "angle": 22.5,
        "axis": "x"
      }
    },
    {
      "from": [
        10.983334,
        9.859272,
        0.27654696
      ],
      "to": [
        10.983334,
        12.859272,
        3.276547
      ],
      "faces": {
        "east": {
          "uv": [
            12.25,
            5.75,
            11.875,
            6.125
          ],
          "tintindex": 0,
          "rotation": 0,
          "texture": "#0"
        },
        "west": {
          "uv": [
            11.875,
            5.75,
            12.25,
            6.125
          ],
          "tintindex": 0,
          "rotation": 0,
          "texture": "#0"
        }
      },
      "rotation": {
        "origin": [
          10.983334,
          11.359272,
          1.776547
        ],
        "angle": 22.5,
        "axis": "x"
      }
    },
    {
      "from": [
        7.9833336,
        9.859272,
        0.27654696
      ],
      "to": [
        7.9833336,
        12.859272,
        3.276547
      ],
      "faces": {
        "east": {
          "uv": [
            12.25,
            5.75,
            11.875,
            6.125
          ],
          "tintindex": 0,
          "rotation": 0,
          "texture": "#0"
        },
        "west": {
          "uv": [
            11.875,
            5.75,
            12.25,
            6.125
          ],
          "tintindex": 0,
          "rotation": 0,
          "texture": "#0"
        }
      },
      "rotation": {
        "origin": [
          7.9833336,
          11.359272,
          1.776547
        ],
        "angle": 22.5,
        "axis": "x"
      }
    },
    {
      "from": [
        6.4833336,
        7.640729,
        2.723453
      ],
      "to": [
        9.483334,
        10.640729,
        8.7234535
      ],
      "faces": {
        "east": {
          "uv": [
            1.875,
            11.125,
            1.125,
            11.5
          ],
          "tintindex": 0,
          "rotation": 0,
          "texture": "#0"
        },
        "south": {
          "uv": [
            8.375,
            11.75,
            8,
            12.125
          ],
          "tintindex": 0,
          "rotation": 0,
          "texture": "#0"
        },
        "north": {
          "uv": [
            7.875,
            11.75,
            7.5,
            12.125
          ],
          "tintindex": 0,
          "rotation": 0,
          "texture": "#0"
        },
        "west": {
          "uv": [
            7.25,
            11,
            6.5,
            11.375
          ],
          "tintindex": 0,
          "rotation": 0,
          "texture": "#0"
        },
        "up": {
          "uv": [
            3.375,
            11.75,
            3.75,
            11
          ],
          "tintindex": 0,
          "rotation": 0,
          "texture": "#0"
        },
        "down": {
          "uv": [
            11.25,
            0.75,
            11.625,
            1.5
          ],
          "tintindex": 0,
          "rotation": 0,
          "texture": "#0"
        }
      },
      "rotation": {
        "origin": [
          7.9833336,
          9.140729,
          5.723453
        ],
        "angle": 22.5,
        "axis": "x"
      }
    },
    {
      "from": [
        5.033334,
        9.859272,
        0.27654696
      ],
      "to": [
        5.033334,
        12.859272,
        3.276547
      ],
      "faces": {
        "east": {
          "uv": [
            12.25,
            5.75,
            11.875,
            6.125
          ],
          "tintindex": 0,
          "rotation": 0,
          "texture": "#0"
        },
        "west": {
          "uv": [
            11.875,
            5.75,
            12.25,
            6.125
          ],
          "tintindex": 0,
          "rotation": 0,
          "texture": "#0"
        }
      },
      "rotation": {
        "origin": [
          5.033334,
          11.359272,
          1.776547
        ],
        "angle": 22.5,
        "axis": "x"
      }
    }
  ],
  "display": {
    "gui": {
      "rotation": [
        30,
        225,
        0
      ]
    }
  }
}