{
  "textures": {
    "0": "modelengine:entity/dark_imp"
  },
  "elements": [
    {
      "from": [
        6.5,
        7.120226,
        7.826689
      ],
      "to": [
        9.5,
        16.120226,
        10.826689
      ],
      "faces": {
        "east": {
          "uv": [
            1.5,
            9.875,
            1.875,
            11
          ],
          "tintindex": 0,
          "rotation": 0,
          "texture": "#0"
        },
        "south": {
          "uv": [
            10.125,
            8.875,
            10.5,
            10
          ],
          "tintindex": 0,
          "rotation": 0,
          "texture": "#0"
        },
        "north": {
          "uv": [
            1.625,
            2.75,
            2,
            3.875
          ],
          "tintindex": 0,
          "rotation": 0,
          "texture": "#0"
        },
        "west": {
          "uv": [
            9.5,
            10.125,
            9.875,
            11.25
          ],
          "tintindex": 0,
          "rotation": 0,
          "texture": "#0"
        },
        "up": {
          "uv": [
            12.125,
            1.5,
            11.75,
            1.125
          ],
          "tintindex": 0,
          "rotation": 0,
          "texture": "#0"
        },
        "down": {
          "uv": [
            5.75,
            11.75,
            5.375,
            12.125
          ],
          "tintindex": 0,
          "rotation": 0,
          "texture": "#0"
        }
      },
      "rotation": {
        "origin": [
          8,
          11.620226,
          9.326689
        ],
        "angle": 22.5,
        "axis": "x"
      }
    }
  ],
  "display": {
    "gui": {
      "rotation": [
        30,
        225,
        0
      ]
    }
  }
}