{
  "textures": {
    "0": "modelengine:entity/dark_imp"
  },
  "elements": [
    {
      "from": [
        8,
        4.796337,
        10.898197
      ],
      "to": [
        8,
        16.796337,
        22.898197
      ],
      "faces": {
        "east": {
          "uv": [
            1.5,
            2.75,
            0,
            4.25
          ],
          "tintindex": 0,
          "rotation": 0,
          "texture": "#0"
        },
        "west": {
          "uv": [
            0,
            2.75,
            1.5,
            4.25
          ],
          "tintindex": 0,
          "rotation": 0,
          "texture": "#0"
        }
      },
      "rotation": {
        "origin": [
          8,
          10.796337,
          16.898197
        ],
        "angle": -22.5,
        "axis": "x"
      }
    },
    {
      "from": [
        6.525,
        7.703661,
        7.101803
      ],
      "to": [
        9.475,
        10.703661,
        16.101803
      ],
      "faces": {
        "east": {
          "uv": [
            10,
            10.125,
            11.125,
            10.5
          ],
          "tintindex": 0,
          "rotation": 0,
          "texture": "#0"
        },
        "south": {
          "uv": [
            11.75,
            6.375,
            12.125,
            6.75
          ],
          "tintindex": 0,
          "rotation": 0,
          "texture": "#0"
        },
        "north": {
          "uv": [
            5.875,
            11.75,
            6.25,
            12.125
          ],
          "tintindex": 0,
          "rotation": 0,
          "texture": "#0"
        },
        "west": {
          "uv": [
            0,
            10.375,
            1.125,
            10.75
          ],
          "tintindex": 0,
          "rotation": 0,
          "texture": "#0"
        },
        "up": {
          "uv": [
            6.375,
            11.625,
            6,
            10.5
          ],
          "tintindex": 0,
          "rotation": 0,
          "texture": "#0"
        },
        "down": {
          "uv": [
            4.75,
            10.625,
            4.375,
            11.75
          ],
          "tintindex": 0,
          "rotation": 0,
          "texture": "#0"
        }
      },
      "rotation": {
        "origin": [
          8,
          9.203661,
          11.601803
        ],
        "angle": -22.5,
        "axis": "x"
      }
    }
  ],
  "display": {
    "gui": {
      "rotation": [
        30,
        225,
        0
      ]
    }
  }
}