{"textures":{"0":"modelengine:entity/fire_imp","particle":"#0"},"elements":[{"from":[7.0,6.6704965,1.039587],"to":[9.0,7.6704965,7.039587],"faces":{"east":{"uv":[7.625,1.375,6.875,1.5],"tintindex":0,"rotation":0,"texture":"#0"},"south":{"uv":[6.0,4.25,5.75,4.375],"tintindex":0,"rotation":0,"texture":"#0"},"north":{"uv":[5.375,4.5,5.125,4.625],"tintindex":0,"rotation":0,"texture":"#0"},"west":{"uv":[7.5,4.0,6.75,4.125],"tintindex":0,"rotation":0,"texture":"#0"},"up":{"uv":[5.5,6.375,5.75,5.625],"tintindex":0,"rotation":0,"texture":"#0"},"down":{"uv":[1.25,5.75,1.5,6.5],"tintindex":0,"rotation":0,"texture":"#0"}},"rotation":{"origin":[9.975,15.791786,14.453044],"angle":-22.5,"axis":"x"}},{"from":[7.0,7.6704965,4.039587],"to":[9.0,11.670497,7.039587],"faces":{"east":{"uv":[5.375,5.625,5.0,6.125],"tintindex":0,"rotation":0,"texture":"#0"},"south":{"uv":[7.0,6.75,6.75,7.25],"tintindex":0,"rotation":0,"texture":"#0"},"north":{"uv":[1.875,6.75,1.625,7.25],"tintindex":0,"rotation":0,"texture":"#0"},"west":{"uv":[6.0,4.5,5.625,5.0],"tintindex":0,"rotation":0,"texture":"#0"},"up":{"uv":[4.125,3.125,4.375,2.75],"tintindex":0,"rotation":0,"texture":"#0"},"down":{"uv":[6.875,6.25,7.125,6.625],"tintindex":0,"rotation":0,"texture":"#0"}},"rotation":{"origin":[9.975,15.791786,14.453044],"angle":-22.5,"axis":"x"}},{"from":[7.0,6.6704965,-0.960413],"to":[7.0,7.6704965,1.039587],"faces":{"east":{"uv":[2.125,7.5,1.875,7.625],"tintindex":0,"rotation":0,"texture":"#0"},"west":{"uv":[1.875,7.5,2.125,7.625],"tintindex":0,"rotation":0,"texture":"#0"}},"rotation":{"origin":[9.975,15.791786,14.453044],"angle":-22.5,"axis":"x"}},{"from":[9.0,6.6704965,-0.960413],"to":[9.0,7.6704965,1.039587],"faces":{"east":{"uv":[2.125,7.5,1.875,7.625],"tintindex":0,"rotation":0,"texture":"#0"},"west":{"uv":[1.875,7.5,2.125,7.625],"tintindex":0,"rotation":0,"texture":"#0"}},"rotation":{"origin":[9.975,15.791786,14.453044],"angle":-22.5,"axis":"x"}},{"from":[8.0,6.6704965,-0.960413],"to":[8.0,7.6704965,1.039587],"faces":{"east":{"uv":[2.125,7.5,1.875,7.625],"tintindex":0,"rotation":0,"texture":"#0"},"west":{"uv":[1.875,7.5,2.125,7.625],"tintindex":0,"rotation":0,"texture":"#0"}},"rotation":{"origin":[9.975,15.791786,14.453044],"angle":-22.5,"axis":"x"}}],"display":{"head":{"rotation":[0.0,0.0,0.0]},"firstperson_righthand":{"rotation":[0.0,0.0,0.0]},"thirdperson_lefthand":{"rotation":[0.0,-0.0,-0.0]},"firstperson_lefthand":{"rotation":[0.0,-0.0,-0.0]},"fixed":{"rotation":[0.0,0.0,0.0]},"ground":{"rotation":[0.0,0.0,0.0]},"thirdperson_righthand":{"rotation":[0.0,0.0,0.0]},"gui":{"rotation":[-150.0,-45.0,180.0]}}}