{"textures":{"0":"modelengine:entity/fire_imp","particle":"#0"},"elements":[{"from":[8.408385,4.3382864,6.99375],"to":[16.408386,6.3382874,9.01875],"faces":{"east":{"uv":[7.625,2.375,7.375,2.625],"tintindex":0,"rotation":0,"texture":"#0"},"south":{"uv":[5.625,5.25,4.625,5.5],"tintindex":0,"rotation":0,"texture":"#0"},"north":{"uv":[4.625,5.25,5.625,5.5],"tintindex":0,"rotation":0,"texture":"#0"},"west":{"uv":[7.625,2.0,7.375,2.25],"tintindex":0,"rotation":0,"texture":"#0"},"up":{"uv":[5.375,2.875,6.375,2.625],"tintindex":0,"rotation":0,"texture":"#0"},"down":{"uv":[5.375,3.0,6.375,3.25],"tintindex":0,"rotation":0,"texture":"#0"}},"rotation":{"origin":[5.2384815,5.3087797,10.217546],"angle":45.0,"axis":"z"}},{"from":[8.054475,0.11679649,7.99375],"to":[13.054475,12.1167965,7.99375],"faces":{"south":{"uv":[3.0,0.0,3.625,1.5],"tintindex":0,"rotation":0,"texture":"#0"},"north":{"uv":[3.625,0.0,3.0,1.5],"tintindex":0,"rotation":0,"texture":"#0"}}}],"display":{"head":{"rotation":[0.0,0.0,0.0]},"firstperson_righthand":{"rotation":[0.0,0.0,0.0]},"thirdperson_lefthand":{"rotation":[0.0,-0.0,-0.0]},"firstperson_lefthand":{"rotation":[0.0,-0.0,-0.0]},"fixed":{"rotation":[0.0,0.0,0.0]},"ground":{"rotation":[0.0,0.0,0.0]},"thirdperson_righthand":{"rotation":[0.0,0.0,0.0]},"gui":{"rotation":[-150.0,-45.0,180.0]}}}