{"textures":{"0":"modelengine:entity/fire_imp","particle":"#0"},"elements":[{"from":[7.5,9.0821,8.415787],"to":[8.5,13.082099,10.415787],"faces":{"east":{"uv":[6.875,5.625,7.125,6.125],"tintindex":0,"rotation":0,"texture":"#0"},"south":{"uv":[1.375,7.0,1.5,7.5],"tintindex":0,"rotation":0,"texture":"#0"},"north":{"uv":[1.0,5.875,1.125,6.375],"tintindex":0,"rotation":0,"texture":"#0"},"west":{"uv":[1.0,7.0,1.25,7.5],"tintindex":0,"rotation":0,"texture":"#0"},"up":{"uv":[2.75,6.25,2.625,6.0],"tintindex":0,"rotation":0,"texture":"#0"},"down":{"uv":[5.625,7.375,5.5,7.625],"tintindex":0,"rotation":0,"texture":"#0"}},"rotation":{"origin":[8.0,12.244978,5.5087347],"angle":22.5,"axis":"x"}}],"display":{"head":{"rotation":[0.0,0.0,0.0]},"firstperson_righthand":{"rotation":[0.0,0.0,0.0]},"thirdperson_lefthand":{"rotation":[0.0,-0.0,-0.0]},"firstperson_lefthand":{"rotation":[0.0,-0.0,-0.0]},"fixed":{"rotation":[0.0,0.0,0.0]},"ground":{"rotation":[0.0,0.0,0.0]},"thirdperson_righthand":{"rotation":[0.0,0.0,0.0]},"gui":{"rotation":[-150.0,-45.0,180.0]}}}