{"textures":{"0":"modelengine:entity/fire_imp","particle":"#0"},"elements":[{"from":[7.0,6.052498,9.708572],"to":[9.0,8.052498,13.708572],"faces":{"east":{"uv":[0.0,6.875,0.5,7.125],"tintindex":0,"rotation":0,"texture":"#0"},"south":{"uv":[7.25,5.375,7.5,5.625],"tintindex":0,"rotation":0,"texture":"#0"},"north":{"uv":[7.25,5.0,7.5,5.25],"tintindex":0,"rotation":0,"texture":"#0"},"west":{"uv":[6.875,1.0,7.375,1.25],"tintindex":0,"rotation":0,"texture":"#0"},"up":{"uv":[0.875,7.375,0.625,6.875],"tintindex":0,"rotation":0,"texture":"#0"},"down":{"uv":[2.875,6.875,2.625,7.375],"tintindex":0,"rotation":0,"texture":"#0"}},"rotation":{"origin":[8.0,12.043803,11.629948],"angle":22.5,"axis":"x"}}],"display":{"head":{"rotation":[0.0,0.0,0.0]},"firstperson_righthand":{"rotation":[0.0,0.0,0.0]},"thirdperson_lefthand":{"rotation":[0.0,-0.0,-0.0]},"firstperson_lefthand":{"rotation":[0.0,-0.0,-0.0]},"fixed":{"rotation":[0.0,0.0,0.0]},"ground":{"rotation":[0.0,0.0,0.0]},"thirdperson_righthand":{"rotation":[0.0,0.0,0.0]},"gui":{"rotation":[-150.0,-45.0,180.0]}}}