{"textures":{"0":"modelengine:entity/fire_imp","particle":"#0"},"elements":[{"from":[5.0,8.0,6.0],"to":[11.0,12.0,10.0],"faces":{"east":{"uv":[0.625,5.25,1.125,5.75],"tintindex":0,"rotation":0,"texture":"#0"},"south":{"uv":[4.25,4.125,5.0,4.625],"tintindex":0,"rotation":0,"texture":"#0"},"north":{"uv":[3.375,4.125,4.125,4.625],"tintindex":0,"rotation":0,"texture":"#0"},"west":{"uv":[2.875,5.25,3.375,5.75],"tintindex":0,"rotation":0,"texture":"#0"},"up":{"uv":[3.25,5.0,2.5,4.5],"tintindex":0,"rotation":0,"texture":"#0"},"down":{"uv":[5.25,2.75,4.5,3.25],"tintindex":0,"rotation":0,"texture":"#0"}}}],"display":{"head":{"rotation":[0.0,0.0,0.0]},"firstperson_righthand":{"rotation":[0.0,0.0,0.0]},"thirdperson_lefthand":{"rotation":[0.0,-0.0,-0.0]},"firstperson_lefthand":{"rotation":[0.0,-0.0,-0.0]},"fixed":{"rotation":[0.0,0.0,0.0]},"ground":{"rotation":[0.0,0.0,0.0]},"thirdperson_righthand":{"rotation":[0.0,0.0,0.0]},"gui":{"rotation":[-150.0,-45.0,180.0]}}}