{
  "textures": {
    "0": "modelengine:entity/hell_hound"
  },
  "elements": [
    {
      "from": [
        6.54375,
        4.3435936,
        6.57681
      ],
      "to": [
        9.54375,
        8.343594,
        9.57681
      ],
      "faces": {
        "east": {
          "uv": [
            8.5,
            10.25,
            8.875,
            10.75
          ],
          "tintindex": 0,
          "rotation": 0,
          "texture": "#0"
        },
        "south": {
          "uv": [
            9.75,
            10.25,
            10.125,
            10.75
          ],
          "tintindex": 0,
          "rotation": 0,
          "texture": "#0"
        },
        "north": {
          "uv": [
            8,
            10.25,
            8.375,
            10.75
          ],
          "tintindex": 0,
          "rotation": 0,
          "texture": "#0"
        },
        "west": {
          "uv": [
            10.25,
            10.25,
            10.625,
            10.75
          ],
          "tintindex": 0,
          "rotation": 0,
          "texture": "#0"
        },
        "up": {
          "uv": [
            11.25,
            4.25,
            10.875,
            3.875
          ],
          "tintindex": 0,
          "rotation": 0,
          "texture": "#0"
        },
        "down": {
          "uv": [
            4.75,
            10.875,
            4.375,
            11.25
          ],
          "tintindex": 0,
          "rotation": 0,
          "texture": "#0"
        }
      }
    }
  ],
  "display": {
    "gui": {
      "rotation": [
        30,
        225,
        0
      ]
    }
  }
}