{
  "textures": {
    "0": "modelengine:entity/hell_hound"
  },
  "elements": [
    {
      "from": [
        3,
        5.894271,
        4.4649277
      ],
      "to": [
        13,
        16.894272,
        4.4649277
      ],
      "faces": {
        "south": {
          "uv": [
            1.25,
            2.5,
            0,
            3.875
          ],
          "tintindex": 0,
          "rotation": 0,
          "texture": "#0"
        },
        "north": {
          "uv": [
            0,
            2.5,
            1.25,
            3.875
          ],
          "tintindex": 0,
          "rotation": 0,
          "texture": "#0"
        }
      },
      "rotation": {
        "origin": [
          8,
          11.394271,
          4.4649277
        ],
        "angle": 45,
        "axis": "x"
      }
    },
    {
      "from": [
        4,
        6.894271,
        3.4649277
      ],
      "to": [
        12,
        15.894271,
        5.4649277
      ],
      "faces": {
        "east": {
          "uv": [
            3.5,
            9.875,
            3.75,
            11
          ],
          "tintindex": 0,
          "rotation": 0,
          "texture": "#0"
        },
        "south": {
          "uv": [
            1.25,
            5.25,
            2.25,
            6.375
          ],
          "tintindex": 0,
          "rotation": 0,
          "texture": "#0"
        },
        "north": {
          "uv": [
            5.25,
            0,
            6.25,
            1.125
          ],
          "tintindex": 0,
          "rotation": 0,
          "texture": "#0"
        },
        "west": {
          "uv": [
            10,
            3.25,
            10.25,
            4.375
          ],
          "tintindex": 0,
          "rotation": 0,
          "texture": "#0"
        },
        "up": {
          "uv": [
            11,
            8,
            10,
            7.75
          ],
          "tintindex": 0,
          "rotation": 0,
          "texture": "#0"
        },
        "down": {
          "uv": [
            11,
            8.125,
            10,
            8.375
          ],
          "tintindex": 0,
          "rotation": 0,
          "texture": "#0"
        }
      },
      "rotation": {
        "origin": [
          8,
          11.394271,
          4.4649277
        ],
        "angle": 45,
        "axis": "x"
      }
    },
    {
      "from": [
        4.5125,
        7.040717,
        1.3184805
      ],
      "to": [
        11.4875,
        15.040717,
        8.3184805
      ],
      "faces": {
        "east": {
          "uv": [
            5.375,
            5.875,
            6.25,
            6.875
          ],
          "tintindex": 0,
          "rotation": 0,
          "texture": "#0"
        },
        "south": {
          "uv": [
            6.375,
            0,
            7.25,
            1
          ],
          "tintindex": 0,
          "rotation": 0,
          "texture": "#0"
        },
        "north": {
          "uv": [
            5.75,
            4.75,
            6.625,
            5.75
          ],
          "tintindex": 0,
          "rotation": 0,
          "texture": "#0"
        },
        "west": {
          "uv": [
            6.375,
            5.875,
            7.25,
            6.875
          ],
          "tintindex": 0,
          "rotation": 0,
          "texture": "#0"
        },
        "up": {
          "uv": [
            0.875,
            7.75,
            0,
            6.875
          ],
          "tintindex": 0,
          "rotation": 0,
          "texture": "#0"
        },
        "down": {
          "uv": [
            5.25,
            6.875,
            4.375,
            7.75
          ],
          "tintindex": 0,
          "rotation": 0,
          "texture": "#0"
        }
      },
      "rotation": {
        "origin": [
          8,
          11.040717,
          4.8184805
        ],
        "angle": 45,
        "axis": "x"
      }
    }
  ],
  "display": {
    "gui": {
      "rotation": [
        30,
        225,
        0
      ]
    }
  }
}