{"textures":{"0":"modelengine:entity/abyssal_charge"},"elements":[{"from":[-8.0,8.0,-8.0],"to":[8.0,8.0,8.0],"faces":{"up":{"uv":[16.0,2.0,14.0,0.0],"tintindex":0,"rotation":90,"texture":"#0"},"down":{"uv":[16.0,0.0,14.0,2.0],"tintindex":0,"rotation":270,"texture":"#0"}}},{"from":[8.0,8.0,-8.0],"to":[24.0,8.0,8.0],"faces":{"up":{"uv":[16.0,2.0,14.0,0.0],"tintindex":0,"rotation":180,"texture":"#0"},"down":{"uv":[16.0,0.0,14.0,2.0],"tintindex":0,"rotation":180,"texture":"#0"}}},{"from":[-8.0,8.0,8.0],"to":[8.0,8.0,24.0],"faces":{"up":{"uv":[16.0,2.0,14.0,0.0],"tintindex":0,"rotation":0,"texture":"#0"},"down":{"uv":[16.0,0.0,14.0,2.0],"tintindex":0,"rotation":0,"texture":"#0"}}},{"from":[8.0,8.0,8.0],"to":[24.0,8.0,24.0],"faces":{"up":{"uv":[16.0,2.0,14.0,0.0],"tintindex":0,"rotation":270,"texture":"#0"},"down":{"uv":[16.0,0.0,14.0,2.0],"tintindex":0,"rotation":90,"texture":"#0"}}}],"display":{"gui":{"rotation":[30,225,0]}}}