{"textures":{"0":"modelengine:entity/abyssal_knight","particle":"#0"},"elements":[{"from":[8.0,8.0,-4.0],"to":[8.0,24.0,20.0],"faces":{"east":{"uv":[10.25,13.0,7.25,15.0],"tintindex":0,"rotation":0,"texture":"#0"},"south":{"uv":[16.0,15.875,15.875,16.0],"tintindex":0,"rotation":0,"texture":"#0"},"north":{"uv":[16.0,15.875,15.875,16.0],"tintindex":0,"rotation":0,"texture":"#0"},"west":{"uv":[10.25,13.0,7.25,15.0],"tintindex":0,"rotation":0,"texture":"#0"},"up":{"uv":[16.0,15.875,15.875,16.0],"tintindex":0,"rotation":0,"texture":"#0"},"down":{"uv":[16.0,15.875,15.875,16.0],"tintindex":0,"rotation":0,"texture":"#0"}}}],"display":{"head":{"rotation":[0.0,0.0,0.0]},"firstperson_righthand":{"rotation":[0.0,0.0,0.0]},"thirdperson_lefthand":{"rotation":[0.0,-0.0,-0.0]},"firstperson_lefthand":{"rotation":[0.0,-0.0,-0.0]},"fixed":{"rotation":[0.0,0.0,0.0]},"ground":{"rotation":[0.0,0.0,0.0]},"thirdperson_righthand":{"rotation":[0.0,0.0,0.0]},"gui":{"rotation":[-150.0,-45.0,180.0]}}}