{"textures":{"0":"modelengine:entity/abyssal_knight","particle":"#0"},"elements":[{"from":[7.0,-4.0,6.5],"to":[9.0,8.0,9.5],"faces":{"east":{"uv":[1.875,8.75,2.25,10.25],"tintindex":0,"rotation":0,"texture":"#0"},"south":{"uv":[7.125,9.625,7.375,11.125],"tintindex":0,"rotation":0,"texture":"#0"},"north":{"uv":[8.875,9.25,9.125,10.75],"tintindex":0,"rotation":0,"texture":"#0"},"west":{"uv":[2.25,8.75,2.625,10.25],"tintindex":0,"rotation":0,"texture":"#0"},"up":{"uv":[3.0,2.75,2.75,2.375],"tintindex":0,"rotation":0,"texture":"#0"},"down":{"uv":[5.625,3.0,5.375,3.375],"tintindex":0,"rotation":0,"texture":"#0"}}}],"display":{"head":{"rotation":[0.0,0.0,0.0]},"firstperson_righthand":{"rotation":[0.0,0.0,0.0]},"thirdperson_lefthand":{"rotation":[0.0,-0.0,-0.0]},"firstperson_lefthand":{"rotation":[0.0,-0.0,-0.0]},"fixed":{"rotation":[0.0,0.0,0.0]},"ground":{"rotation":[0.0,0.0,0.0]},"thirdperson_righthand":{"rotation":[0.0,0.0,0.0]},"gui":{"rotation":[-150.0,-45.0,180.0]}}}