{"textures":{"0":"modelengine:entity/abyssal_knight","particle":"#0"},"elements":[{"from":[6.99,2.99,3.99],"to":[9.01,8.01,12.01],"faces":{"east":{"uv":[4.25,9.125,5.25,9.75],"tintindex":0,"rotation":0,"texture":"#0"},"south":{"uv":[9.75,10.25,10.0,10.875],"tintindex":0,"rotation":0,"texture":"#0"},"north":{"uv":[10.25,8.5,10.5,9.125],"tintindex":0,"rotation":0,"texture":"#0"},"west":{"uv":[5.25,9.125,6.25,9.75],"tintindex":0,"rotation":0,"texture":"#0"},"up":{"uv":[7.125,11.125,6.875,10.125],"tintindex":0,"rotation":0,"texture":"#0"},"down":{"uv":[0.75,10.25,0.5,11.25],"tintindex":0,"rotation":0,"texture":"#0"}}}],"display":{"head":{"rotation":[0.0,0.0,0.0]},"firstperson_righthand":{"rotation":[0.0,0.0,0.0]},"thirdperson_lefthand":{"rotation":[0.0,-0.0,-0.0]},"firstperson_lefthand":{"rotation":[0.0,-0.0,-0.0]},"fixed":{"rotation":[0.0,0.0,0.0]},"ground":{"rotation":[0.0,0.0,0.0]},"thirdperson_righthand":{"rotation":[0.0,0.0,0.0]},"gui":{"rotation":[-150.0,-45.0,180.0]}}}