{"textures":{"0":"modelengine:entity/abyssal_knight","particle":"#0"},"elements":[{"from":[7.5,0.0,5.5],"to":[12.5,11.0,10.5],"faces":{"east":{"uv":[7.0,1.5,7.625,2.875],"tintindex":0,"rotation":0,"texture":"#0"},"south":{"uv":[7.125,0.0,7.75,1.375],"tintindex":0,"rotation":0,"texture":"#0"},"north":{"uv":[1.875,6.5,2.5,7.875],"tintindex":0,"rotation":0,"texture":"#0"},"west":{"uv":[3.75,7.125,4.375,8.5],"tintindex":0,"rotation":0,"texture":"#0"},"up":{"uv":[3.25,10.375,2.625,9.75],"tintindex":0,"rotation":0,"texture":"#0"},"down":{"uv":[5.25,9.75,4.625,10.375],"tintindex":0,"rotation":0,"texture":"#0"}}},{"from":[9.5,5.5,5.0],"to":[13.5,12.5,11.0],"faces":{"east":{"uv":[0.0,8.625,0.75,9.5],"tintindex":0,"rotation":0,"texture":"#0"},"south":{"uv":[9.5,3.875,10.0,4.75],"tintindex":0,"rotation":0,"texture":"#0"},"north":{"uv":[1.25,9.5,1.75,10.375],"tintindex":0,"rotation":0,"texture":"#0"},"west":{"uv":[8.625,0.0,9.375,0.875],"tintindex":0,"rotation":0,"texture":"#0"},"up":{"uv":[6.375,10.5,5.875,9.75],"tintindex":0,"rotation":0,"texture":"#0"},"down":{"uv":[7.875,9.875,7.375,10.625],"tintindex":0,"rotation":0,"texture":"#0"}},"rotation":{"origin":[11.0,9.0,8.0],"angle":22.5,"axis":"z"}}],"display":{"head":{"rotation":[0.0,0.0,0.0]},"firstperson_righthand":{"rotation":[0.0,0.0,0.0]},"thirdperson_lefthand":{"rotation":[0.0,-0.0,-0.0]},"firstperson_lefthand":{"rotation":[0.0,-0.0,-0.0]},"fixed":{"rotation":[0.0,0.0,0.0]},"ground":{"rotation":[0.0,0.0,0.0]},"thirdperson_righthand":{"rotation":[0.0,0.0,0.0]},"gui":{"rotation":[-150.0,-45.0,180.0]}}}