{"textures":{"0":"modelengine:entity/abyssal_knight","particle":"#0"},"elements":[{"from":[12.311274,8.96246,4.25],"to":[14.811274,13.46246,11.75],"faces":{"east":{"uv":[4.625,9.75,3.75,10.25],"tintindex":0,"rotation":0,"texture":"#0"},"south":{"uv":[1.75,10.375,1.5,10.875],"tintindex":0,"rotation":0,"texture":"#0"},"north":{"uv":[1.5,10.375,1.25,10.875],"tintindex":0,"rotation":0,"texture":"#0"},"west":{"uv":[10.5,7.75,9.625,8.25],"tintindex":0,"rotation":0,"texture":"#0"},"up":{"uv":[0.75,11.125,1.0,10.25],"tintindex":0,"rotation":0,"texture":"#0"},"down":{"uv":[1.0,10.25,1.25,11.125],"tintindex":0,"rotation":0,"texture":"#0"}},"rotation":{"origin":[14.061274,11.21246,8.0],"angle":45.0,"axis":"z"}},{"from":[3.0,7.0,4.5],"to":[13.0,11.0,11.5],"faces":{"east":{"uv":[9.5,4.75,10.375,5.25],"tintindex":0,"rotation":0,"texture":"#0"},"south":{"uv":[9.0,1.375,10.25,1.875],"tintindex":0,"rotation":0,"texture":"#0"},"north":{"uv":[8.75,2.0,10.0,2.5],"tintindex":0,"rotation":0,"texture":"#0"},"west":{"uv":[9.5,5.25,10.375,5.75],"tintindex":0,"rotation":0,"texture":"#0"},"up":{"uv":[6.0,3.0,4.75,2.125],"tintindex":0,"rotation":0,"texture":"#0"},"down":{"uv":[6.375,0.0,5.125,0.875],"tintindex":0,"rotation":0,"texture":"#0"}}},{"from":[1.188726,8.96246,4.25],"to":[3.688726,13.46246,11.75],"faces":{"east":{"uv":[9.625,7.75,10.5,8.25],"tintindex":0,"rotation":0,"texture":"#0"},"south":{"uv":[1.5,10.375,1.75,10.875],"tintindex":0,"rotation":0,"texture":"#0"},"north":{"uv":[1.25,10.375,1.5,10.875],"tintindex":0,"rotation":0,"texture":"#0"},"west":{"uv":[3.75,9.75,4.625,10.25],"tintindex":0,"rotation":0,"texture":"#0"},"up":{"uv":[1.0,11.125,0.75,10.25],"tintindex":0,"rotation":0,"texture":"#0"},"down":{"uv":[1.25,10.25,1.0,11.125],"tintindex":0,"rotation":0,"texture":"#0"}},"rotation":{"origin":[1.938726,11.21246,8.0],"angle":-45.0,"axis":"z"}}],"display":{"head":{"rotation":[0.0,0.0,0.0]},"firstperson_righthand":{"rotation":[0.0,0.0,0.0]},"thirdperson_lefthand":{"rotation":[0.0,-0.0,-0.0]},"firstperson_lefthand":{"rotation":[0.0,-0.0,-0.0]},"fixed":{"rotation":[0.0,0.0,0.0]},"ground":{"rotation":[0.0,0.0,0.0]},"thirdperson_righthand":{"rotation":[0.0,0.0,0.0]},"gui":{"rotation":[-150.0,-45.0,180.0]}}}