{
  "textures": {
    "0": "modelengine:entity/lost_soul"
  },
  "elements": [
    {
      "from": [
        4,
        2,
        8
      ],
      "to": [
        12,
        8,
        8
      ],
      "faces": {
        "south": {
          "uv": [
            6.25,
            4,
            4.25,
            5.5
          ],
          "tintindex": 0,
          "rotation": 0,
          "texture": "#0"
        },
        "north": {
          "uv": [
            4.25,
            4,
            6.25,
            5.5
          ],
          "tintindex": 0,
          "rotation": 0,
          "texture": "#0"
        }
      }
    }
  ],
  "display": {
    "gui": {
      "rotation": [
        30,
        225,
        0
      ]
    }
  }
}