{
  "textures": {
    "0": "modelengine:entity/lost_soul"
  },
  "elements": [
    {
      "from": [
        8,
        2,
        4.5
      ],
      "to": [
        8,
        8,
        11.5
      ],
      "faces": {
        "east": {
          "uv": [
            6.5,
            1.75,
            8.25,
            3.25
          ],
          "tintindex": 0,
          "rotation": 0,
          "texture": "#0"
        },
        "west": {
          "uv": [
            8.25,
            1.75,
            6.5,
            3.25
          ],
          "tintindex": 0,
          "rotation": 0,
          "texture": "#0"
        }
      }
    }
  ],
  "display": {
    "gui": {
      "rotation": [
        30,
        225,
        0
      ]
    }
  }
}