{
  "textures": {
    "0": "modelengine:entity/fire_imp"
  },
  "elements": [
    {
      "from": [
        6.2573357,
        -0.68190956,
        8
      ],
      "to": [
        8.257336,
        1.3180904,
        8
      ],
      "faces": {
        "south": {
          "uv": [
            7.625,
            4.625,
            7.375,
            4.875
          ],
          "tintindex": 0,
          "rotation": 0,
          "texture": "#0"
        },
        "north": {
          "uv": [
            7.375,
            4.625,
            7.625,
            4.875
          ],
          "tintindex": 0,
          "rotation": 0,
          "texture": "#0"
        }
      },
      "rotation": {
        "origin": [
          3.219751,
          9.829565,
          13.223796
        ],
        "angle": 22.5,
        "axis": "z"
      }
    },
    {
      "from": [
        6.2573357,
        -0.68190956,
        9.5
      ],
      "to": [
        8.257336,
        1.3180904,
        9.5
      ],
      "faces": {
        "south": {
          "uv": [
            7.625,
            4.625,
            7.375,
            4.875
          ],
          "tintindex": 0,
          "rotation": 0,
          "texture": "#0"
        },
        "north": {
          "uv": [
            7.375,
            4.625,
            7.625,
            4.875
          ],
          "tintindex": 0,
          "rotation": 0,
          "texture": "#0"
        }
      },
      "rotation": {
        "origin": [
          3.219751,
          9.829565,
          13.223796
        ],
        "angle": 22.5,
        "axis": "z"
      }
    },
    {
      "from": [
        6.2573357,
        -0.68190956,
        6.5
      ],
      "to": [
        8.257336,
        1.3180904,
        6.5
      ],
      "faces": {
        "south": {
          "uv": [
            7.625,
            4.625,
            7.375,
            4.875
          ],
          "tintindex": 0,
          "rotation": 0,
          "texture": "#0"
        },
        "north": {
          "uv": [
            7.375,
            4.625,
            7.625,
            4.875
          ],
          "tintindex": 0,
          "rotation": 0,
          "texture": "#0"
        }
      },
      "rotation": {
        "origin": [
          3.219751,
          9.829565,
          13.223796
        ],
        "angle": 22.5,
        "axis": "z"
      }
    },
    {
      "from": [
        6.2573357,
        3.3180904,
        6.5
      ],
      "to": [
        8.257336,
        6.3180904,
        9.5
      ],
      "faces": {
        "east": {
          "uv": [
            0,
            6.375,
            0.375,
            6.75
          ],
          "tintindex": 0,
          "rotation": 0,
          "texture": "#0"
        },
        "south": {
          "uv": [
            2,
            7,
            2.25,
            7.375
          ],
          "tintindex": 0,
          "rotation": 0,
          "texture": "#0"
        },
        "north": {
          "uv": [
            7,
            1.625,
            7.25,
            2
          ],
          "tintindex": 0,
          "rotation": 0,
          "texture": "#0"
        },
        "west": {
          "uv": [
            0.5,
            6.375,
            0.875,
            6.75
          ],
          "tintindex": 0,
          "rotation": 0,
          "texture": "#0"
        },
        "up": {
          "uv": [
            7.25,
            2.5,
            7,
            2.125
          ],
          "tintindex": 0,
          "rotation": 0,
          "texture": "#0"
        },
        "down": {
          "uv": [
            7.25,
            2.625,
            7,
            3
          ],
          "tintindex": 0,
          "rotation": 0,
          "texture": "#0"
        }
      },
      "rotation": {
        "origin": [
          3.219751,
          9.829565,
          13.223796
        ],
        "angle": 22.5,
        "axis": "z"
      }
    },
    {
      "from": [
        5.2573357,
        1.3180904,
        6.5
      ],
      "to": [
        8.257336,
        3.3180904,
        9.5
      ],
      "faces": {
        "east": {
          "uv": [
            7,
            3.125,
            7.375,
            3.375
          ],
          "tintindex": 0,
          "rotation": 0,
          "texture": "#0"
        },
        "south": {
          "uv": [
            5.25,
            7,
            5.625,
            7.25
          ],
          "tintindex": 0,
          "rotation": 0,
          "texture": "#0"
        },
        "north": {
          "uv": [
            6,
            2.25,
            6.375,
            2.5
          ],
          "tintindex": 0,
          "rotation": 0,
          "texture": "#0"
        },
        "west": {
          "uv": [
            7.125,
            0.375,
            7.5,
            0.625
          ],
          "tintindex": 0,
          "rotation": 0,
          "texture": "#0"
        },
        "up": {
          "uv": [
            6.75,
            1.5,
            6.375,
            1.125
          ],
          "tintindex": 0,
          "rotation": 0,
          "texture": "#0"
        },
        "down": {
          "uv": [
            3,
            6.375,
            2.625,
            6.75
          ],
          "tintindex": 0,
          "rotation": 0,
          "texture": "#0"
        }
      },
      "rotation": {
        "origin": [
          3.219751,
          9.829565,
          13.223796
        ],
        "angle": 22.5,
        "axis": "z"
      }
    }
  ],
  "display": {
    "gui": {
      "rotation": [
        30,
        225,
        0
      ]
    }
  }
}