{
  "textures": {
    "0": "modelengine:entity/fire_imp"
  },
  "elements": [
    {
      "from": [
        -1.1329355,
        11.335142,
        4.1282196
      ],
      "to": [
        4.8670645,
        13.335142,
        4.1282196
      ],
      "faces": {
        "south": {
          "uv": [
            5.625,
            3.375,
            6.375,
            3.625
          ],
          "tintindex": 0,
          "rotation": 0,
          "texture": "#0"
        },
        "north": {
          "uv": [
            6.375,
            3.375,
            5.625,
            3.625
          ],
          "tintindex": 0,
          "rotation": 0,
          "texture": "#0"
        }
      },
      "rotation": {
        "origin": [
          8,
          4.721566,
          13.427015
        ],
        "angle": -22.5,
        "axis": "z"
      }
    },
    {
      "from": [
        8.158373,
        15.590651,
        7.2032194
      ],
      "to": [
        11.158373,
        18.59065,
        10.203219
      ],
      "faces": {
        "east": {
          "uv": [
            6,
            1.75,
            6.375,
            2.125
          ],
          "tintindex": 0,
          "rotation": 0,
          "texture": "#0"
        },
        "south": {
          "uv": [
            2.125,
            6,
            2.5,
            6.375
          ],
          "tintindex": 0,
          "rotation": 0,
          "texture": "#0"
        },
        "north": {
          "uv": [
            5.875,
            5.625,
            6.25,
            6
          ],
          "tintindex": 0,
          "rotation": 0,
          "texture": "#0"
        },
        "west": {
          "uv": [
            6.125,
            4.25,
            6.5,
            4.625
          ],
          "tintindex": 0,
          "rotation": 0,
          "texture": "#0"
        },
        "up": {
          "uv": [
            6.25,
            6.5,
            5.875,
            6.125
          ],
          "tintindex": 0,
          "rotation": 0,
          "texture": "#0"
        },
        "down": {
          "uv": [
            6.625,
            0,
            6.25,
            0.375
          ],
          "tintindex": 0,
          "rotation": 0,
          "texture": "#0"
        }
      },
      "rotation": {
        "origin": [
          8,
          4.721566,
          13.427015
        ],
        "angle": 22.5,
        "axis": "z"
      }
    },
    {
      "from": [
        4.5,
        10.908321,
        4.1532197
      ],
      "to": [
        7.5,
        13.908321,
        4.1532197
      ],
      "faces": {
        "south": {
          "uv": [
            4.125,
            6.375,
            4.5,
            6.75
          ],
          "tintindex": 0,
          "rotation": 0,
          "texture": "#0"
        },
        "north": {
          "uv": [
            4.5,
            6.375,
            4.125,
            6.75
          ],
          "tintindex": 0,
          "rotation": 0,
          "texture": "#0"
        }
      }
    },
    {
      "from": [
        13.970545,
        7.9457493,
        7.2032194
      ],
      "to": [
        20.970545,
        11.945749,
        7.2032194
      ],
      "faces": {
        "south": {
          "uv": [
            0,
            4.75,
            0.5,
            3.875
          ],
          "tintindex": 0,
          "rotation": 270,
          "texture": "#0"
        },
        "north": {
          "uv": [
            0,
            3.875,
            0.5,
            4.75
          ],
          "tintindex": 0,
          "rotation": 270,
          "texture": "#0"
        }
      },
      "rotation": {
        "origin": [
          8,
          4.721566,
          13.427015
        ],
        "angle": 22.5,
        "axis": "z"
      }
    },
    {
      "from": [
        4.0125,
        11.110323,
        5.35111
      ],
      "to": [
        11.9875,
        14.110323,
        8.3511095
      ],
      "faces": {
        "east": {
          "uv": [
            3.125,
            6.375,
            3.5,
            6.75
          ],
          "tintindex": 0,
          "rotation": 0,
          "texture": "#0"
        },
        "south": {
          "uv": [
            4.625,
            0.875,
            5.625,
            1.25
          ],
          "tintindex": 0,
          "rotation": 0,
          "texture": "#0"
        },
        "north": {
          "uv": [
            4.5,
            3.375,
            5.5,
            3.75
          ],
          "tintindex": 0,
          "rotation": 0,
          "texture": "#0"
        },
        "west": {
          "uv": [
            3.625,
            6.375,
            4,
            6.75
          ],
          "tintindex": 0,
          "rotation": 0,
          "texture": "#0"
        },
        "up": {
          "uv": [
            4.375,
            5.125,
            3.375,
            4.75
          ],
          "tintindex": 0,
          "rotation": 0,
          "texture": "#0"
        },
        "down": {
          "uv": [
            5.5,
            4.75,
            4.5,
            5.125
          ],
          "tintindex": 0,
          "rotation": 0,
          "texture": "#0"
        }
      },
      "rotation": {
        "origin": [
          8,
          4.721566,
          13.427015
        ],
        "angle": -22.5,
        "axis": "x"
      }
    },
    {
      "from": [
        16.073616,
        14.140476,
        7.7032194
      ],
      "to": [
        20.073616,
        16.140476,
        9.703219
      ],
      "faces": {
        "east": {
          "uv": [
            3,
            7.25,
            3.25,
            7.5
          ],
          "tintindex": 0,
          "rotation": 0,
          "texture": "#0"
        },
        "south": {
          "uv": [
            6.625,
            4.25,
            7.125,
            4.5
          ],
          "tintindex": 0,
          "rotation": 0,
          "texture": "#0"
        },
        "north": {
          "uv": [
            1,
            6.625,
            1.5,
            6.875
          ],
          "tintindex": 0,
          "rotation": 0,
          "texture": "#0"
        },
        "west": {
          "uv": [
            3.375,
            7.25,
            3.625,
            7.5
          ],
          "tintindex": 0,
          "rotation": 0,
          "texture": "#0"
        },
        "up": {
          "uv": [
            6,
            6.875,
            5.5,
            6.625
          ],
          "tintindex": 0,
          "rotation": 0,
          "texture": "#0"
        },
        "down": {
          "uv": [
            7.25,
            0,
            6.75,
            0.25
          ],
          "tintindex": 0,
          "rotation": 0,
          "texture": "#0"
        }
      },
      "rotation": {
        "origin": [
          8,
          4.721566,
          13.427015
        ],
        "angle": 22.5,
        "axis": "z"
      }
    },
    {
      "from": [
        -4.970545,
        7.9457493,
        7.2032194
      ],
      "to": [
        2.0294552,
        11.945749,
        7.2032194
      ],
      "faces": {
        "south": {
          "uv": [
            0,
            3.875,
            0.5,
            4.75
          ],
          "tintindex": 0,
          "rotation": 270,
          "texture": "#0"
        },
        "north": {
          "uv": [
            0,
            4.75,
            0.5,
            3.875
          ],
          "tintindex": 0,
          "rotation": 270,
          "texture": "#0"
        }
      },
      "rotation": {
        "origin": [
          8,
          4.721566,
          13.427015
        ],
        "angle": -22.5,
        "axis": "z"
      }
    },
    {
      "from": [
        4.841627,
        15.590651,
        7.2032194
      ],
      "to": [
        7.8416276,
        18.59065,
        10.203219
      ],
      "faces": {
        "east": {
          "uv": [
            5.75,
            3.75,
            6.125,
            4.125
          ],
          "tintindex": 0,
          "rotation": 0,
          "texture": "#0"
        },
        "south": {
          "uv": [
            5.75,
            5.125,
            6.125,
            5.5
          ],
          "tintindex": 0,
          "rotation": 0,
          "texture": "#0"
        },
        "north": {
          "uv": [
            1.625,
            5.75,
            2,
            6.125
          ],
          "tintindex": 0,
          "rotation": 0,
          "texture": "#0"
        },
        "west": {
          "uv": [
            0,
            5.875,
            0.375,
            6.25
          ],
          "tintindex": 0,
          "rotation": 0,
          "texture": "#0"
        },
        "up": {
          "uv": [
            0.875,
            6.25,
            0.5,
            5.875
          ],
          "tintindex": 0,
          "rotation": 0,
          "texture": "#0"
        },
        "down": {
          "uv": [
            3.25,
            5.875,
            2.875,
            6.25
          ],
          "tintindex": 0,
          "rotation": 0,
          "texture": "#0"
        }
      },
      "rotation": {
        "origin": [
          8,
          4.721566,
          13.427015
        ],
        "angle": -22.5,
        "axis": "z"
      }
    },
    {
      "from": [
        4,
        7.9083214,
        4.20322
      ],
      "to": [
        12,
        15.908321,
        12.203219
      ],
      "faces": {
        "east": {
          "uv": [
            1.125,
            1.625,
            2.125,
            2.625
          ],
          "tintindex": 0,
          "rotation": 0,
          "texture": "#0"
        },
        "south": {
          "uv": [
            2.25,
            1.625,
            3.25,
            2.625
          ],
          "tintindex": 0,
          "rotation": 0,
          "texture": "#0"
        },
        "north": {
          "uv": [
            0,
            1.625,
            1,
            2.625
          ],
          "tintindex": 0,
          "rotation": 0,
          "texture": "#0"
        },
        "west": {
          "uv": [
            0,
            2.75,
            1,
            3.75
          ],
          "tintindex": 0,
          "rotation": 0,
          "texture": "#0"
        },
        "up": {
          "uv": [
            2.125,
            3.75,
            1.125,
            2.75
          ],
          "tintindex": 0,
          "rotation": 0,
          "texture": "#0"
        },
        "down": {
          "uv": [
            3.25,
            2.75,
            2.25,
            3.75
          ],
          "tintindex": 0,
          "rotation": 0,
          "texture": "#0"
        }
      }
    },
    {
      "from": [
        -4.073617,
        14.140476,
        7.7032194
      ],
      "to": [
        -0.07361698,
        16.140476,
        9.703219
      ],
      "faces": {
        "east": {
          "uv": [
            3.75,
            7.25,
            4,
            7.5
          ],
          "tintindex": 0,
          "rotation": 0,
          "texture": "#0"
        },
        "south": {
          "uv": [
            4.625,
            6.75,
            5.125,
            7
          ],
          "tintindex": 0,
          "rotation": 0,
          "texture": "#0"
        },
        "north": {
          "uv": [
            6.75,
            3.625,
            7.25,
            3.875
          ],
          "tintindex": 0,
          "rotation": 0,
          "texture": "#0"
        },
        "west": {
          "uv": [
            7.25,
            4.25,
            7.5,
            4.5
          ],
          "tintindex": 0,
          "rotation": 0,
          "texture": "#0"
        },
        "up": {
          "uv": [
            7.25,
            4.875,
            6.75,
            4.625
          ],
          "tintindex": 0,
          "rotation": 0,
          "texture": "#0"
        },
        "down": {
          "uv": [
            6.625,
            6.75,
            6.125,
            7
          ],
          "tintindex": 0,
          "rotation": 0,
          "texture": "#0"
        }
      },
      "rotation": {
        "origin": [
          8,
          4.721566,
          13.427015
        ],
        "angle": -22.5,
        "axis": "z"
      }
    },
    {
      "from": [
        7,
        14.215082,
        5.0197725
      ],
      "to": [
        9,
        16.215082,
        8.019773
      ],
      "faces": {
        "east": {
          "uv": [
            4.625,
            7.125,
            5,
            7.375
          ],
          "tintindex": 0,
          "rotation": 0,
          "texture": "#0"
        },
        "south": {
          "uv": [
            7.375,
            1.625,
            7.625,
            1.875
          ],
          "tintindex": 0,
          "rotation": 0,
          "texture": "#0"
        },
        "north": {
          "uv": [
            7.375,
            0,
            7.625,
            0.25
          ],
          "tintindex": 0,
          "rotation": 0,
          "texture": "#0"
        },
        "west": {
          "uv": [
            5.75,
            7.125,
            6.125,
            7.375
          ],
          "tintindex": 0,
          "rotation": 0,
          "texture": "#0"
        },
        "up": {
          "uv": [
            6.5,
            7.5,
            6.25,
            7.125
          ],
          "tintindex": 0,
          "rotation": 0,
          "texture": "#0"
        },
        "down": {
          "uv": [
            7.375,
            6.75,
            7.125,
            7.125
          ],
          "tintindex": 0,
          "rotation": 0,
          "texture": "#0"
        }
      },
      "rotation": {
        "origin": [
          8,
          4.721566,
          13.427015
        ],
        "angle": -22.5,
        "axis": "x"
      }
    },
    {
      "from": [
        11.132936,
        11.335142,
        4.1282196
      ],
      "to": [
        17.132935,
        13.335142,
        4.1282196
      ],
      "faces": {
        "south": {
          "uv": [
            6.375,
            3.375,
            5.625,
            3.625
          ],
          "tintindex": 0,
          "rotation": 0,
          "texture": "#0"
        },
        "north": {
          "uv": [
            5.625,
            3.375,
            6.375,
            3.625
          ],
          "tintindex": 0,
          "rotation": 0,
          "texture": "#0"
        }
      },
      "rotation": {
        "origin": [
          8,
          4.721566,
          13.427015
        ],
        "angle": 22.5,
        "axis": "z"
      }
    },
    {
      "from": [
        4.25,
        8.110323,
        5.6011095
      ],
      "to": [
        7.25,
        11.110323,
        5.6011095
      ],
      "faces": {
        "south": {
          "uv": [
            6.375,
            5.75,
            6.75,
            6.125
          ],
          "tintindex": 0,
          "rotation": 0,
          "texture": "#0"
        },
        "north": {
          "uv": [
            6.75,
            5.75,
            6.375,
            6.125
          ],
          "tintindex": 0,
          "rotation": 0,
          "texture": "#0"
        }
      },
      "rotation": {
        "origin": [
          8,
          4.721566,
          13.427015
        ],
        "angle": -22.5,
        "axis": "x"
      }
    },
    {
      "from": [
        8.5,
        10.908321,
        4.1532197
      ],
      "to": [
        11.5,
        13.908321,
        4.1532197
      ],
      "faces": {
        "south": {
          "uv": [
            4.5,
            6.375,
            4.125,
            6.75
          ],
          "tintindex": 0,
          "rotation": 0,
          "texture": "#0"
        },
        "north": {
          "uv": [
            4.125,
            6.375,
            4.5,
            6.75
          ],
          "tintindex": 0,
          "rotation": 0,
          "texture": "#0"
        }
      }
    },
    {
      "from": [
        8.75,
        8.110323,
        5.6011095
      ],
      "to": [
        11.75,
        11.110323,
        5.6011095
      ],
      "faces": {
        "south": {
          "uv": [
            6.75,
            5.75,
            6.375,
            6.125
          ],
          "tintindex": 0,
          "rotation": 0,
          "texture": "#0"
        },
        "north": {
          "uv": [
            6.375,
            5.75,
            6.75,
            6.125
          ],
          "tintindex": 0,
          "rotation": 0,
          "texture": "#0"
        }
      },
      "rotation": {
        "origin": [
          8,
          4.721566,
          13.427015
        ],
        "angle": -22.5,
        "axis": "x"
      }
    }
  ],
  "display": {
    "gui": {
      "rotation": [
        30,
        225,
        0
      ]
    }
  }
}