{
  "textures": {
    "0": "modelengine:entity/fire_imp"
  },
  "elements": [
    {
      "from": [
        -0.40838528,
        4.3382864,
        6.99375
      ],
      "to": [
        7.5916147,
        6.3382874,
        9.01875
      ],
      "faces": {
        "east": {
          "uv": [
            7.375,
            2,
            7.625,
            2.25
          ],
          "tintindex": 0,
          "rotation": 0,
          "texture": "#0"
        },
        "south": {
          "uv": [
            4.625,
            5.25,
            5.625,
            5.5
          ],
          "tintindex": 0,
          "rotation": 0,
          "texture": "#0"
        },
        "north": {
          "uv": [
            5.625,
            5.25,
            4.625,
            5.5
          ],
          "tintindex": 0,
          "rotation": 0,
          "texture": "#0"
        },
        "west": {
          "uv": [
            7.375,
            2.375,
            7.625,
            2.625
          ],
          "tintindex": 0,
          "rotation": 0,
          "texture": "#0"
        },
        "up": {
          "uv": [
            6.375,
            2.875,
            5.375,
            2.625
          ],
          "tintindex": 0,
          "rotation": 0,
          "texture": "#0"
        },
        "down": {
          "uv": [
            6.375,
            3,
            5.375,
            3.25
          ],
          "tintindex": 0,
          "rotation": 0,
          "texture": "#0"
        }
      },
      "rotation": {
        "origin": [
          10.7615185,
          5.3087797,
          10.217546
        ],
        "angle": -45,
        "axis": "z"
      }
    },
    {
      "from": [
        2.9455252,
        0.11679649,
        7.99375
      ],
      "to": [
        7.945525,
        12.1167965,
        7.99375
      ],
      "faces": {
        "south": {
          "uv": [
            3.625,
            0,
            3,
            1.5
          ],
          "tintindex": 0,
          "rotation": 0,
          "texture": "#0"
        },
        "north": {
          "uv": [
            3,
            0,
            3.625,
            1.5
          ],
          "tintindex": 0,
          "rotation": 0,
          "texture": "#0"
        }
      }
    }
  ],
  "display": {
    "gui": {
      "rotation": [
        30,
        225,
        0
      ]
    }
  }
}