{
  "textures": {
    "0": "modelengine:entity/fire_imp"
  },
  "elements": [
    {
      "from": [
        7.5,
        9.0821,
        8.415787
      ],
      "to": [
        8.5,
        13.082099,
        10.415787
      ],
      "faces": {
        "east": {
          "uv": [
            6.875,
            5.625,
            7.125,
            6.125
          ],
          "tintindex": 0,
          "rotation": 0,
          "texture": "#0"
        },
        "south": {
          "uv": [
            1.375,
            7,
            1.5,
            7.5
          ],
          "tintindex": 0,
          "rotation": 0,
          "texture": "#0"
        },
        "north": {
          "uv": [
            1,
            5.875,
            1.125,
            6.375
          ],
          "tintindex": 0,
          "rotation": 0,
          "texture": "#0"
        },
        "west": {
          "uv": [
            1,
            7,
            1.25,
            7.5
          ],
          "tintindex": 0,
          "rotation": 0,
          "texture": "#0"
        },
        "up": {
          "uv": [
            2.75,
            6.25,
            2.625,
            6
          ],
          "tintindex": 0,
          "rotation": 0,
          "texture": "#0"
        },
        "down": {
          "uv": [
            5.625,
            7.375,
            5.5,
            7.625
          ],
          "tintindex": 0,
          "rotation": 0,
          "texture": "#0"
        }
      },
      "rotation": {
        "origin": [
          8,
          12.244978,
          5.5087347
        ],
        "angle": 22.5,
        "axis": "x"
      }
    }
  ],
  "display": {
    "gui": {
      "rotation": [
        30,
        225,
        0
      ]
    }
  }
}