{
  "textures": {
    "0": "modelengine:entity/fire_imp"
  },
  "elements": [
    {
      "from": [
        7.5,
        10.102917,
        7.107875
      ],
      "to": [
        8.5,
        11.102917,
        11.107875
      ],
      "faces": {
        "east": {
          "uv": [
            7.125,
            0.75,
            7.625,
            0.875
          ],
          "tintindex": 0,
          "rotation": 0,
          "texture": "#0"
        },
        "south": {
          "uv": [
            4.375,
            7.5,
            4.5,
            7.625
          ],
          "tintindex": 0,
          "rotation": 0,
          "texture": "#0"
        },
        "north": {
          "uv": [
            4.125,
            7.5,
            4.25,
            7.625
          ],
          "tintindex": 0,
          "rotation": 0,
          "texture": "#0"
        },
        "west": {
          "uv": [
            7.25,
            6.5,
            7.75,
            6.625
          ],
          "tintindex": 0,
          "rotation": 0,
          "texture": "#0"
        },
        "up": {
          "uv": [
            7.25,
            7.75,
            7.125,
            7.25
          ],
          "tintindex": 0,
          "rotation": 0,
          "texture": "#0"
        },
        "down": {
          "uv": [
            1.75,
            7.375,
            1.625,
            7.875
          ],
          "tintindex": 0,
          "rotation": 0,
          "texture": "#0"
        }
      },
      "rotation": {
        "origin": [
          8,
          7.4373674,
          1.3723955
        ],
        "angle": 22.5,
        "axis": "x"
      }
    },
    {
      "from": [
        8,
        8.102917,
        7.107875
      ],
      "to": [
        8,
        14.102917,
        15.107875
      ],
      "faces": {
        "east": {
          "uv": [
            4.75,
            0,
            3.75,
            0.75
          ],
          "tintindex": 0,
          "rotation": 0,
          "texture": "#0"
        },
        "west": {
          "uv": [
            3.75,
            0,
            4.75,
            0.75
          ],
          "tintindex": 0,
          "rotation": 0,
          "texture": "#0"
        }
      },
      "rotation": {
        "origin": [
          8,
          7.4373674,
          1.3723955
        ],
        "angle": 22.5,
        "axis": "x"
      }
    }
  ],
  "display": {
    "gui": {
      "rotation": [
        30,
        225,
        0
      ]
    }
  }
}