{
  "overrides": [
    {
      "predicate": {
        "custom_model_data": 1
      },
      "model": "modelengine:blaze_king/head"
    },
    {
      "predicate": {
        "custom_model_data": 2
      },
      "model": "modelengine:blaze_king/front_shield"
    },
    {
      "predicate": {
        "custom_model_data": 3
      },
      "model": "modelengine:blaze_king/right_arm"
    },
    {
      "predicate": {
        "custom_model_data": 4
      },
      "model": "modelengine:blaze_king/upper_body"
    },
    {
      "predicate": {
        "custom_model_data": 5
      },
      "model": "modelengine:blaze_king/left_arm"
    },
    {
      "predicate": {
        "custom_model_data": 6
      },
      "model": "modelengine:blaze_king/back_shield"
    },
    {
      "predicate": {
        "custom_model_data": 7
      },
      "model": "modelengine:blaze_king/right_wrist"
    },
    {
      "predicate": {
        "custom_model_data": 8
      },
      "model": "modelengine:blaze_king/left_wrist"
    },
    {
      "predicate": {
        "custom_model_data": 9
      },
      "model": "modelengine:blaze_king/right_back_rod"
    },
    {
      "predicate": {
        "custom_model_data": 10
      },
      "model": "modelengine:blaze_king/front_rod"
    },
    {
      "predicate": {
        "custom_model_data": 11
      },
      "model": "modelengine:blaze_king/left_back_rod"
    },
    {
      "predicate": {
        "custom_model_data": 12
      },
      "model": "modelengine:blaze_king/left_front_rod"
    },
    {
      "predicate": {
        "custom_model_data": 13
      },
      "model": "modelengine:blaze_king/right_front_rod"
    },
    {
      "predicate": {
        "custom_model_data": 14
      },
      "model": "modelengine:blaze_king/back_rod"
    },
    {
      "predicate": {
        "custom_model_data": 15
      },
      "model": "modelengine:blaze_king/right_finger"
    },
    {
      "predicate": {
        "custom_model_data": 16
      },
      "model": "modelengine:blaze_king/right_thumb"
    },
    {
      "predicate": {
        "custom_model_data": 17
      },
      "model": "modelengine:blaze_king/left_thumb"
    },
    {
      "predicate": {
        "custom_model_data": 18
      },
      "model": "modelengine:blaze_king/left_finger"
    },
    {
      "predicate": {
        "custom_model_data": 19
      },
      "model": "modelengine:dark_imp/left_leg"
    },
    {
      "predicate": {
        "custom_model_data": 20
      },
      "model": "modelengine:dark_imp/upper_body"
    },
    {
      "predicate": {
        "custom_model_data": 21
      },
      "model": "modelengine:dark_imp/right_leg"
    },
    {
      "predicate": {
        "custom_model_data": 22
      },
      "model": "modelengine:dark_imp/left_ankle"
    },
    {
      "predicate": {
        "custom_model_data": 23
      },
      "model": "modelengine:dark_imp/chest"
    },
    {
      "predicate": {
        "custom_model_data": 24
      },
      "model": "modelengine:dark_imp/tail"
    },
    {
      "predicate": {
        "custom_model_data": 25
      },
      "model": "modelengine:dark_imp/right_ankle"
    },
    {
      "predicate": {
        "custom_model_data": 26
      },
      "model": "modelengine:dark_imp/left_foot"
    },
    {
      "predicate": {
        "custom_model_data": 27
      },
      "model": "modelengine:dark_imp/head"
    },
    {
      "predicate": {
        "custom_model_data": 28
      },
      "model": "modelengine:dark_imp/right_arm"
    },
    {
      "predicate": {
        "custom_model_data": 29
      },
      "model": "modelengine:dark_imp/left_arm"
    },
    {
      "predicate": {
        "custom_model_data": 30
      },
      "model": "modelengine:dark_imp/tail2"
    },
    {
      "predicate": {
        "custom_model_data": 31
      },
      "model": "modelengine:dark_imp/right_foot"
    },
    {
      "predicate": {
        "custom_model_data": 32
      },
      "model": "modelengine:dark_imp/jaw"
    },
    {
      "predicate": {
        "custom_model_data": 33
      },
      "model": "modelengine:dark_imp/right_wrist"
    },
    {
      "predicate": {
        "custom_model_data": 34
      },
      "model": "modelengine:dark_imp/left_wrist"
    },
    {
      "predicate": {
        "custom_model_data": 35
      },
      "model": "modelengine:dark_imp/tail3"
    },
    {
      "predicate": {
        "custom_model_data": 36
      },
      "model": "modelengine:dark_imp/right_thumb"
    },
    {
      "predicate": {
        "custom_model_data": 37
      },
      "model": "modelengine:dark_imp/right_fingers"
    },
    {
      "predicate": {
        "custom_model_data": 38
      },
      "model": "modelengine:dark_imp/left_thumb"
    },
    {
      "predicate": {
        "custom_model_data": 39
      },
      "model": "modelengine:dark_imp/left_fingers"
    },
    {
      "predicate": {
        "custom_model_data": 40
      },
      "model": "modelengine:dark_imp/tail4"
    },
    {
      "predicate": {
        "custom_model_data": 41
      },
      "model": "modelengine:fire_imp/upper_body"
    },
    {
      "predicate": {
        "custom_model_data": 42
      },
      "model": "modelengine:fire_imp/left_leg"
    },
    {
      "predicate": {
        "custom_model_data": 43
      },
      "model": "modelengine:fire_imp/right_leg"
    },
    {
      "predicate": {
        "custom_model_data": 44
      },
      "model": "modelengine:fire_imp/chest"
    },
    {
      "predicate": {
        "custom_model_data": 45
      },
      "model": "modelengine:fire_imp/tail"
    },
    {
      "predicate": {
        "custom_model_data": 46
      },
      "model": "modelengine:fire_imp/left_ankle"
    },
    {
      "predicate": {
        "custom_model_data": 47
      },
      "model": "modelengine:fire_imp/right_ankle"
    },
    {
      "predicate": {
        "custom_model_data": 48
      },
      "model": "modelengine:fire_imp/head"
    },
    {
      "predicate": {
        "custom_model_data": 49
      },
      "model": "modelengine:fire_imp/right_arm"
    },
    {
      "predicate": {
        "custom_model_data": 50
      },
      "model": "modelengine:fire_imp/right_wing"
    },
    {
      "predicate": {
        "custom_model_data": 51
      },
      "model": "modelengine:fire_imp/left_arm"
    },
    {
      "predicate": {
        "custom_model_data": 52
      },
      "model": "modelengine:fire_imp/left_wing"
    },
    {
      "predicate": {
        "custom_model_data": 53
      },
      "model": "modelengine:fire_imp/tail2"
    },
    {
      "predicate": {
        "custom_model_data": 54
      },
      "model": "modelengine:fire_imp/right_wrist"
    },
    {
      "predicate": {
        "custom_model_data": 55
      },
      "model": "modelengine:fire_imp/right_wing_end"
    },
    {
      "predicate": {
        "custom_model_data": 56
      },
      "model": "modelengine:fire_imp/left_wrist"
    },
    {
      "predicate": {
        "custom_model_data": 57
      },
      "model": "modelengine:fire_imp/left_wing_end"
    },
    {
      "predicate": {
        "custom_model_data": 58
      },
      "model": "modelengine:fire_imp/tail3"
    },
    {
      "predicate": {
        "custom_model_data": 59
      },
      "model": "modelengine:fire_imp/tail4"
    },
    {
      "predicate": {
        "custom_model_data": 60
      },
      "model": "modelengine:fire_imp/tail5"
    },
    {
      "predicate": {
        "custom_model_data": 61
      },
      "model": "modelengine:hell_hound/upper_body"
    },
    {
      "predicate": {
        "custom_model_data": 62
      },
      "model": "modelengine:hell_hound/left_thigh"
    },
    {
      "predicate": {
        "custom_model_data": 63
      },
      "model": "modelengine:hell_hound/right_thigh"
    },
    {
      "predicate": {
        "custom_model_data": 64
      },
      "model": "modelengine:hell_hound/chest"
    },
    {
      "predicate": {
        "custom_model_data": 65
      },
      "model": "modelengine:hell_hound/tail"
    },
    {
      "predicate": {
        "custom_model_data": 66
      },
      "model": "modelengine:hell_hound/left_leg"
    },
    {
      "predicate": {
        "custom_model_data": 67
      },
      "model": "modelengine:hell_hound/right_leg"
    },
    {
      "predicate": {
        "custom_model_data": 68
      },
      "model": "modelengine:hell_hound/right_arm"
    },
    {
      "predicate": {
        "custom_model_data": 69
      },
      "model": "modelengine:hell_hound/left_arm"
    },
    {
      "predicate": {
        "custom_model_data": 70
      },
      "model": "modelengine:hell_hound/neck"
    },
    {
      "predicate": {
        "custom_model_data": 71
      },
      "model": "modelengine:hell_hound/tail2"
    },
    {
      "predicate": {
        "custom_model_data": 72
      },
      "model": "modelengine:hell_hound/left_ankle"
    },
    {
      "predicate": {
        "custom_model_data": 73
      },
      "model": "modelengine:hell_hound/right_ankle"
    },
    {
      "predicate": {
        "custom_model_data": 74
      },
      "model": "modelengine:hell_hound/right_wrist"
    },
    {
      "predicate": {
        "custom_model_data": 75
      },
      "model": "modelengine:hell_hound/left_wrist"
    },
    {
      "predicate": {
        "custom_model_data": 76
      },
      "model": "modelengine:hell_hound/head"
    },
    {
      "predicate": {
        "custom_model_data": 77
      },
      "model": "modelengine:hell_hound/chain_1"
    },
    {
      "predicate": {
        "custom_model_data": 78
      },
      "model": "modelengine:hell_hound/tail3"
    },
    {
      "predicate": {
        "custom_model_data": 79
      },
      "model": "modelengine:hell_hound/left_foot"
    },
    {
      "predicate": {
        "custom_model_data": 80
      },
      "model": "modelengine:hell_hound/right_foot"
    },
    {
      "predicate": {
        "custom_model_data": 81
      },
      "model": "modelengine:hell_hound/right_hand"
    },
    {
      "predicate": {
        "custom_model_data": 82
      },
      "model": "modelengine:hell_hound/left_hand"
    },
    {
      "predicate": {
        "custom_model_data": 83
      },
      "model": "modelengine:hell_hound/jaw"
    },
    {
      "predicate": {
        "custom_model_data": 84
      },
      "model": "modelengine:hell_hound/chain_2"
    },
    {
      "predicate": {
        "custom_model_data": 85
      },
      "model": "modelengine:hell_hound/chain_3"
    },
    {
      "predicate": {
        "custom_model_data": 86
      },
      "model": "modelengine:hell_hound/chain_4"
    },
    {
      "predicate": {
        "custom_model_data": 87
      },
      "model": "modelengine:lava_mite/body"
    },
    {
      "predicate": {
        "custom_model_data": 88
      },
      "model": "modelengine:lava_mite/head"
    },
    {
      "predicate": {
        "custom_model_data": 89
      },
      "model": "modelengine:lava_mite/butt"
    },
    {
      "predicate": {
        "custom_model_data": 90
      },
      "model": "modelengine:lava_mite/left_sting"
    },
    {
      "predicate": {
        "custom_model_data": 91
      },
      "model": "modelengine:lava_mite/right_sting"
    },
    {
      "predicate": {
        "custom_model_data": 92
      },
      "model": "modelengine:lava_piranha/body"
    },
    {
      "predicate": {
        "custom_model_data": 93
      },
      "model": "modelengine:lava_piranha/head"
    },
    {
      "predicate": {
        "custom_model_data": 94
      },
      "model": "modelengine:lava_piranha/left_fin"
    },
    {
      "predicate": {
        "custom_model_data": 95
      },
      "model": "modelengine:lava_piranha/tail"
    },
    {
      "predicate": {
        "custom_model_data": 96
      },
      "model": "modelengine:lava_piranha/right_fin"
    },
    {
      "predicate": {
        "custom_model_data": 97
      },
      "model": "modelengine:lava_piranha/jaw"
    },
    {
      "predicate": {
        "custom_model_data": 98
      },
      "model": "modelengine:lost_soul/body"
    },
    {
      "predicate": {
        "custom_model_data": 99
      },
      "model": "modelengine:lost_soul/right_arm"
    },
    {
      "predicate": {
        "custom_model_data": 100
      },
      "model": "modelengine:lost_soul/right_cape"
    },
    {
      "predicate": {
        "custom_model_data": 101
      },
      "model": "modelengine:lost_soul/left_arm"
    },
    {
      "predicate": {
        "custom_model_data": 102
      },
      "model": "modelengine:lost_soul/back_cape"
    },
    {
      "predicate": {
        "custom_model_data": 103
      },
      "model": "modelengine:lost_soul/left_cape"
    },
    {
      "predicate": {
        "custom_model_data": 104
      },
      "model": "modelengine:lost_soul/front_cape"
    },
    {
      "predicate": {
        "custom_model_data": 105
      },
      "model": "modelengine:nether_mushroom/body"
    },
    {
      "predicate": {
        "custom_model_data": 106
      },
      "model": "modelengine:nether_mushroom/head"
    },
    {
      "predicate": {
        "custom_model_data": 107
      },
      "model": "modelengine:nether_mushroom/right_arm"
    },
    {
      "predicate": {
        "custom_model_data": 108
      },
      "model": "modelengine:nether_mushroom/left_arm"
    },
    {
      "predicate": {
        "custom_model_data": 109
      },
      "model": "modelengine:nether_mushroom/head_top"
    }
  ],
  "parent": "minecraft:item/generated",
  "textures": {
    "layer0": "minecraft:item/leather_horse_armor"
  }
}