{
  "textures": {
    "0": "modelengine:entity/fire_imp"
  },
  "elements": [
    {
      "from": [
        7.5125,
        6.321992,
        7.3523116
      ],
      "to": [
        8.4875,
        7.321992,
        11.352312
      ],
      "faces": {
        "east": {
          "uv": [
            4.5,
            3.875,
            5,
            4
          ],
          "tintindex": 0,
          "rotation": 0,
          "texture": "#0"
        },
        "south": {
          "uv": [
            5.25,
            6.75,
            5.375,
            6.875
          ],
          "tintindex": 0,
          "rotation": 0,
          "texture": "#0"
        },
        "north": {
          "uv": [
            2.125,
            5.75,
            2.25,
            5.875
          ],
          "tintindex": 0,
          "rotation": 0,
          "texture": "#0"
        },
        "west": {
          "uv": [
            5.75,
            1.125,
            6.25,
            1.25
          ],
          "tintindex": 0,
          "rotation": 0,
          "texture": "#0"
        },
        "up": {
          "uv": [
            2.5,
            7.5,
            2.375,
            7
          ],
          "tintindex": 0,
          "rotation": 0,
          "texture": "#0"
        },
        "down": {
          "uv": [
            0.5,
            7.25,
            0.375,
            7.75
          ],
          "tintindex": 0,
          "rotation": 0,
          "texture": "#0"
        }
      },
      "rotation": {
        "origin": [
          8,
          8.785654,
          4.70478
        ],
        "angle": -22.5,
        "axis": "x"
      }
    }
  ],
  "display": {
    "gui": {
      "rotation": [
        30,
        225,
        0
      ]
    }
  }
}