{
  "samus.blaze_king_attack": {
    "category": "master",
    "sounds": [
      "samus/rms_howling_nether/blaze_king_attack1",
	  "samus/rms_howling_nether/blaze_king_attack2"
    ]
  },
  "samus.blaze_king_geyser": {
    "category": "master",
    "sounds": [
      "samus/rms_howling_nether/blaze_king_geyser"
    ]
  },
  "samus.blaze_king_summon": {
    "category": "master",
    "sounds": [
      "samus/rms_howling_nether/blaze_king_summon"
    ]
  },
  "samus.dark_imp_attack": {
    "category": "master",
    "sounds": [
      "samus/rms_howling_nether/dark_imp_attack"
    ]
  },
  "samus.dark_imp_idle": {
    "category": "master",
    "sounds": [
      "samus/rms_howling_nether/dark_imp_idle"
    ]
  },
  "samus.dark_imp_smash": {
    "category": "master",
    "sounds": [
      "samus/rms_howling_nether/dark_imp_smash"
    ]
  },
  "samus.fire_imp_attack": {
    "category": "master",
    "sounds": [
      "samus/rms_howling_nether/fire_imp_attack"
    ]
  },
  "samus.hell_hound_attack": {
    "category": "master",
    "sounds": [
      "samus/rms_howling_nether/hell_hound_attack"
    ]
  },
  "samus.hell_hound_idle": {
    "category": "master",
    "sounds": [
      "samus/rms_howling_nether/hell_hound_idle"
    ]
  },
  "samus.lava_mite_idle": {
    "category": "master",
    "sounds": [
      "samus/rms_howling_nether/lava_mite_idle"
    ]
  },
  "samus.lava_mite_sting": {
    "category": "master",
    "sounds": [
      "samus/rms_howling_nether/lava_mite_sting"
    ]
  },
  "samus.lost_soul_idle": {
    "category": "master",
    "sounds": [
      "samus/rms_howling_nether/lost_soul_idle"
    ]
  },
  "samus.nether_mushroom_poison_aura": {
    "category": "master",
    "sounds": [
      "samus/rms_howling_nether/nether_mushroom_poison_aura"
    ]
  },
  "samus.piranha_bite": {
    "category": "master",
    "sounds": [
      "samus/rms_howling_nether/piranha_bite"
    ]
  }
}