{"textures":{"0":"modelengine:entity/nether_mushroom","particle":"#0"},"elements":[{"from":[4.5,7.75,4.5],"to":[11.5,16.75,11.5],"faces":{"east":{"uv":[5.875,5.625,6.75,6.75],"tintindex":0,"rotation":0,"texture":"#0"},"south":{"uv":[4.875,5.625,5.75,6.75],"tintindex":0,"rotation":0,"texture":"#0"},"north":{"uv":[1.0,5.75,1.875,6.875],"tintindex":0,"rotation":0,"texture":"#0"},"west":{"uv":[0.0,5.75,0.875,6.875],"tintindex":0,"rotation":0,"texture":"#0"},"up":{"uv":[2.875,7.0,2.0,6.125],"tintindex":0,"rotation":180,"texture":"#0"},"down":{"uv":[7.25,2.0,6.375,2.875],"tintindex":0,"rotation":180,"texture":"#0"}}}],"display":{"head":{"rotation":[0.0,0.0,0.0]},"firstperson_righthand":{"rotation":[0.0,0.0,0.0]},"thirdperson_lefthand":{"rotation":[0.0,-0.0,-0.0]},"firstperson_lefthand":{"rotation":[0.0,-0.0,-0.0]},"fixed":{"rotation":[0.0,0.0,0.0]},"ground":{"rotation":[0.0,0.0,0.0]},"thirdperson_righthand":{"rotation":[0.0,0.0,0.0]},"gui":{"rotation":[-150.0,-45.0,180.0]}}}