{"textures":{"0":"modelengine:entity/nether_mushroom","particle":"#0"},"elements":[{"from":[3.0,7.997054,6.1583796],"to":[13.0,14.997055,16.158379],"faces":{"east":{"uv":[3.5,5.625,4.75,6.5],"tintindex":0,"rotation":0,"texture":"#0"},"south":{"uv":[2.125,5.125,3.375,6.0],"tintindex":0,"rotation":0,"texture":"#0"},"north":{"uv":[5.625,1.0,6.875,1.875],"tintindex":0,"rotation":0,"texture":"#0"},"west":{"uv":[5.625,0.0,6.875,0.875],"tintindex":0,"rotation":0,"texture":"#0"},"up":{"uv":[3.375,1.25,2.125,0.0],"tintindex":0,"rotation":180,"texture":"#0"},"down":{"uv":[3.375,1.375,2.125,2.625],"tintindex":0,"rotation":180,"texture":"#0"}},"rotation":{"origin":[8.0,4.3450356,9.9595175],"angle":-45.0,"axis":"x"}}],"display":{"head":{"rotation":[0.0,0.0,0.0]},"firstperson_righthand":{"rotation":[0.0,0.0,0.0]},"thirdperson_lefthand":{"rotation":[0.0,-0.0,-0.0]},"firstperson_lefthand":{"rotation":[0.0,-0.0,-0.0]},"fixed":{"rotation":[0.0,0.0,0.0]},"ground":{"rotation":[0.0,0.0,0.0]},"thirdperson_righthand":{"rotation":[0.0,0.0,0.0]},"gui":{"rotation":[-150.0,-45.0,180.0]}}}