{"textures":{"0":"modelengine:entity/nether_mushroom","particle":"#0"},"elements":[{"from":[0.0,3.200181,0.33279228],"to":[16.0,8.200181,0.33279228],"faces":{"south":{"uv":[4.25,4.125,6.25,4.75],"tintindex":0,"rotation":0,"texture":"#0"},"north":{"uv":[2.125,4.375,4.125,5.0],"tintindex":0,"rotation":0,"texture":"#0"}},"rotation":{"origin":[8.0,8.3272295,9.420952],"angle":-22.5,"axis":"x"}},{"from":[16.0,3.200181,0.33279228],"to":[16.0,8.200181,16.332792],"faces":{"east":{"uv":[0.0,4.25,2.0,4.875],"tintindex":0,"rotation":0,"texture":"#0"},"west":{"uv":[2.125,3.625,4.125,4.25],"tintindex":0,"rotation":0,"texture":"#0"}},"rotation":{"origin":[8.0,8.3272295,9.420952],"angle":-22.5,"axis":"x"}},{"from":[0.0,8.200181,0.33279228],"to":[16.0,14.200181,16.332792],"faces":{"east":{"uv":[3.5,1.75,5.5,2.5],"tintindex":0,"rotation":0,"texture":"#0"},"south":{"uv":[3.5,0.875,5.5,1.625],"tintindex":0,"rotation":0,"texture":"#0"},"north":{"uv":[3.5,0.875,5.5,1.625],"tintindex":0,"rotation":0,"texture":"#0"},"west":{"uv":[3.5,0.0,5.5,0.75],"tintindex":0,"rotation":0,"texture":"#0"},"up":{"uv":[2.0,2.0,0.0,0.0],"tintindex":0,"rotation":180,"texture":"#0"},"down":{"uv":[2.0,2.125,0.0,4.125],"tintindex":0,"rotation":180,"texture":"#0"}},"rotation":{"origin":[8.0,8.3272295,9.420952],"angle":-22.5,"axis":"x"}},{"from":[0.0,3.200181,16.332792],"to":[16.0,8.200181,16.332792],"faces":{"south":{"uv":[4.25,4.875,6.25,5.5],"tintindex":0,"rotation":0,"texture":"#0"},"north":{"uv":[0.0,5.0,2.0,5.625],"tintindex":0,"rotation":0,"texture":"#0"}},"rotation":{"origin":[8.0,8.3272295,9.420952],"angle":-22.5,"axis":"x"}},{"from":[0.0,3.200181,0.33279228],"to":[0.0,8.200181,16.332792],"faces":{"east":{"uv":[4.25,3.375,6.25,4.0],"tintindex":0,"rotation":0,"texture":"#0"},"west":{"uv":[4.25,2.625,6.25,3.25],"tintindex":0,"rotation":0,"texture":"#0"}},"rotation":{"origin":[8.0,8.3272295,9.420952],"angle":-22.5,"axis":"x"}}],"display":{"head":{"rotation":[0.0,0.0,0.0]},"firstperson_righthand":{"rotation":[0.0,0.0,0.0]},"thirdperson_lefthand":{"rotation":[0.0,-0.0,-0.0]},"firstperson_lefthand":{"rotation":[0.0,-0.0,-0.0]},"fixed":{"rotation":[0.0,0.0,0.0]},"ground":{"rotation":[0.0,0.0,0.0]},"thirdperson_righthand":{"rotation":[0.0,0.0,0.0]},"gui":{"rotation":[-150.0,-45.0,180.0]}}}