{"textures":{"0":"modelengine:entity/fire_imp","particle":"#0"},"elements":[{"from":[5.0,8.0,6.0],"to":[11.0,12.0,10.0],"faces":{"east":{"uv":[5.125,3.875,5.625,4.375],"tintindex":0,"rotation":0,"texture":"#0"},"south":{"uv":[2.5,3.875,3.25,4.375],"tintindex":0,"rotation":0,"texture":"#0"},"north":{"uv":[3.75,0.875,4.5,1.375],"tintindex":0,"rotation":0,"texture":"#0"},"west":{"uv":[0.0,5.25,0.5,5.75],"tintindex":0,"rotation":0,"texture":"#0"},"up":{"uv":[4.875,2.0,4.125,1.5],"tintindex":0,"rotation":0,"texture":"#0"},"down":{"uv":[4.875,2.125,4.125,2.625],"tintindex":0,"rotation":0,"texture":"#0"}}}],"display":{"head":{"rotation":[0.0,0.0,0.0]},"firstperson_righthand":{"rotation":[0.0,0.0,0.0]},"thirdperson_lefthand":{"rotation":[0.0,-0.0,-0.0]},"firstperson_lefthand":{"rotation":[0.0,-0.0,-0.0]},"fixed":{"rotation":[0.0,0.0,0.0]},"ground":{"rotation":[0.0,0.0,0.0]},"thirdperson_righthand":{"rotation":[0.0,0.0,0.0]},"gui":{"rotation":[-150.0,-45.0,180.0]}}}