{"textures":{"0":"modelengine:entity/fire_imp","particle":"#0"},"elements":[{"from":[7.0125,7.3179703,5.621765],"to":[8.9875,9.31797,9.621765],"faces":{"east":{"uv":[3.0,6.875,3.5,7.125],"tintindex":0,"rotation":0,"texture":"#0"},"south":{"uv":[7.25,6.125,7.5,6.375],"tintindex":0,"rotation":0,"texture":"#0"},"north":{"uv":[7.25,5.75,7.5,6.0],"tintindex":0,"rotation":0,"texture":"#0"},"west":{"uv":[3.625,6.875,4.125,7.125],"tintindex":0,"rotation":0,"texture":"#0"},"up":{"uv":[4.5,7.375,4.25,6.875],"tintindex":0,"rotation":0,"texture":"#0"},"down":{"uv":[7.125,5.0,6.875,5.5],"tintindex":0,"rotation":0,"texture":"#0"}},"rotation":{"origin":[8.0,13.024273,8.388447],"angle":-22.5,"axis":"x"}}],"display":{"head":{"rotation":[0.0,0.0,0.0]},"firstperson_righthand":{"rotation":[0.0,0.0,0.0]},"thirdperson_lefthand":{"rotation":[0.0,-0.0,-0.0]},"firstperson_lefthand":{"rotation":[0.0,-0.0,-0.0]},"fixed":{"rotation":[0.0,0.0,0.0]},"ground":{"rotation":[0.0,0.0,0.0]},"thirdperson_righthand":{"rotation":[0.0,0.0,0.0]},"gui":{"rotation":[-150.0,-45.0,180.0]}}}