{
  "textures": {
    "0": "modelengine:entity/dark_imp"
  },
  "elements": [
    {
      "from": [
        4.9999995,
        5.25,
        0.25
      ],
      "to": [
        11,
        8.25,
        11.25
      ],
      "faces": {
        "east": {
          "uv": [
            9.875,
            3.75,
            11.25,
            4.125
          ],
          "tintindex": 0,
          "rotation": 0,
          "texture": "#0"
        },
        "south": {
          "uv": [
            11,
            5.875,
            11.75,
            6.25
          ],
          "tintindex": 0,
          "rotation": 0,
          "texture": "#0"
        },
        "north": {
          "uv": [
            2.5,
            11,
            3.25,
            11.375
          ],
          "tintindex": 0,
          "rotation": 0,
          "texture": "#0"
        },
        "west": {
          "uv": [
            10.125,
            1.875,
            11.5,
            2.25
          ],
          "tintindex": 0,
          "rotation": 0,
          "texture": "#0"
        },
        "up": {
          "uv": [
            8.875,
            4.875,
            8.125,
            3.5
          ],
          "tintindex": 0,
          "rotation": 0,
          "texture": "#0"
        },
        "down": {
          "uv": [
            1.875,
            8.375,
            1.125,
            9.75
          ],
          "tintindex": 0,
          "rotation": 0,
          "texture": "#0"
        }
      }
    },
    {
      "from": [
        10.5,
        5.25,
        -2.75
      ],
      "to": [
        10.5,
        8.25,
        0.25
      ],
      "faces": {
        "east": {
          "uv": [
            12,
            1.625,
            11.625,
            2
          ],
          "tintindex": 0,
          "rotation": 0,
          "texture": "#0"
        },
        "west": {
          "uv": [
            11.625,
            1.625,
            12,
            2
          ],
          "tintindex": 0,
          "rotation": 0,
          "texture": "#0"
        }
      }
    },
    {
      "from": [
        5.4999995,
        5.25,
        -2.75
      ],
      "to": [
        5.4999995,
        8.25,
        0.25
      ],
      "faces": {
        "east": {
          "uv": [
            12,
            1.625,
            11.625,
            2
          ],
          "tintindex": 0,
          "rotation": 0,
          "texture": "#0"
        },
        "west": {
          "uv": [
            11.625,
            1.625,
            12,
            2
          ],
          "tintindex": 0,
          "rotation": 0,
          "texture": "#0"
        }
      }
    },
    {
      "from": [
        8,
        5.25,
        -2.75
      ],
      "to": [
        8,
        8.25,
        0.25
      ],
      "faces": {
        "east": {
          "uv": [
            12,
            1.625,
            11.625,
            2
          ],
          "tintindex": 0,
          "rotation": 0,
          "texture": "#0"
        },
        "west": {
          "uv": [
            11.625,
            1.625,
            12,
            2
          ],
          "tintindex": 0,
          "rotation": 0,
          "texture": "#0"
        }
      }
    }
  ],
  "display": {
    "gui": {
      "rotation": [
        30,
        225,
        0
      ]
    }
  }
}