{"textures":{"0":"modelengine:entity/lava_mite","particle":"#0"},"elements":[{"from":[3.0,6.0,4.0],"to":[13.0,14.0,14.0],"faces":{"east":{"uv":[2.75,2.25,5.25,4.25],"tintindex":0,"rotation":0,"texture":"#0"},"south":{"uv":[2.75,4.5,5.25,6.5],"tintindex":0,"rotation":0,"texture":"#0"},"north":{"uv":[2.75,0.0,5.25,2.0],"tintindex":0,"rotation":0,"texture":"#0"},"west":{"uv":[0.0,5.5,2.5,7.5],"tintindex":0,"rotation":0,"texture":"#0"},"up":{"uv":[2.5,2.5,0.0,0.0],"tintindex":0,"rotation":0,"texture":"#0"},"down":{"uv":[2.5,2.75,0.0,5.25],"tintindex":0,"rotation":0,"texture":"#0"}}}],"display":{"head":{"rotation":[0.0,0.0,0.0]},"firstperson_righthand":{"rotation":[0.0,0.0,0.0]},"thirdperson_lefthand":{"rotation":[0.0,-0.0,-0.0]},"firstperson_lefthand":{"rotation":[0.0,-0.0,-0.0]},"fixed":{"rotation":[0.0,0.0,0.0]},"ground":{"rotation":[0.0,0.0,0.0]},"thirdperson_righthand":{"rotation":[0.0,0.0,0.0]},"gui":{"rotation":[-150.0,-45.0,180.0]}}}