{"textures":{"0":"modelengine:entity/lava_mite","particle":"#0"},"elements":[{"from":[4.0,5.0,8.0],"to":[12.0,11.0,11.0],"faces":{"east":{"uv":[1.5,7.75,2.25,9.25],"tintindex":0,"rotation":0,"texture":"#0"},"south":{"uv":[5.5,5.25,7.5,6.75],"tintindex":0,"rotation":0,"texture":"#0"},"north":{"uv":[5.5,3.5,7.5,5.0],"tintindex":0,"rotation":0,"texture":"#0"},"west":{"uv":[7.75,2.0,8.5,3.5],"tintindex":0,"rotation":0,"texture":"#0"},"up":{"uv":[9.75,0.75,7.75,0.0],"tintindex":0,"rotation":0,"texture":"#0"},"down":{"uv":[9.75,1.0,7.75,1.75],"tintindex":0,"rotation":0,"texture":"#0"}}}],"display":{"head":{"rotation":[0.0,0.0,0.0]},"firstperson_righthand":{"rotation":[0.0,0.0,0.0]},"thirdperson_lefthand":{"rotation":[0.0,-0.0,-0.0]},"firstperson_lefthand":{"rotation":[0.0,-0.0,-0.0]},"fixed":{"rotation":[0.0,0.0,0.0]},"ground":{"rotation":[0.0,0.0,0.0]},"thirdperson_righthand":{"rotation":[0.0,0.0,0.0]},"gui":{"rotation":[-150.0,-45.0,180.0]}}}