{
  "textures": {
    "0": "modelengine:entity/blaze_king"
  },
  "elements": [
    {
      "from": [
        6.5,
        1,
        6.5
      ],
      "to": [
        9.5,
        15,
        9.5
      ],
      "faces": {
        "east": {
          "uv": [
            2.375,
            5.25,
            2.1875,
            6.125
          ],
          "tintindex": 0,
          "rotation": 0,
          "texture": "#0"
        },
        "south": {
          "uv": [
            2.625,
            5.25,
            2.4375,
            6.125
          ],
          "tintindex": 0,
          "rotation": 0,
          "texture": "#0"
        },
        "north": {
          "uv": [
            2.625,
            5.25,
            2.4375,
            6.125
          ],
          "tintindex": 0,
          "rotation": 0,
          "texture": "#0"
        },
        "west": {
          "uv": [
            2.375,
            5.25,
            2.1875,
            6.125
          ],
          "tintindex": 0,
          "rotation": 0,
          "texture": "#0"
        },
        "up": {
          "uv": [
            6.3125,
            6.75,
            6.5,
            6.5625
          ],
          "tintindex": 0,
          "rotation": 90,
          "texture": "#0"
        },
        "down": {
          "uv": [
            6.5625,
            6.5625,
            6.75,
            6.75
          ],
          "tintindex": 0,
          "rotation": 270,
          "texture": "#0"
        }
      }
    }
  ],
  "display": {
    "gui": {
      "rotation": [
        30,
        225,
        0
      ]
    }
  }
}