{
  "textures": {
    "0": "modelengine:entity/blaze_king",
    "2": "modelengine:entity/arm_fire_a"
  },
  "elements": [
    {
      "from": [
        7.669712,
        -0.8201046,
        8.536364
      ],
      "to": [
        18.669712,
        25.179893,
        8.536364
      ],
      "faces": {
        "south": {
          "uv": [
            11,
            0,
            5.5,
            13
          ],
          "tintindex": 0,
          "rotation": 0,
          "texture": "#2"
        },
        "north": {
          "uv": [
            5.5,
            0,
            11,
            13
          ],
          "tintindex": 0,
          "rotation": 0,
          "texture": "#2"
        }
      }
    },
    {
      "from": [
        4.1327057,
        -1.5198135,
        5.0613637
      ],
      "to": [
        11.132706,
        8.480186,
        12.011364
      ],
      "faces": {
        "east": {
          "uv": [
            3.9375,
            4.5625,
            3.5,
            5.1875
          ],
          "tintindex": 0,
          "rotation": 0,
          "texture": "#0"
        },
        "south": {
          "uv": [
            2.9375,
            4.5625,
            2.5,
            5.1875
          ],
          "tintindex": 0,
          "rotation": 0,
          "texture": "#0"
        },
        "north": {
          "uv": [
            3.4375,
            4.0625,
            3,
            4.6875
          ],
          "tintindex": 0,
          "rotation": 0,
          "texture": "#0"
        },
        "west": {
          "uv": [
            2.4375,
            4.5625,
            2,
            5.1875
          ],
          "tintindex": 0,
          "rotation": 0,
          "texture": "#0"
        },
        "up": {
          "uv": [
            5.0625,
            5.4375,
            5.5,
            5
          ],
          "tintindex": 0,
          "rotation": 0,
          "texture": "#0"
        },
        "down": {
          "uv": [
            5.125,
            0,
            5.5625,
            0.4375
          ],
          "tintindex": 0,
          "rotation": 0,
          "texture": "#0"
        }
      }
    },
    {
      "from": [
        3.1327057,
        1.4801865,
        4.0363636
      ],
      "to": [
        12.132706,
        6.4801865,
        13.036364
      ],
      "faces": {
        "east": {
          "uv": [
            1.625,
            5.1875,
            1.0625,
            5.5
          ],
          "tintindex": 0,
          "rotation": 0,
          "texture": "#0"
        },
        "south": {
          "uv": [
            1.625,
            5.1875,
            1.0625,
            5.5
          ],
          "tintindex": 0,
          "rotation": 0,
          "texture": "#0"
        },
        "north": {
          "uv": [
            1.625,
            5.1875,
            1.0625,
            5.5
          ],
          "tintindex": 0,
          "rotation": 0,
          "texture": "#0"
        },
        "west": {
          "uv": [
            1.625,
            5.1875,
            1.0625,
            5.5
          ],
          "tintindex": 0,
          "rotation": 0,
          "texture": "#0"
        },
        "up": {
          "uv": [
            0.75,
            5,
            1.3125,
            4.4375
          ],
          "tintindex": 0,
          "rotation": 0,
          "texture": "#0"
        },
        "down": {
          "uv": [
            0.75,
            5,
            1.3125,
            4.4375
          ],
          "tintindex": 0,
          "rotation": 0,
          "texture": "#0"
        }
      }
    }
  ],
  "display": {
    "gui": {
      "rotation": [
        30,
        225,
        0
      ]
    }
  }
}