{"overrides":[{"predicate":{"custom_model_data":1},"model":"modelengine:blaze_king/head"},{"predicate":{"custom_model_data":2},"model":"modelengine:blaze_king/front_shield"},{"predicate":{"custom_model_data":3},"model":"modelengine:blaze_king/right_arm"},{"predicate":{"custom_model_data":4},"model":"modelengine:blaze_king/upper_body"},{"predicate":{"custom_model_data":5},"model":"modelengine:blaze_king/left_arm"},{"predicate":{"custom_model_data":6},"model":"modelengine:blaze_king/back_shield"},{"predicate":{"custom_model_data":7},"model":"modelengine:blaze_king/right_wrist"},{"predicate":{"custom_model_data":8},"model":"modelengine:blaze_king/left_wrist"},{"predicate":{"custom_model_data":9},"model":"modelengine:blaze_king/right_back_rod"},{"predicate":{"custom_model_data":10},"model":"modelengine:blaze_king/front_rod"},{"predicate":{"custom_model_data":11},"model":"modelengine:blaze_king/left_back_rod"},{"predicate":{"custom_model_data":12},"model":"modelengine:blaze_king/left_front_rod"},{"predicate":{"custom_model_data":13},"model":"modelengine:blaze_king/right_front_rod"},{"predicate":{"custom_model_data":14},"model":"modelengine:blaze_king/back_rod"},{"predicate":{"custom_model_data":15},"model":"modelengine:blaze_king/right_finger"},{"predicate":{"custom_model_data":16},"model":"modelengine:blaze_king/right_thumb"},{"predicate":{"custom_model_data":17},"model":"modelengine:blaze_king/left_thumb"},{"predicate":{"custom_model_data":18},"model":"modelengine:blaze_king/left_finger"},{"predicate":{"custom_model_data":19},"model":"modelengine:dark_imp/left_leg"},{"predicate":{"custom_model_data":20},"model":"modelengine:dark_imp/upper_body"},{"predicate":{"custom_model_data":21},"model":"modelengine:dark_imp/right_leg"},{"predicate":{"custom_model_data":22},"model":"modelengine:dark_imp/left_ankle"},{"predicate":{"custom_model_data":23},"model":"modelengine:dark_imp/chest"},{"predicate":{"custom_model_data":24},"model":"modelengine:dark_imp/tail"},{"predicate":{"custom_model_data":25},"model":"modelengine:dark_imp/right_ankle"},{"predicate":{"custom_model_data":26},"model":"modelengine:dark_imp/left_foot"},{"predicate":{"custom_model_data":27},"model":"modelengine:dark_imp/head"},{"predicate":{"custom_model_data":28},"model":"modelengine:dark_imp/right_arm"},{"predicate":{"custom_model_data":29},"model":"modelengine:dark_imp/left_arm"},{"predicate":{"custom_model_data":30},"model":"modelengine:dark_imp/tail2"},{"predicate":{"custom_model_data":31},"model":"modelengine:dark_imp/right_foot"},{"predicate":{"custom_model_data":32},"model":"modelengine:dark_imp/jaw"},{"predicate":{"custom_model_data":33},"model":"modelengine:dark_imp/right_wrist"},{"predicate":{"custom_model_data":34},"model":"modelengine:dark_imp/left_wrist"},{"predicate":{"custom_model_data":35},"model":"modelengine:dark_imp/tail3"},{"predicate":{"custom_model_data":36},"model":"modelengine:dark_imp/right_thumb"},{"predicate":{"custom_model_data":37},"model":"modelengine:dark_imp/right_fingers"},{"predicate":{"custom_model_data":38},"model":"modelengine:dark_imp/left_thumb"},{"predicate":{"custom_model_data":39},"model":"modelengine:dark_imp/left_fingers"},{"predicate":{"custom_model_data":40},"model":"modelengine:dark_imp/tail4"},{"predicate":{"custom_model_data":41},"model":"modelengine:fire_imp/upper_body"},{"predicate":{"custom_model_data":42},"model":"modelengine:fire_imp/left_leg"},{"predicate":{"custom_model_data":43},"model":"modelengine:fire_imp/right_leg"},{"predicate":{"custom_model_data":44},"model":"modelengine:fire_imp/chest"},{"predicate":{"custom_model_data":45},"model":"modelengine:fire_imp/tail"},{"predicate":{"custom_model_data":46},"model":"modelengine:fire_imp/left_ankle"},{"predicate":{"custom_model_data":47},"model":"modelengine:fire_imp/right_ankle"},{"predicate":{"custom_model_data":48},"model":"modelengine:fire_imp/head"},{"predicate":{"custom_model_data":49},"model":"modelengine:fire_imp/right_arm"},{"predicate":{"custom_model_data":50},"model":"modelengine:fire_imp/right_wing"},{"predicate":{"custom_model_data":51},"model":"modelengine:fire_imp/left_arm"},{"predicate":{"custom_model_data":52},"model":"modelengine:fire_imp/left_wing"},{"predicate":{"custom_model_data":53},"model":"modelengine:fire_imp/tail2"},{"predicate":{"custom_model_data":54},"model":"modelengine:fire_imp/right_wrist"},{"predicate":{"custom_model_data":55},"model":"modelengine:fire_imp/right_wing_end"},{"predicate":{"custom_model_data":56},"model":"modelengine:fire_imp/left_wrist"},{"predicate":{"custom_model_data":57},"model":"modelengine:fire_imp/left_wing_end"},{"predicate":{"custom_model_data":58},"model":"modelengine:fire_imp/tail3"},{"predicate":{"custom_model_data":59},"model":"modelengine:fire_imp/tail4"},{"predicate":{"custom_model_data":60},"model":"modelengine:fire_imp/tail5"},{"predicate":{"custom_model_data":61},"model":"modelengine:hell_hound/upper_body"},{"predicate":{"custom_model_data":62},"model":"modelengine:hell_hound/left_thigh"},{"predicate":{"custom_model_data":63},"model":"modelengine:hell_hound/right_thigh"},{"predicate":{"custom_model_data":64},"model":"modelengine:hell_hound/chest"},{"predicate":{"custom_model_data":65},"model":"modelengine:hell_hound/tail"},{"predicate":{"custom_model_data":66},"model":"modelengine:hell_hound/left_leg"},{"predicate":{"custom_model_data":67},"model":"modelengine:hell_hound/right_leg"},{"predicate":{"custom_model_data":68},"model":"modelengine:hell_hound/right_arm"},{"predicate":{"custom_model_data":69},"model":"modelengine:hell_hound/left_arm"},{"predicate":{"custom_model_data":70},"model":"modelengine:hell_hound/neck"},{"predicate":{"custom_model_data":71},"model":"modelengine:hell_hound/tail2"},{"predicate":{"custom_model_data":72},"model":"modelengine:hell_hound/left_ankle"},{"predicate":{"custom_model_data":73},"model":"modelengine:hell_hound/right_ankle"},{"predicate":{"custom_model_data":74},"model":"modelengine:hell_hound/right_wrist"},{"predicate":{"custom_model_data":75},"model":"modelengine:hell_hound/left_wrist"},{"predicate":{"custom_model_data":76},"model":"modelengine:hell_hound/head"},{"predicate":{"custom_model_data":77},"model":"modelengine:hell_hound/chain_1"},{"predicate":{"custom_model_data":78},"model":"modelengine:hell_hound/tail3"},{"predicate":{"custom_model_data":79},"model":"modelengine:hell_hound/left_foot"},{"predicate":{"custom_model_data":80},"model":"modelengine:hell_hound/right_foot"},{"predicate":{"custom_model_data":81},"model":"modelengine:hell_hound/right_hand"},{"predicate":{"custom_model_data":82},"model":"modelengine:hell_hound/left_hand"},{"predicate":{"custom_model_data":83},"model":"modelengine:hell_hound/jaw"},{"predicate":{"custom_model_data":84},"model":"modelengine:hell_hound/chain_2"},{"predicate":{"custom_model_data":85},"model":"modelengine:hell_hound/chain_3"},{"predicate":{"custom_model_data":86},"model":"modelengine:hell_hound/chain_4"},{"predicate":{"custom_model_data":87},"model":"modelengine:lava_mite/body"},{"predicate":{"custom_model_data":88},"model":"modelengine:lava_mite/head"},{"predicate":{"custom_model_data":89},"model":"modelengine:lava_mite/butt"},{"predicate":{"custom_model_data":90},"model":"modelengine:lava_mite/left_sting"},{"predicate":{"custom_model_data":91},"model":"modelengine:lava_mite/right_sting"},{"predicate":{"custom_model_data":92},"model":"modelengine:lava_piranha/body"},{"predicate":{"custom_model_data":93},"model":"modelengine:lava_piranha/head"},{"predicate":{"custom_model_data":94},"model":"modelengine:lava_piranha/left_fin"},{"predicate":{"custom_model_data":95},"model":"modelengine:lava_piranha/tail"},{"predicate":{"custom_model_data":96},"model":"modelengine:lava_piranha/right_fin"},{"predicate":{"custom_model_data":97},"model":"modelengine:lava_piranha/jaw"},{"predicate":{"custom_model_data":98},"model":"modelengine:lost_soul/body"},{"predicate":{"custom_model_data":99},"model":"modelengine:lost_soul/right_arm"},{"predicate":{"custom_model_data":100},"model":"modelengine:lost_soul/right_cape"},{"predicate":{"custom_model_data":101},"model":"modelengine:lost_soul/left_arm"},{"predicate":{"custom_model_data":102},"model":"modelengine:lost_soul/back_cape"},{"predicate":{"custom_model_data":103},"model":"modelengine:lost_soul/left_cape"},{"predicate":{"custom_model_data":104},"model":"modelengine:lost_soul/front_cape"},{"predicate":{"custom_model_data":105},"model":"modelengine:nether_mushroom/body"},{"predicate":{"custom_model_data":106},"model":"modelengine:nether_mushroom/head"},{"predicate":{"custom_model_data":107},"model":"modelengine:nether_mushroom/right_arm"},{"predicate":{"custom_model_data":108},"model":"modelengine:nether_mushroom/left_arm"},{"predicate":{"custom_model_data":109},"model":"modelengine:nether_mushroom/head_top"},{"predicate":{"custom_model_data":110},"model":"modelengine:abyssal_charge/vertical_aura_thin_root"},{"predicate":{"custom_model_data":111},"model":"modelengine:abyssal_charge/vertical_aura_thick_root"},{"predicate":{"custom_model_data":112},"model":"modelengine:abyssal_charge/horizontal_aura2"},{"predicate":{"custom_model_data":113},"model":"modelengine:abyssal_charge/horizontal_aura3"},{"predicate":{"custom_model_data":114},"model":"modelengine:abyssal_charge/horizontal_aura4"},{"predicate":{"custom_model_data":115},"model":"modelengine:abyssal_charge/horizontal_aura1"},{"predicate":{"custom_model_data":116},"model":"modelengine:abyssal_charge/dark_mist8"},{"predicate":{"custom_model_data":117},"model":"modelengine:abyssal_charge/dark_mist7"},{"predicate":{"custom_model_data":118},"model":"modelengine:abyssal_charge/dark_mist4"},{"predicate":{"custom_model_data":119},"model":"modelengine:abyssal_charge/dark_mist3"},{"predicate":{"custom_model_data":120},"model":"modelengine:abyssal_charge/dark_mist6"},{"predicate":{"custom_model_data":121},"model":"modelengine:abyssal_charge/dark_mist5"},{"predicate":{"custom_model_data":122},"model":"modelengine:abyssal_charge/dark_mist2"},{"predicate":{"custom_model_data":123},"model":"modelengine:abyssal_charge/dark_mist1"},{"predicate":{"custom_model_data":124},"model":"modelengine:abyssal_charge/dark_air9"},{"predicate":{"custom_model_data":125},"model":"modelengine:abyssal_charge/dark_air7"},{"predicate":{"custom_model_data":126},"model":"modelengine:abyssal_charge/dark_air12"},{"predicate":{"custom_model_data":127},"model":"modelengine:abyssal_charge/dark_air8"},{"predicate":{"custom_model_data":128},"model":"modelengine:abyssal_charge/dark_air10"},{"predicate":{"custom_model_data":129},"model":"modelengine:abyssal_charge/dark_air11"},{"predicate":{"custom_model_data":130},"model":"modelengine:abyssal_charge/dark_air18"},{"predicate":{"custom_model_data":131},"model":"modelengine:abyssal_charge/dark_air13"},{"predicate":{"custom_model_data":132},"model":"modelengine:abyssal_charge/dark_air16"},{"predicate":{"custom_model_data":133},"model":"modelengine:abyssal_charge/dark_air17"},{"predicate":{"custom_model_data":134},"model":"modelengine:abyssal_charge/dark_air14"},{"predicate":{"custom_model_data":135},"model":"modelengine:abyssal_charge/dark_air15"},{"predicate":{"custom_model_data":136},"model":"modelengine:abyssal_charge/dark_air5"},{"predicate":{"custom_model_data":137},"model":"modelengine:abyssal_charge/dark_air6"},{"predicate":{"custom_model_data":138},"model":"modelengine:abyssal_charge/dark_air3"},{"predicate":{"custom_model_data":139},"model":"modelengine:abyssal_charge/dark_air4"},{"predicate":{"custom_model_data":140},"model":"modelengine:abyssal_charge/dark_air1"},{"predicate":{"custom_model_data":141},"model":"modelengine:abyssal_charge/dark_air2"},{"predicate":{"custom_model_data":142},"model":"modelengine:abyssal_charge/explosion_shot31"},{"predicate":{"custom_model_data":143},"model":"modelengine:abyssal_charge/explosion_shot30"},{"predicate":{"custom_model_data":144},"model":"modelengine:abyssal_charge/explosion_shot11"},{"predicate":{"custom_model_data":145},"model":"modelengine:abyssal_charge/explosion_shot33"},{"predicate":{"custom_model_data":146},"model":"modelengine:abyssal_charge/explosion_shot10"},{"predicate":{"custom_model_data":147},"model":"modelengine:abyssal_charge/explosion_shot32"},{"predicate":{"custom_model_data":148},"model":"modelengine:abyssal_charge/explosion_shot17"},{"predicate":{"custom_model_data":149},"model":"modelengine:abyssal_charge/explosion_shot16"},{"predicate":{"custom_model_data":150},"model":"modelengine:abyssal_charge/explosion_shot19"},{"predicate":{"custom_model_data":151},"model":"modelengine:abyssal_charge/explosion_shot18"},{"predicate":{"custom_model_data":152},"model":"modelengine:abyssal_charge/explosion_shot13"},{"predicate":{"custom_model_data":153},"model":"modelengine:abyssal_charge/explosion_shot35"},{"predicate":{"custom_model_data":154},"model":"modelengine:abyssal_charge/explosion_shot12"},{"predicate":{"custom_model_data":155},"model":"modelengine:abyssal_charge/explosion_shot34"},{"predicate":{"custom_model_data":156},"model":"modelengine:abyssal_charge/explosion_shot15"},{"predicate":{"custom_model_data":157},"model":"modelengine:abyssal_charge/explosion_shot14"},{"predicate":{"custom_model_data":158},"model":"modelengine:abyssal_charge/explosion_shot36"},{"predicate":{"custom_model_data":159},"model":"modelengine:abyssal_charge/explosion_shot1"},{"predicate":{"custom_model_data":160},"model":"modelengine:abyssal_charge/explosion_shot2"},{"predicate":{"custom_model_data":161},"model":"modelengine:abyssal_charge/explosion_shot3"},{"predicate":{"custom_model_data":162},"model":"modelengine:abyssal_charge/explosion_shot4"},{"predicate":{"custom_model_data":163},"model":"modelengine:abyssal_charge/explosion_shot5"},{"predicate":{"custom_model_data":164},"model":"modelengine:abyssal_charge/explosion_shot6"},{"predicate":{"custom_model_data":165},"model":"modelengine:abyssal_charge/explosion_shot7"},{"predicate":{"custom_model_data":166},"model":"modelengine:abyssal_charge/explosion_shot20"},{"predicate":{"custom_model_data":167},"model":"modelengine:abyssal_charge/explosion_shot8"},{"predicate":{"custom_model_data":168},"model":"modelengine:abyssal_charge/explosion_shot9"},{"predicate":{"custom_model_data":169},"model":"modelengine:abyssal_charge/explosion_shot22"},{"predicate":{"custom_model_data":170},"model":"modelengine:abyssal_charge/explosion_shot21"},{"predicate":{"custom_model_data":171},"model":"modelengine:abyssal_charge/explosion_shot28"},{"predicate":{"custom_model_data":172},"model":"modelengine:abyssal_charge/explosion_shot27"},{"predicate":{"custom_model_data":173},"model":"modelengine:abyssal_charge/explosion_shot29"},{"predicate":{"custom_model_data":174},"model":"modelengine:abyssal_charge/explosion_shot24"},{"predicate":{"custom_model_data":175},"model":"modelengine:abyssal_charge/explosion_shot23"},{"predicate":{"custom_model_data":176},"model":"modelengine:abyssal_charge/explosion_shot26"},{"predicate":{"custom_model_data":177},"model":"modelengine:abyssal_charge/explosion_shot25"},{"predicate":{"custom_model_data":178},"model":"modelengine:abyssal_knight/left_leg"},{"predicate":{"custom_model_data":179},"model":"modelengine:abyssal_knight/torso"},{"predicate":{"custom_model_data":180},"model":"modelengine:abyssal_knight/right_leg"},{"predicate":{"custom_model_data":181},"model":"modelengine:abyssal_knight/left_knee"},{"predicate":{"custom_model_data":182},"model":"modelengine:abyssal_knight/right_hip_cloth"},{"predicate":{"custom_model_data":183},"model":"modelengine:abyssal_knight/left_hip_cloth"},{"predicate":{"custom_model_data":184},"model":"modelengine:abyssal_knight/upper_torso"},{"predicate":{"custom_model_data":185},"model":"modelengine:abyssal_knight/right_knee"},{"predicate":{"custom_model_data":186},"model":"modelengine:abyssal_knight/splash2"},{"predicate":{"custom_model_data":187},"model":"modelengine:abyssal_knight/splash1"},{"predicate":{"custom_model_data":188},"model":"modelengine:abyssal_knight/splash6"},{"predicate":{"custom_model_data":189},"model":"modelengine:abyssal_knight/splash5"},{"predicate":{"custom_model_data":190},"model":"modelengine:abyssal_knight/splash4"},{"predicate":{"custom_model_data":191},"model":"modelengine:abyssal_knight/splash3"},{"predicate":{"custom_model_data":192},"model":"modelengine:abyssal_knight/splash8"},{"predicate":{"custom_model_data":193},"model":"modelengine:abyssal_knight/splash7"},{"predicate":{"custom_model_data":194},"model":"modelengine:abyssal_knight/splash8_ph2"},{"predicate":{"custom_model_data":195},"model":"modelengine:abyssal_knight/splash3_ph2"},{"predicate":{"custom_model_data":196},"model":"modelengine:abyssal_knight/splash7_ph2"},{"predicate":{"custom_model_data":197},"model":"modelengine:abyssal_knight/splash6_ph2"},{"predicate":{"custom_model_data":198},"model":"modelengine:abyssal_knight/splash5_ph2"},{"predicate":{"custom_model_data":199},"model":"modelengine:abyssal_knight/splash1_ph2"},{"predicate":{"custom_model_data":200},"model":"modelengine:abyssal_knight/splash4_ph2"},{"predicate":{"custom_model_data":201},"model":"modelengine:abyssal_knight/splash2_ph2"},{"predicate":{"custom_model_data":202},"model":"modelengine:abyssal_knight/right_hip_cloth2"},{"predicate":{"custom_model_data":203},"model":"modelengine:abyssal_knight/left_hip_cloth2"},{"predicate":{"custom_model_data":204},"model":"modelengine:abyssal_knight/head"},{"predicate":{"custom_model_data":205},"model":"modelengine:abyssal_knight/right_arm"},{"predicate":{"custom_model_data":206},"model":"modelengine:abyssal_knight/left_arm"},{"predicate":{"custom_model_data":207},"model":"modelengine:abyssal_knight/scarf"},{"predicate":{"custom_model_data":208},"model":"modelengine:abyssal_knight/cape"},{"predicate":{"custom_model_data":209},"model":"modelengine:abyssal_knight/abyssal_impact1"},{"predicate":{"custom_model_data":210},"model":"modelengine:abyssal_knight/abyssal_impact2"},{"predicate":{"custom_model_data":211},"model":"modelengine:abyssal_knight/helmet"},{"predicate":{"custom_model_data":212},"model":"modelengine:abyssal_knight/right_elbow"},{"predicate":{"custom_model_data":213},"model":"modelengine:abyssal_knight/left_shoulderpad"},{"predicate":{"custom_model_data":214},"model":"modelengine:abyssal_knight/left_elbow"},{"predicate":{"custom_model_data":215},"model":"modelengine:abyssal_knight/cape2"},{"predicate":{"custom_model_data":216},"model":"modelengine:abyssal_knight/abyssal_impact_round4"},{"predicate":{"custom_model_data":217},"model":"modelengine:abyssal_knight/abyssal_impact_round3"},{"predicate":{"custom_model_data":218},"model":"modelengine:abyssal_knight/abyssal_impact_round2"},{"predicate":{"custom_model_data":219},"model":"modelengine:abyssal_knight/abyssal_impact_round1"},{"predicate":{"custom_model_data":220},"model":"modelengine:abyssal_knight/abyssal_impact_round6"},{"predicate":{"custom_model_data":221},"model":"modelengine:abyssal_knight/abyssal_impact_round5"},{"predicate":{"custom_model_data":222},"model":"modelengine:abyssal_knight/greatsword"},{"predicate":{"custom_model_data":223},"model":"modelengine:abyssal_knight/dark_aura3"},{"predicate":{"custom_model_data":224},"model":"modelengine:abyssal_knight/dark_aura2"},{"predicate":{"custom_model_data":225},"model":"modelengine:abyssal_knight/dark_aura1"},{"predicate":{"custom_model_data":226},"model":"modelengine:abyssal_knight/hair2"},{"predicate":{"custom_model_data":227},"model":"modelengine:abyssal_knight/sword_trail"},{"predicate":{"custom_model_data":228},"model":"modelengine:abyssal_knight/hair3"},{"predicate":{"custom_model_data":229},"model":"modelengine:abyssal_knight/dark_energy2"},{"predicate":{"custom_model_data":230},"model":"modelengine:abyssal_knight/dark_energy1"},{"predicate":{"custom_model_data":231},"model":"modelengine:abyssal_knight/dark_energy4"},{"predicate":{"custom_model_data":232},"model":"modelengine:abyssal_knight/dark_energy3"},{"predicate":{"custom_model_data":233},"model":"modelengine:abyssal_knight/dark_energy5"},{"predicate":{"custom_model_data":234},"model":"modelengine:abyssal_knight/hair4"},{"predicate":{"custom_model_data":235},"model":"modelengine:abyssal_puddle/puddle"},{"predicate":{"custom_model_data":236},"model":"modelengine:abyssal_puddle/big_bubble4"},{"predicate":{"custom_model_data":237},"model":"modelengine:abyssal_puddle/big_bubble3"},{"predicate":{"custom_model_data":238},"model":"modelengine:abyssal_puddle/small_bubble4"},{"predicate":{"custom_model_data":239},"model":"modelengine:abyssal_puddle/big_bubble2"},{"predicate":{"custom_model_data":240},"model":"modelengine:abyssal_puddle/small_bubble3"},{"predicate":{"custom_model_data":241},"model":"modelengine:abyssal_puddle/big_bubble1"},{"predicate":{"custom_model_data":242},"model":"modelengine:abyssal_puddle/small_bubble2"},{"predicate":{"custom_model_data":243},"model":"modelengine:abyssal_puddle/small_bubble1"}],"parent":"minecraft:item/generated","textures":{"layer0":"minecraft:item/leather_horse_armor"}}