{"textures":{"0":"modelengine:entity/abyssal_charge","particle":"#0"},"elements":[{"from":[4.0,4.0,4.0],"to":[12.0,12.0,12.0],"faces":{"east":{"uv":[0.0,12.125,0.5,12.625],"tintindex":0,"rotation":0,"texture":"#0"},"south":{"uv":[1.0,12.625,1.5,13.125],"tintindex":0,"rotation":0,"texture":"#0"},"north":{"uv":[0.0,12.625,0.5,13.125],"tintindex":0,"rotation":0,"texture":"#0"},"west":{"uv":[1.0,12.125,1.5,12.625],"tintindex":0,"rotation":0,"texture":"#0"},"up":{"uv":[0.5,12.625,1.0,13.125],"tintindex":0,"rotation":0,"texture":"#0"},"down":{"uv":[0.5,12.125,1.0,12.625],"tintindex":0,"rotation":0,"texture":"#0"}}},{"from":[12.5,12.5,20.5],"to":[3.5,3.5,3.5],"faces":{"east":{"uv":[0.0,11.625,1.0,11.125],"tintindex":0,"rotation":0,"texture":"#0"},"south":{"uv":[1.0,12.125,1.5,11.625],"tintindex":0,"rotation":0,"texture":"#0"},"north":{"uv":[1.0,11.625,1.5,11.125],"tintindex":0,"rotation":0,"texture":"#0"},"west":{"uv":[0.0,12.125,1.0,11.625],"tintindex":0,"rotation":0,"texture":"#0"},"up":{"uv":[2.0,11.125,1.5,12.125],"tintindex":0,"rotation":0,"texture":"#0"},"down":{"uv":[2.5,11.125,2.0,12.125],"tintindex":0,"rotation":0,"texture":"#0"}}},{"from":[3.5,3.5,3.5],"to":[12.5,12.5,20.5],"faces":{"east":{"uv":[0.0,11.625,1.0,12.125],"tintindex":0,"rotation":0,"texture":"#0"},"south":{"uv":[1.0,11.125,1.5,11.625],"tintindex":0,"rotation":0,"texture":"#0"},"north":{"uv":[1.0,11.625,1.5,12.125],"tintindex":0,"rotation":0,"texture":"#0"},"west":{"uv":[0.0,11.125,1.0,11.625],"tintindex":0,"rotation":0,"texture":"#0"},"up":{"uv":[2.0,11.125,2.5,12.125],"tintindex":0,"rotation":0,"texture":"#0"},"down":{"uv":[1.5,11.125,2.0,12.125],"tintindex":0,"rotation":0,"texture":"#0"}}}],"display":{"head":{"rotation":[0.0,0.0,0.0]},"firstperson_righthand":{"rotation":[0.0,0.0,0.0]},"thirdperson_lefthand":{"rotation":[0.0,-0.0,-0.0]},"firstperson_lefthand":{"rotation":[0.0,-0.0,-0.0]},"fixed":{"rotation":[0.0,0.0,0.0]},"ground":{"rotation":[0.0,0.0,0.0]},"thirdperson_righthand":{"rotation":[0.0,0.0,0.0]},"gui":{"rotation":[-150.0,-45.0,180.0]}}}