{
  "textures": {
    "0": "modelengine:entity/lava_mite"
  },
  "elements": [
    {
      "from": [
        3,
        6,
        4
      ],
      "to": [
        13,
        14,
        14
      ],
      "faces": {
        "east": {
          "uv": [
            2.75,
            2.25,
            5.25,
            4.25
          ],
          "tintindex": 0,
          "rotation": 0,
          "texture": "#0"
        },
        "south": {
          "uv": [
            2.75,
            4.5,
            5.25,
            6.5
          ],
          "tintindex": 0,
          "rotation": 0,
          "texture": "#0"
        },
        "north": {
          "uv": [
            2.75,
            0,
            5.25,
            2
          ],
          "tintindex": 0,
          "rotation": 0,
          "texture": "#0"
        },
        "west": {
          "uv": [
            0,
            5.5,
            2.5,
            7.5
          ],
          "tintindex": 0,
          "rotation": 0,
          "texture": "#0"
        },
        "up": {
          "uv": [
            2.5,
            2.5,
            0,
            0
          ],
          "tintindex": 0,
          "rotation": 0,
          "texture": "#0"
        },
        "down": {
          "uv": [
            2.5,
            2.75,
            0,
            5.25
          ],
          "tintindex": 0,
          "rotation": 0,
          "texture": "#0"
        }
      }
    }
  ],
  "display": {
    "gui": {
      "rotation": [
        30,
        225,
        0
      ]
    }
  }
}