{
  "textures": {
    "0": "modelengine:entity/lava_mite"
  },
  "elements": [
    {
      "from": [
        4,
        5,
        8
      ],
      "to": [
        12,
        11,
        11
      ],
      "faces": {
        "east": {
          "uv": [
            1.5,
            7.75,
            2.25,
            9.25
          ],
          "tintindex": 0,
          "rotation": 0,
          "texture": "#0"
        },
        "south": {
          "uv": [
            5.5,
            5.25,
            7.5,
            6.75
          ],
          "tintindex": 0,
          "rotation": 0,
          "texture": "#0"
        },
        "north": {
          "uv": [
            5.5,
            3.5,
            7.5,
            5
          ],
          "tintindex": 0,
          "rotation": 0,
          "texture": "#0"
        },
        "west": {
          "uv": [
            7.75,
            2,
            8.5,
            3.5
          ],
          "tintindex": 0,
          "rotation": 0,
          "texture": "#0"
        },
        "up": {
          "uv": [
            9.75,
            0.75,
            7.75,
            0
          ],
          "tintindex": 0,
          "rotation": 0,
          "texture": "#0"
        },
        "down": {
          "uv": [
            9.75,
            1,
            7.75,
            1.75
          ],
          "tintindex": 0,
          "rotation": 0,
          "texture": "#0"
        }
      }
    }
  ],
  "display": {
    "gui": {
      "rotation": [
        30,
        225,
        0
      ]
    }
  }
}