{
  "textures": {
    "0": "modelengine:entity/lava_mite"
  },
  "elements": [
    {
      "from": [
        9.897728,
        7,
        5.328093
      ],
      "to": [
        12.897728,
        9,
        10.328093
      ],
      "faces": {
        "east": {
          "uv": [
            10,
            2,
            8.75,
            2.5
          ],
          "tintindex": 0,
          "rotation": 0,
          "texture": "#0"
        },
        "south": {
          "uv": [
            9.5,
            4.25,
            8.75,
            4.75
          ],
          "tintindex": 0,
          "rotation": 0,
          "texture": "#0"
        },
        "north": {
          "uv": [
            6.75,
            8.5,
            6,
            9
          ],
          "tintindex": 0,
          "rotation": 0,
          "texture": "#0"
        },
        "west": {
          "uv": [
            5.75,
            8.5,
            4.5,
            9
          ],
          "tintindex": 0,
          "rotation": 0,
          "texture": "#0"
        },
        "up": {
          "uv": [
            7.75,
            5,
            8.5,
            3.75
          ],
          "tintindex": 0,
          "rotation": 0,
          "texture": "#0"
        },
        "down": {
          "uv": [
            7.75,
            5.25,
            8.5,
            6.5
          ],
          "tintindex": 0,
          "rotation": 0,
          "texture": "#0"
        }
      },
      "rotation": {
        "origin": [
          4.7252254,
          9,
          14.072977
        ],
        "angle": 22.5,
        "axis": "y"
      }
    }
  ],
  "display": {
    "gui": {
      "rotation": [
        30,
        225,
        0
      ]
    }
  }
}