{"textures":{"0":"modelengine:entity/dark_imp","particle":"#0"},"elements":[{"from":[0.0,6.000001,0.5],"to":[16.0,16.0,9.5],"faces":{"east":{"uv":[2.625,6.375,3.75,7.625],"tintindex":0,"rotation":0,"texture":"#0"},"south":{"uv":[0.0,1.375,2.0,2.625],"tintindex":0,"rotation":0,"texture":"#0"},"north":{"uv":[0.0,0.0,2.0,1.25],"tintindex":0,"rotation":0,"texture":"#0"},"west":{"uv":[3.875,6.375,5.0,7.625],"tintindex":0,"rotation":0,"texture":"#0"},"up":{"uv":[4.125,1.125,2.125,0.0],"tintindex":0,"rotation":0,"texture":"#0"},"down":{"uv":[4.125,1.25,2.125,2.375],"tintindex":0,"rotation":0,"texture":"#0"}},"rotation":{"origin":[8.0,11.0,5.0],"angle":-45.0,"axis":"x"}}],"display":{"head":{"rotation":[0.0,0.0,0.0]},"firstperson_righthand":{"rotation":[0.0,0.0,0.0]},"thirdperson_lefthand":{"rotation":[0.0,-0.0,-0.0]},"firstperson_lefthand":{"rotation":[0.0,-0.0,-0.0]},"fixed":{"rotation":[0.0,0.0,0.0]},"ground":{"rotation":[0.0,0.0,0.0]},"thirdperson_righthand":{"rotation":[0.0,0.0,0.0]},"gui":{"rotation":[-150.0,-45.0,180.0]}}}