{"textures":{"0":"modelengine:entity/dark_imp","particle":"#0"},"elements":[{"from":[7.9221034,11.494486,-1.4895687],"to":[13.922104,13.494486,-1.4895687],"faces":{"south":{"uv":[6.75,2.375,7.5,2.625],"tintindex":0,"rotation":0,"texture":"#0"},"north":{"uv":[7.5,2.375,6.75,2.625],"tintindex":0,"rotation":0,"texture":"#0"}},"rotation":{"origin":[10.922104,12.494486,-1.4895687],"angle":22.5,"axis":"z"}},{"from":[3.0,6.459709,-1.3895683],"to":[13.0,16.45971,8.610432],"faces":{"east":{"uv":[4.25,0.0,5.5,1.25],"tintindex":0,"rotation":0,"texture":"#0"},"south":{"uv":[0.0,4.375,1.25,5.625],"tintindex":0,"rotation":0,"texture":"#0"},"north":{"uv":[1.625,4.125,2.875,5.375],"tintindex":0,"rotation":0,"texture":"#0"},"west":{"uv":[3.0,5.0,4.25,6.25],"tintindex":0,"rotation":0,"texture":"#0"},"up":{"uv":[5.625,6.25,4.375,5.0],"tintindex":0,"rotation":0,"texture":"#0"},"down":{"uv":[6.625,1.375,5.375,2.625],"tintindex":0,"rotation":0,"texture":"#0"}}},{"from":[8.75,13.919865,-3.9563255],"to":[12.75,18.919865,2.0436745],"faces":{"east":{"uv":[9.375,10.0,8.625,10.625],"tintindex":0,"rotation":0,"texture":"#0"},"south":{"uv":[10.5,10.625,10.0,11.25],"tintindex":0,"rotation":0,"texture":"#0"},"north":{"uv":[11.125,6.625,10.625,7.25],"tintindex":0,"rotation":0,"texture":"#0"},"west":{"uv":[6.75,9.75,6.0,10.375],"tintindex":0,"rotation":0,"texture":"#0"},"up":{"uv":[10.625,1.5,11.125,0.75],"tintindex":0,"rotation":0,"texture":"#0"},"down":{"uv":[10.625,4.25,11.125,5.0],"tintindex":0,"rotation":0,"texture":"#0"}},"rotation":{"origin":[10.75,16.419865,-0.95632553],"angle":45.0,"axis":"x"}},{"from":[9.725,16.773418,-4.845413],"to":[12.725,22.773418,-1.8454132],"faces":{"east":{"uv":[2.375,11.0,2.0,11.75],"tintindex":0,"rotation":0,"texture":"#0"},"south":{"uv":[8.0,10.875,7.625,11.625],"tintindex":0,"rotation":0,"texture":"#0"},"north":{"uv":[1.0,10.875,0.625,11.625],"tintindex":0,"rotation":0,"texture":"#0"},"west":{"uv":[5.875,10.875,5.5,11.625],"tintindex":0,"rotation":0,"texture":"#0"},"up":{"uv":[4.875,11.875,5.25,11.5],"tintindex":0,"rotation":0,"texture":"#0"},"down":{"uv":[11.5,5.25,11.875,5.625],"tintindex":0,"rotation":0,"texture":"#0"}}},{"from":[3.275,16.773418,-4.845413],"to":[6.275,22.773418,-1.8454132],"faces":{"east":{"uv":[5.5,10.875,5.875,11.625],"tintindex":0,"rotation":0,"texture":"#0"},"south":{"uv":[7.625,10.875,8.0,11.625],"tintindex":0,"rotation":0,"texture":"#0"},"north":{"uv":[0.625,10.875,1.0,11.625],"tintindex":0,"rotation":0,"texture":"#0"},"west":{"uv":[2.0,11.0,2.375,11.75],"tintindex":0,"rotation":0,"texture":"#0"},"up":{"uv":[5.25,11.875,4.875,11.5],"tintindex":0,"rotation":0,"texture":"#0"},"down":{"uv":[11.875,5.25,11.5,5.625],"tintindex":0,"rotation":0,"texture":"#0"}}},{"from":[11.7,21.18763,-3.016986],"to":[12.7,27.18763,-1.0169859],"faces":{"east":{"uv":[4.625,9.75,4.375,10.5],"tintindex":0,"rotation":0,"texture":"#0"},"south":{"uv":[1.0,8.5,0.875,9.25],"tintindex":0,"rotation":0,"texture":"#0"},"north":{"uv":[1.5,4.375,1.375,5.125],"tintindex":0,"rotation":0,"texture":"#0"},"west":{"uv":[2.875,5.5,2.625,6.25],"tintindex":0,"rotation":0,"texture":"#0"},"up":{"uv":[5.375,4.5,5.5,4.25],"tintindex":0,"rotation":0,"texture":"#0"},"down":{"uv":[5.375,4.625,5.5,4.875],"tintindex":0,"rotation":0,"texture":"#0"}},"rotation":{"origin":[12.2,24.18763,-2.016986],"angle":45.0,"axis":"x"}},{"from":[3.3000002,21.18763,-3.016986],"to":[4.3,27.18763,-1.0169859],"faces":{"east":{"uv":[2.625,5.5,2.875,6.25],"tintindex":0,"rotation":0,"texture":"#0"},"south":{"uv":[0.875,8.5,1.0,9.25],"tintindex":0,"rotation":0,"texture":"#0"},"north":{"uv":[1.375,4.375,1.5,5.125],"tintindex":0,"rotation":0,"texture":"#0"},"west":{"uv":[4.375,9.75,4.625,10.5],"tintindex":0,"rotation":0,"texture":"#0"},"up":{"uv":[5.5,4.5,5.375,4.25],"tintindex":0,"rotation":0,"texture":"#0"},"down":{"uv":[5.5,4.625,5.375,4.875],"tintindex":0,"rotation":0,"texture":"#0"}},"rotation":{"origin":[3.8000002,24.18763,-2.016986],"angle":45.0,"axis":"x"}},{"from":[3.25,13.919865,-3.9563255],"to":[7.25,18.919865,2.0436745],"faces":{"east":{"uv":[6.0,9.75,6.75,10.375],"tintindex":0,"rotation":0,"texture":"#0"},"south":{"uv":[10.0,10.625,10.5,11.25],"tintindex":0,"rotation":0,"texture":"#0"},"north":{"uv":[10.625,6.625,11.125,7.25],"tintindex":0,"rotation":0,"texture":"#0"},"west":{"uv":[8.625,10.0,9.375,10.625],"tintindex":0,"rotation":0,"texture":"#0"},"up":{"uv":[11.125,1.5,10.625,0.75],"tintindex":0,"rotation":0,"texture":"#0"},"down":{"uv":[11.125,4.25,10.625,5.0],"tintindex":0,"rotation":0,"texture":"#0"}},"rotation":{"origin":[5.25,16.419865,-0.95632553],"angle":45.0,"axis":"x"}},{"from":[9.475,9.984709,-1.4395685],"to":[12.625,12.28471,-1.4395685],"faces":{"south":{"uv":[11.375,0.0,11.875,0.5],"tintindex":0,"rotation":0,"texture":"#0"},"north":{"uv":[11.875,0.0,11.375,0.5],"tintindex":0,"rotation":0,"texture":"#0"}}},{"from":[3.375,9.984709,-1.4395685],"to":[6.525,12.28471,-1.4395685],"faces":{"south":{"uv":[11.875,0.0,11.375,0.5],"tintindex":0,"rotation":0,"texture":"#0"},"north":{"uv":[11.375,0.0,11.875,0.5],"tintindex":0,"rotation":0,"texture":"#0"}}},{"from":[11.549701,8.065405,2.6104317],"to":[20.549702,19.065405,2.6104317],"faces":{"south":{"uv":[5.375,2.75,6.5,4.125],"tintindex":0,"rotation":0,"texture":"#0"},"north":{"uv":[6.5,2.75,5.375,4.125],"tintindex":0,"rotation":0,"texture":"#0"}},"rotation":{"origin":[16.049702,13.565405,2.6104317],"angle":22.5,"axis":"z"}},{"from":[-4.5497007,8.065405,2.6104317],"to":[4.4502993,19.065405,2.6104317],"faces":{"south":{"uv":[6.5,2.75,5.375,4.125],"tintindex":0,"rotation":0,"texture":"#0"},"north":{"uv":[5.375,2.75,6.5,4.125],"tintindex":0,"rotation":0,"texture":"#0"}},"rotation":{"origin":[-0.049700737,13.565405,2.6104317],"angle":-22.5,"axis":"z"}},{"from":[6.5,9.555801,-4.407093],"to":[9.5,12.555801,6.5929074],"faces":{"east":{"uv":[0.0,9.875,1.375,10.25],"tintindex":0,"rotation":0,"texture":"#0"},"south":{"uv":[2.5,11.5,2.875,11.875],"tintindex":0,"rotation":0,"texture":"#0"},"north":{"uv":[11.5,2.375,11.875,2.75],"tintindex":0,"rotation":0,"texture":"#0"},"west":{"uv":[9.875,3.25,11.25,3.625],"tintindex":0,"rotation":0,"texture":"#0"},"up":{"uv":[5.875,10.75,5.5,9.375],"tintindex":0,"rotation":0,"texture":"#0"},"down":{"uv":[4.25,9.75,3.875,11.125],"tintindex":0,"rotation":0,"texture":"#0"}},"rotation":{"origin":[8.0,11.055801,1.092907],"angle":-22.5,"axis":"x"}},{"from":[2.0778966,11.494486,-1.4895687],"to":[8.077896,13.494486,-1.4895687],"faces":{"south":{"uv":[7.5,2.375,6.75,2.625],"tintindex":0,"rotation":0,"texture":"#0"},"north":{"uv":[6.75,2.375,7.5,2.625],"tintindex":0,"rotation":0,"texture":"#0"}},"rotation":{"origin":[5.0778966,12.494486,-1.4895687],"angle":-22.5,"axis":"z"}}],"display":{"head":{"rotation":[0.0,0.0,0.0]},"firstperson_righthand":{"rotation":[0.0,0.0,0.0]},"thirdperson_lefthand":{"rotation":[0.0,-0.0,-0.0]},"firstperson_lefthand":{"rotation":[0.0,-0.0,-0.0]},"fixed":{"rotation":[0.0,0.0,0.0]},"ground":{"rotation":[0.0,0.0,0.0]},"thirdperson_righthand":{"rotation":[0.0,0.0,0.0]},"gui":{"rotation":[-150.0,-45.0,180.0]}}}