{"textures":{"0":"modelengine:entity/dark_imp","particle":"#0"},"elements":[{"from":[6.5250006,6.714193,5.774766],"to":[9.525001,9.714192,9.774766],"faces":{"east":{"uv":[5.125,6.375,5.625,6.75],"tintindex":0,"rotation":0,"texture":"#0"},"south":{"uv":[3.0,11.875,3.375,12.25],"tintindex":0,"rotation":0,"texture":"#0"},"north":{"uv":[11.875,2.875,12.25,3.25],"tintindex":0,"rotation":0,"texture":"#0"},"west":{"uv":[11.375,3.75,11.875,4.125],"tintindex":0,"rotation":0,"texture":"#0"},"up":{"uv":[7.25,8.875,6.875,8.375],"tintindex":0,"rotation":0,"texture":"#0"},"down":{"uv":[10.5,11.375,10.125,11.875],"tintindex":0,"rotation":0,"texture":"#0"}}},{"from":[7.9750004,6.2858076,2.725234],"to":[7.9750004,9.285808,5.725234],"faces":{"east":{"uv":[11.875,5.75,12.25,6.125],"tintindex":0,"rotation":180,"texture":"#0"},"west":{"uv":[12.25,5.75,11.875,6.125],"tintindex":0,"rotation":180,"texture":"#0"}}}],"display":{"head":{"rotation":[0.0,0.0,0.0]},"firstperson_righthand":{"rotation":[0.0,0.0,0.0]},"thirdperson_lefthand":{"rotation":[0.0,-0.0,-0.0]},"firstperson_lefthand":{"rotation":[0.0,-0.0,-0.0]},"fixed":{"rotation":[0.0,0.0,0.0]},"ground":{"rotation":[0.0,0.0,0.0]},"thirdperson_righthand":{"rotation":[0.0,0.0,0.0]},"gui":{"rotation":[-150.0,-45.0,180.0]}}}