{"textures":{"0":"modelengine:entity/dark_imp","particle":"#0"},"elements":[{"from":[8.016666,9.859272,0.27654696],"to":[8.016666,12.859272,3.276547],"faces":{"east":{"uv":[12.25,5.75,11.875,6.125],"tintindex":0,"rotation":0,"texture":"#0"},"west":{"uv":[11.875,5.75,12.25,6.125],"tintindex":0,"rotation":0,"texture":"#0"}},"rotation":{"origin":[8.016666,11.359272,1.776547],"angle":22.5,"axis":"x"}},{"from":[3.5166664,7.640729,2.723453],"to":[6.5166664,10.640729,8.7234535],"faces":{"east":{"uv":[6.5,11.0,7.25,11.375],"tintindex":0,"rotation":0,"texture":"#0"},"south":{"uv":[8.0,11.75,8.375,12.125],"tintindex":0,"rotation":0,"texture":"#0"},"north":{"uv":[7.5,11.75,7.875,12.125],"tintindex":0,"rotation":0,"texture":"#0"},"west":{"uv":[1.125,11.125,1.875,11.5],"tintindex":0,"rotation":0,"texture":"#0"},"up":{"uv":[3.75,11.75,3.375,11.0],"tintindex":0,"rotation":0,"texture":"#0"},"down":{"uv":[11.625,0.75,11.25,1.5],"tintindex":0,"rotation":0,"texture":"#0"}},"rotation":{"origin":[5.0166664,9.140729,5.723453],"angle":22.5,"axis":"x"}},{"from":[5.0166664,9.859272,0.27654696],"to":[5.0166664,12.859272,3.276547],"faces":{"east":{"uv":[12.25,5.75,11.875,6.125],"tintindex":0,"rotation":0,"texture":"#0"},"west":{"uv":[11.875,5.75,12.25,6.125],"tintindex":0,"rotation":0,"texture":"#0"}},"rotation":{"origin":[5.0166664,11.359272,1.776547],"angle":22.5,"axis":"x"}},{"from":[6.5166664,7.640729,2.723453],"to":[9.516666,10.640729,8.7234535],"faces":{"east":{"uv":[6.5,11.0,7.25,11.375],"tintindex":0,"rotation":0,"texture":"#0"},"south":{"uv":[8.0,11.75,8.375,12.125],"tintindex":0,"rotation":0,"texture":"#0"},"north":{"uv":[7.5,11.75,7.875,12.125],"tintindex":0,"rotation":0,"texture":"#0"},"west":{"uv":[1.125,11.125,1.875,11.5],"tintindex":0,"rotation":0,"texture":"#0"},"up":{"uv":[3.75,11.75,3.375,11.0],"tintindex":0,"rotation":0,"texture":"#0"},"down":{"uv":[11.625,0.75,11.25,1.5],"tintindex":0,"rotation":0,"texture":"#0"}},"rotation":{"origin":[8.016666,9.140729,5.723453],"angle":22.5,"axis":"x"}},{"from":[10.966666,9.859272,0.27654696],"to":[10.966666,12.859272,3.276547],"faces":{"east":{"uv":[12.25,5.75,11.875,6.125],"tintindex":0,"rotation":0,"texture":"#0"},"west":{"uv":[11.875,5.75,12.25,6.125],"tintindex":0,"rotation":0,"texture":"#0"}},"rotation":{"origin":[10.966666,11.359272,1.776547],"angle":22.5,"axis":"x"}},{"from":[9.466666,7.640729,2.723453],"to":[12.466666,10.640729,8.7234535],"faces":{"east":{"uv":[6.5,11.0,7.25,11.375],"tintindex":0,"rotation":0,"texture":"#0"},"south":{"uv":[8.0,11.75,8.375,12.125],"tintindex":0,"rotation":0,"texture":"#0"},"north":{"uv":[7.5,11.75,7.875,12.125],"tintindex":0,"rotation":0,"texture":"#0"},"west":{"uv":[1.125,11.125,1.875,11.5],"tintindex":0,"rotation":0,"texture":"#0"},"up":{"uv":[3.75,11.75,3.375,11.0],"tintindex":0,"rotation":0,"texture":"#0"},"down":{"uv":[11.625,0.75,11.25,1.5],"tintindex":0,"rotation":0,"texture":"#0"}},"rotation":{"origin":[10.966666,9.140729,5.723453],"angle":22.5,"axis":"x"}}],"display":{"head":{"rotation":[0.0,0.0,0.0]},"firstperson_righthand":{"rotation":[0.0,0.0,0.0]},"thirdperson_lefthand":{"rotation":[0.0,-0.0,-0.0]},"firstperson_lefthand":{"rotation":[0.0,-0.0,-0.0]},"fixed":{"rotation":[0.0,0.0,0.0]},"ground":{"rotation":[0.0,0.0,0.0]},"thirdperson_righthand":{"rotation":[0.0,0.0,0.0]},"gui":{"rotation":[-150.0,-45.0,180.0]}}}