{"textures":{"0":"modelengine:entity/dark_imp","particle":"#0"},"elements":[{"from":[5.3958335,0.20662975,1.8331776],"to":[11.395834,9.20663,9.833178],"faces":{"east":{"uv":[7.375,6.625,8.375,7.75],"tintindex":0,"rotation":0,"texture":"#0"},"south":{"uv":[8.5,6.25,9.25,7.375],"tintindex":0,"rotation":0,"texture":"#0"},"north":{"uv":[8.5,5.0,9.25,6.125],"tintindex":0,"rotation":0,"texture":"#0"},"west":{"uv":[2.375,7.75,3.375,8.875],"tintindex":0,"rotation":0,"texture":"#0"},"up":{"uv":[9.75,4.5,9.0,3.5],"tintindex":0,"rotation":0,"texture":"#0"},"down":{"uv":[7.625,9.0,6.875,10.0],"tintindex":0,"rotation":0,"texture":"#0"}},"rotation":{"origin":[8.395834,4.7066298,5.8331776],"angle":22.5,"axis":"x"}}],"display":{"head":{"rotation":[0.0,0.0,0.0]},"firstperson_righthand":{"rotation":[0.0,0.0,0.0]},"thirdperson_lefthand":{"rotation":[0.0,-0.0,-0.0]},"firstperson_lefthand":{"rotation":[0.0,-0.0,-0.0]},"fixed":{"rotation":[0.0,0.0,0.0]},"ground":{"rotation":[0.0,0.0,0.0]},"thirdperson_righthand":{"rotation":[0.0,0.0,0.0]},"gui":{"rotation":[-150.0,-45.0,180.0]}}}