{"textures":{"0":"modelengine:entity/dark_imp","particle":"#0"},"elements":[{"from":[4.6041665,0.20662975,1.8331776],"to":[10.604166,9.20663,9.833178],"faces":{"east":{"uv":[3.375,7.75,2.375,8.875],"tintindex":0,"rotation":0,"texture":"#0"},"south":{"uv":[9.25,6.25,8.5,7.375],"tintindex":0,"rotation":0,"texture":"#0"},"north":{"uv":[9.25,5.0,8.5,6.125],"tintindex":0,"rotation":0,"texture":"#0"},"west":{"uv":[8.375,6.625,7.375,7.75],"tintindex":0,"rotation":0,"texture":"#0"},"up":{"uv":[9.0,4.5,9.75,3.5],"tintindex":0,"rotation":0,"texture":"#0"},"down":{"uv":[6.875,9.0,7.625,10.0],"tintindex":0,"rotation":0,"texture":"#0"}},"rotation":{"origin":[7.6041665,4.7066298,5.8331776],"angle":22.5,"axis":"x"}}],"display":{"head":{"rotation":[0.0,0.0,0.0]},"firstperson_righthand":{"rotation":[0.0,0.0,0.0]},"thirdperson_lefthand":{"rotation":[0.0,-0.0,-0.0]},"firstperson_lefthand":{"rotation":[0.0,-0.0,-0.0]},"fixed":{"rotation":[0.0,0.0,0.0]},"ground":{"rotation":[0.0,0.0,0.0]},"thirdperson_righthand":{"rotation":[0.0,0.0,0.0]},"gui":{"rotation":[-150.0,-45.0,180.0]}}}