{"textures":{"0":"modelengine:entity/dark_imp","particle":"#0"},"elements":[{"from":[8.45,0.08350372,5.2403755],"to":[14.45,10.083504,13.2403755],"faces":{"east":{"uv":[8.0,4.0,7.0,5.25],"tintindex":0,"rotation":0,"texture":"#0"},"south":{"uv":[0.75,8.5,0.0,9.75],"tintindex":0,"rotation":0,"texture":"#0"},"north":{"uv":[6.75,8.375,6.0,9.625],"tintindex":0,"rotation":0,"texture":"#0"},"west":{"uv":[2.25,7.0,1.25,8.25],"tintindex":0,"rotation":0,"texture":"#0"},"up":{"uv":[7.75,10.0,8.5,9.0],"tintindex":0,"rotation":0,"texture":"#0"},"down":{"uv":[9.25,2.125,10.0,3.125],"tintindex":0,"rotation":0,"texture":"#0"}},"rotation":{"origin":[11.45,5.0835037,9.2403755],"angle":-22.5,"axis":"x"}}],"display":{"head":{"rotation":[0.0,0.0,0.0]},"firstperson_righthand":{"rotation":[0.0,0.0,0.0]},"thirdperson_lefthand":{"rotation":[0.0,-0.0,-0.0]},"firstperson_lefthand":{"rotation":[0.0,-0.0,-0.0]},"fixed":{"rotation":[0.0,0.0,0.0]},"ground":{"rotation":[0.0,0.0,0.0]},"thirdperson_righthand":{"rotation":[0.0,0.0,0.0]},"gui":{"rotation":[-150.0,-45.0,180.0]}}}