{"textures":{"0":"modelengine:entity/dark_imp","particle":"#0"},"elements":[{"from":[2.0,6.499567,2.349639],"to":[14.0,15.499566,10.349639],"faces":{"east":{"uv":[0.0,7.25,1.0,8.375],"tintindex":0,"rotation":0,"texture":"#0"},"south":{"uv":[3.75,3.75,5.25,4.875],"tintindex":0,"rotation":0,"texture":"#0"},"north":{"uv":[3.75,2.5,5.25,3.625],"tintindex":0,"rotation":0,"texture":"#0"},"west":{"uv":[7.375,5.375,8.375,6.5],"tintindex":0,"rotation":0,"texture":"#0"},"up":{"uv":[7.125,1.0,5.625,0.0],"tintindex":0,"rotation":0,"texture":"#0"},"down":{"uv":[7.25,5.75,5.75,6.75],"tintindex":0,"rotation":0,"texture":"#0"}},"rotation":{"origin":[8.0,10.999567,6.349639],"angle":-22.5,"axis":"x"}}],"display":{"head":{"rotation":[0.0,0.0,0.0]},"firstperson_righthand":{"rotation":[0.0,0.0,0.0]},"thirdperson_lefthand":{"rotation":[0.0,-0.0,-0.0]},"firstperson_lefthand":{"rotation":[0.0,-0.0,-0.0]},"fixed":{"rotation":[0.0,0.0,0.0]},"ground":{"rotation":[0.0,0.0,0.0]},"thirdperson_righthand":{"rotation":[0.0,0.0,0.0]},"gui":{"rotation":[-150.0,-45.0,180.0]}}}